year,person_id,wealth,income,industry,bankrupt,rank,switched_industry
1,0,0.48383388,0.57125366,土木,False,91,False
1,1,1.4604825,0.9806607,制造,False,42,False
1,2,1.0420233,0.7364568,制造,False,68,False
1,3,3.670839,2.506527,土木,False,10,False
1,4,1.85403,2.4489584,土木,False,32,False
1,5,2.2662532,0.954749,教育,False,22,False
1,6,0.27337566,1.1116247,土木,False,99,False
1,7,5.9983263,1.364388,土木,False,3,False
1,8,0.9214333,0.44863093,制造,False,74,False
1,9,2.5601866,11.968782,土木,False,20,False
1,10,3.0117242,1.7000843,土木,False,14,False
1,11,1.8833438,0.74834275,制造,False,31,False
1,12,0.543594,1.3742898,制造,False,88,False
1,13,1.6100427,0.79312575,土木,False,37,False
1,14,1.1186634,0.93183,土木,False,62,False
1,15,8.874389,0.9184741,制造,False,1,False
1,16,0.4336508,0.36811632,制造,False,93,False
1,17,0.99920344,0.72353184,互联网,False,71,False
1,18,0.76882017,1.0303764,土木,False,79,False
1,19,1.4270121,0.60061026,金融,False,44,False
1,20,1.0242156,1.4451017,教育,False,69,False
1,21,0.5665728,1.6970308,制造,False,87,False
1,22,0.62447625,0.41650188,土木,False,86,False
1,23,8.623135,1.594253,互联网,False,2,False
1,24,1.2507524,0.4400732,互联网,False,52,False
1,25,1.2545568,0.48891068,土木,False,51,False
1,26,2.247236,1.8309727,制造,False,24,False
1,27,1.0433336,0.50719446,土木,False,67,False
1,28,1.2456911,0.5256956,土木,False,55,False
1,29,1.2195339,0.8781913,土木,False,57,False
1,30,0.71451575,0.93935734,制造,False,81,False
1,31,2.11357,1.0271192,制造,False,25,False
1,32,5.391818,0.59884024,制造,False,6,False
1,33,1.3687272,0.9940618,土木,False,46,False
1,34,2.9223773,0.5788419,互联网,False,16,False
1,35,0.6571185,1.3751907,土木,False,85,False
1,36,1.9089024,0.66764283,教育,False,29,False
1,37,2.7707877,7.3851657,制造,False,19,False
1,38,1.1533273,0.94333196,制造,False,61,False
1,39,5.784355,1.3098664,互联网,False,4,False
1,40,1.0681845,0.43214604,互联网,False,65,False
1,41,1.363039,0.8136292,互联网,False,47,False
1,42,1.1642276,1.1350287,土木,False,60,False
1,43,1.5866466,0.75880146,互联网,False,39,False
1,44,0.953488,1.4922,土木,False,73,False
1,45,1.4457073,1.0659084,互联网,False,43,False
1,46,2.8705661,0.84567064,教育,False,17,False
1,47,2.4017627,0.6770825,教育,False,21,False
1,48,5.618502,1.3110665,制造,False,5,False
1,49,4.220837,1.2217172,制造,False,8,False
1,50,0.48225516,0.4148289,金融,False,92,False
1,51,1.2686254,1.5248349,土木,False,49,False
1,52,2.026576,0.92947346,制造,False,28,False
1,53,0.98360753,1.1472012,制造,False,72,False
1,54,1.0647652,1.5756172,土木,False,66,False
1,55,3.7404113,16.810265,土木,False,9,False
1,56,0.5295369,1.0165056,土木,False,89,False
1,57,2.094364,1.3740345,土木,False,27,False
1,58,0.4132036,0.5267267,土木,False,96,False
1,59,1.6576627,1.391757,教育,False,34,False
1,60,0.6967958,0.630579,教育,False,83,False
1,61,3.526109,0.6262244,互联网,False,11,False
1,62,0.7626958,1.4113364,制造,False,80,False
1,63,1.2466605,0.30744892,金融,False,54,False
1,64,2.9398437,1.5039889,制造,False,15,False
1,65,1.2658114,0.9542601,制造,False,50,False
1,66,1.3211071,0.97493774,教育,False,48,False
1,67,0.69992745,1.1123306,土木,False,82,False
1,68,3.507559,1.1557099,制造,False,12,False
1,69,1.8983991,1.1305411,制造,False,30,False
1,70,0.6813732,1.0689849,教育,False,84,False
1,71,1.3794804,0.8169467,教育,False,45,False
1,72,1.6360779,6.6161056,土木,False,35,False
1,73,1.0155153,1.1723043,土木,False,70,False
1,74,0.42609683,0.75890195,互联网,False,94,False
1,75,1.5736516,1.0206923,制造,False,40,False
1,76,0.418706,0.46087182,互联网,False,95,False
1,77,0.7727494,0.61264116,教育,False,78,False
1,78,4.48263,0.7401769,土木,False,7,False
1,79,1.0766339,0.52527153,土木,False,64,False
1,80,0.86430115,0.8149514,土木,False,75,False
1,81,1.6216592,0.7029527,制造,False,36,False
1,82,1.2063302,1.1508168,土木,False,58,False
1,83,1.2468429,0.49423343,土木,False,53,False
1,84,1.6018124,1.2891704,教育,False,38,False
1,85,1.5211354,0.18627663,教育,False,41,False
1,86,1.7135416,1.1262817,土木,False,33,False
1,87,1.1715397,0.16960408,土木,False,59,False
1,88,0.36209854,0.66653717,教育,False,97,False
1,89,2.1105425,0.9289254,土木,False,26,False
1,90,0.7946635,0.6265773,制造,False,77,False
1,91,1.0877281,1.0435809,制造,False,63,False
1,92,3.014999,0.9450967,土木,False,13,False
1,93,0.1996938,0.45566115,教育,False,100,False
1,94,2.7761564,0.9553449,土木,False,18,False
1,95,0.48603904,0.5569394,制造,False,90,False
1,96,0.31618065,0.64093447,教育,False,98,False
1,97,1.2278402,0.68209016,土木,False,56,False
1,98,0.81080574,1.3316535,教育,False,76,False
1,99,2.259861,0.6423618,土木,False,23,False
2,0,0.56670946,0.66793376,土木,False,92,False
2,1,1.3918725,0.9859784,制造,False,54,False
2,2,1.0890793,0.55119514,制造,False,66,False
2,3,4.3099303,1.2942631,土木,False,10,False
2,4,2.6322453,3.0318758,土木,False,21,False
2,5,2.2955961,0.8728743,教育,False,23,False
2,6,0.31177434,0.88507485,土木,False,99,False
2,7,6.5410743,2.38526,土木,False,4,False
2,8,0.95312506,0.3622543,制造,False,75,False
2,9,3.6076643,9.2418585,土木,False,12,False
2,10,4.1760983,2.935388,土木,False,11,False
2,11,1.8767079,0.22011021,制造,False,36,False
2,12,0.8620269,1.3942001,制造,False,79,False
2,13,1.6132416,0.82340777,土木,False,42,False
2,14,0.9774403,1.0327057,土木,False,73,False
2,15,9.633505,0.7260732,制造,False,1,False
2,16,0.61449564,0.703948,制造,False,88,False
2,17,1.0208778,0.8750555,互联网,False,72,False
2,18,0.7626822,1.1998984,土木,False,85,False
2,19,1.4444395,0.51764214,金融,False,48,False
2,20,1.0572779,0.7050695,教育,False,69,False
2,21,0.8406703,1.446919,制造,False,80,False
2,22,0.59105694,0.5767751,土木,False,90,False
2,23,9.021394,0.9267431,互联网,False,2,False
2,24,1.2975353,0.82627165,互联网,False,58,False
2,25,1.306119,1.0119193,土木,False,56,False
2,26,2.2567234,1.0611342,制造,False,25,False
2,27,0.9431356,0.50645554,土木,False,76,False
2,28,1.3003598,0.39115226,土木,False,57,False
2,29,1.5786375,1.9332871,土木,False,44,False
2,30,0.8002049,1.0143049,制造,False,83,False
2,31,2.258999,0.9180794,制造,False,24,False
2,32,5.3994503,0.6057968,制造,False,7,False
2,33,1.8900521,1.4871897,土木,False,32,False
2,34,2.9457269,0.6648895,互联网,False,16,False
2,35,0.7282378,1.223609,土木,False,87,False
2,36,1.9808658,0.8198819,教育,False,31,False
2,37,2.7815766,8.265657,制造,False,20,False
2,38,1.2412926,1.0809333,制造,False,60,False
2,39,5.9578295,1.3145831,互联网,False,5,False
2,40,1.0252233,0.52624995,互联网,False,71,False
2,41,1.4646968,0.9095847,互联网,False,47,False
2,42,1.3686433,1.6838139,土木,False,55,False
2,43,1.6757787,0.4434032,互联网,False,40,False
2,44,0.935043,1.2325423,土木,False,77,False
2,45,1.5794085,0.59816396,互联网,False,43,False
2,46,2.9187682,0.7014337,教育,False,17,False
2,47,2.179793,0.83877015,教育,False,27,False
2,48,5.8352833,0.5837979,制造,False,6,False
2,49,4.964512,1.8624781,制造,False,8,False
2,50,0.5169561,0.44193402,金融,False,93,False
2,51,1.4134334,0.78974223,土木,False,52,False
2,52,2.0412934,1.0584744,制造,False,29,False
2,53,1.072128,1.1636518,制造,False,67,False
2,54,1.8798158,3.5072763,土木,False,35,False
2,55,7.0013957,18.611374,土木,False,3,False
2,56,0.60225105,1.6154827,土木,False,89,False
2,57,2.160569,1.3215352,土木,False,28,False
2,58,0.43308198,0.65824777,土木,False,96,False
2,59,1.6134617,0.7197622,教育,False,41,False
2,60,0.8096528,0.78851795,教育,False,82,False
2,61,2.878096,1.3947968,互联网,False,19,False
2,62,1.0457988,1.6175969,制造,False,70,False
2,63,1.2352808,0.32622266,金融,False,62,False
2,64,2.9084744,1.0390695,制造,False,18,False
2,65,1.1228727,0.80566597,制造,False,64,False
2,66,1.5638691,0.9076518,教育,False,45,False
2,67,0.9559186,0.90528685,土木,False,74,False
2,68,3.5594914,0.7469441,制造,False,13,False
2,69,1.8812728,1.0478737,制造,False,34,False
2,70,0.83974284,0.9268744,教育,False,81,False
2,71,1.4146315,0.73861575,教育,False,51,False
2,72,2.0233734,8.13129,土木,False,30,False
2,73,1.0636542,1.3214955,土木,False,68,False
2,74,0.56925297,0.58971053,互联网,False,91,False
2,75,1.7939364,0.90566605,制造,False,37,False
2,76,0.4271132,0.32045713,互联网,False,97,False
2,77,0.7600612,0.8340529,教育,False,86,False
2,78,4.9084845,0.740948,土木,False,9,False
2,79,1.0933105,0.8175311,土木,False,65,False
2,80,0.87624514,0.7659665,土木,False,78,False
2,81,1.7581296,1.4085394,制造,False,38,False
2,82,1.2409781,0.93023455,土木,False,61,False
2,83,1.2525119,0.35263935,土木,False,59,False
2,84,1.7445887,0.8046624,教育,False,39,False
2,85,1.4929999,0.20727216,教育,False,46,False
2,86,1.8815498,1.1338327,土木,False,33,False
2,87,1.3979194,1.0275998,土木,False,53,False
2,88,0.43585512,0.5979408,教育,False,95,False
2,89,2.2076511,1.135335,土木,False,26,False
2,90,0.77382886,0.5488129,制造,False,84,False
2,91,1.4196601,2.0454526,制造,False,49,False
2,92,3.0819247,1.0234921,土木,False,14,False
2,93,0.2045937,0.34340587,教育,False,100,False
2,94,2.9640145,1.0827957,土木,False,15,False
2,95,0.44133472,0.4722224,制造,False,94,False
2,96,0.38396776,0.45786712,教育,False,98,False
2,97,1.418101,1.2349088,土木,False,50,False
2,98,1.1361641,1.0263226,教育,False,63,False
2,99,2.4479215,0.8376982,土木,False,22,False
3,0,0.62470764,0.5054241,土木,False,91,False
3,1,1.5879059,0.76390517,制造,False,47,False
3,2,1.188484,0.65067035,制造,False,68,False
3,3,5.6663404,2.0085595,土木,False,8,False
3,4,3.2729719,2.4455385,土木,False,14,False
3,5,2.484125,0.51903486,教育,False,25,False
3,6,0.3189416,1.0304942,土木,False,99,False
3,7,6.836298,1.6542778,土木,False,4,False
3,8,0.9830203,0.5275378,制造,False,78,False
3,9,5.17897,7.475854,土木,False,10,False
3,10,5.158985,2.8410976,土木,False,11,False
3,11,1.9268373,0.34544215,制造,False,39,False
3,12,2.4689276,7.8653803,制造,False,26,False
3,13,1.5329157,0.6633182,土木,False,51,False
3,14,0.89787906,0.8347741,土木,False,82,False
3,15,9.401828,0.8077951,制造,False,2,False
3,16,1.0357978,1.3392888,制造,False,75,False
3,17,1.0738021,1.4943649,互联网,False,74,False
3,18,0.75005674,0.70168334,土木,False,87,False
3,19,1.5108248,0.77771634,金融,False,52,False
3,20,1.1236305,0.18242982,教育,False,72,False
3,21,1.1849356,1.7646352,制造,False,69,False
3,22,0.634917,0.5347336,土木,False,89,False
3,23,9.259601,1.572704,互联网,False,3,False
3,24,1.3059403,0.5719198,互联网,False,61,False
3,25,1.3459624,0.5411775,土木,False,56,False
3,26,2.401838,2.0453408,制造,False,28,False
3,27,0.9779664,0.46084723,土木,False,79,False
3,28,1.2787447,0.36382413,土木,False,62,False
3,29,2.000589,1.5872812,土木,False,36,False
3,30,0.9578605,0.77419215,制造,False,81,False
3,31,2.4292789,0.55925995,制造,False,27,False
3,32,5.8810797,0.76828927,制造,False,7,False
3,33,2.0534105,1.1781578,土木,False,34,False
3,34,2.987198,0.5809826,互联网,False,19,False
3,35,0.5118191,1.036531,土木,False,94,False
3,36,2.0938554,1.0891005,教育,False,33,False
3,37,3.0014212,10.231637,制造,False,18,False
3,38,1.3151035,1.2325675,制造,False,59,False
3,39,6.570256,1.0014392,互联网,False,5,False
3,40,1.0151157,0.65722156,互联网,False,76,False
3,41,1.4935393,0.8692169,互联网,False,53,False
3,42,1.3271602,0.9627988,土木,False,58,False
3,43,1.8090537,0.51498806,互联网,False,42,False
3,44,1.012629,1.4829553,土木,False,77,False
3,45,2.0328145,1.3996786,互联网,False,35,False
3,46,2.8978302,0.7149026,教育,False,21,False
3,47,2.487652,0.6998575,教育,False,24,False
3,48,6.004576,0.49521634,制造,False,6,False
3,49,5.572738,1.767035,制造,False,9,False
3,50,0.58636457,0.29725716,金融,False,92,False
3,51,1.6231564,0.94711995,土木,False,46,False
3,52,2.141045,1.6176193,制造,False,32,False
3,53,1.3143777,2.3094416,制造,False,60,False
3,54,2.6230145,2.203347,土木,False,23,False
3,55,9.877564,17.586138,土木,False,1,False
3,56,0.63182443,0.7352699,土木,False,90,False
3,57,2.3975923,1.0233071,土木,False,29,False
3,58,0.44227788,0.48055878,土木,False,96,False
3,59,1.7455627,1.5508541,教育,False,44,False
3,60,0.89355206,0.75922835,教育,False,83,False
3,61,3.1645107,0.9750348,互联网,False,16,False
3,62,1.1485497,1.051247,制造,False,71,False
3,63,1.2204976,0.25014955,金融,False,65,False
3,64,2.946459,1.565718,制造,False,20,False
3,65,1.2170318,1.2618797,制造,False,66,False
3,66,1.779693,1.9037958,教育,False,43,False
3,67,1.2742499,0.88927186,土木,False,63,False
3,68,3.7510467,1.0840749,制造,False,13,False
3,69,1.9912437,1.1760857,制造,False,37,False
3,70,0.9723905,0.63297147,教育,False,80,False
3,71,1.469068,0.69256717,教育,False,54,False
3,72,2.1628034,5.248159,土木,False,31,False
3,73,1.1783031,0.7549743,土木,False,70,False
3,74,0.6931709,0.4744981,互联网,False,88,False
3,75,1.8732685,0.74601203,制造,False,41,False
3,76,0.44429407,0.48700404,互联网,False,95,False
3,77,0.76808727,0.6634298,教育,False,86,False
3,78,5.079315,0.9845843,土木,False,12,False
3,79,1.11681,0.4766224,土木,False,73,False
3,80,0.89219236,0.665693,土木,False,84,False
3,81,1.7164105,0.854215,制造,False,45,False
3,82,1.2562597,0.9764716,土木,False,64,False
3,83,1.2117361,0.7486456,土木,False,67,False
3,84,1.9154756,1.0670589,教育,False,40,False
3,85,1.5692314,0.11855749,教育,False,49,False
3,86,1.9824347,0.78893757,土木,False,38,False
3,87,1.3452523,1.0885974,土木,False,57,False
3,88,0.5379915,0.7873193,教育,False,93,False
3,89,2.3611557,0.968628,土木,False,30,False
3,90,0.81036234,0.4162435,制造,False,85,False
3,91,1.5738624,1.2298325,制造,False,48,False
3,92,3.033852,1.0022345,土木,False,17,False
3,93,0.21725522,0.30983618,教育,False,100,False
3,94,3.2037027,1.3261181,土木,False,15,False
3,95,0.39928117,0.34677774,制造,False,98,False
3,96,0.40610036,0.4775975,教育,False,97,False
3,97,1.4615666,0.44933727,土木,False,55,False
3,98,1.536473,1.6911364,教育,False,50,False
3,99,2.6327643,0.6777121,土木,False,22,False
4,0,0.6673916,0.33637512,土木,False,90,False
4,1,1.6986395,0.9814121,制造,False,48,False
4,2,1.2403831,0.39781958,制造,False,70,False
4,3,6.622484,1.5329435,土木,False,6,False
4,4,3.917977,2.9044096,土木,False,13,False
4,5,2.5301783,0.72978795,教育,False,30,False
4,6,0.34481716,1.2038175,土木,False,99,False
4,7,8.356263,1.8539178,土木,False,3,False
4,8,0.97178453,0.27795702,制造,False,83,False
4,9,6.1603413,5.36093,土木,False,7,False
4,10,5.6358333,2.199952,土木,False,11,False
4,11,2.0344272,0.41522506,制造,False,40,False
4,12,2.6641054,1.3818451,制造,False,26,False
4,13,1.6279331,0.314619,土木,False,52,False
4,14,0.81046546,0.9664075,土木,False,87,False
4,15,8.057938,0.57023495,制造,False,4,False
4,16,1.2961086,0.58549625,制造,False,66,False
4,17,1.0381656,0.80433,互联网,False,78,False
4,18,0.7555379,0.62512994,土木,False,88,False
4,19,1.6435275,0.8765315,金融,False,50,False
4,20,1.3070278,1.0338758,教育,False,65,False
4,21,1.3439252,1.6902946,制造,False,61,False
4,22,0.6829731,0.3471079,土木,False,89,False
4,23,9.194479,2.291641,互联网,False,2,False
4,24,1.2485555,0.7109247,互联网,False,69,False
4,25,1.2509526,0.6725987,土木,False,68,False
4,26,2.6424499,1.086203,制造,False,27,False
4,27,0.9835164,0.6314031,土木,False,81,False
4,28,1.3115292,0.30396998,土木,False,64,False
4,29,2.2631013,1.1105891,土木,False,33,False
4,30,1.0657704,0.92533153,制造,False,77,False
4,31,2.537563,0.46188724,制造,False,29,False
4,32,6.1305733,0.6855363,制造,False,8,False
4,33,2.7379231,1.4512433,土木,False,24,False
4,34,3.0488722,0.4753592,互联网,False,21,False
4,35,0.5003544,0.73310465,土木,False,94,False
4,36,2.2442422,0.7931353,教育,False,36,False
4,37,3.2862148,17.439272,制造,False,18,False
4,38,1.3911414,1.1890072,制造,False,60,False
4,39,7.589282,0.7930803,互联网,False,5,False
4,40,1.1206703,0.5020912,互联网,False,75,False
4,41,1.5753433,0.8597259,互联网,False,54,False
4,42,1.528117,1.4795054,土木,False,57,False
4,43,1.9283513,0.5918115,互联网,False,44,False
4,44,1.1975386,0.9354415,土木,False,73,False
4,45,2.470481,1.3439856,互联网,False,31,False
4,46,3.1104538,0.9033645,教育,False,20,False
4,47,2.576129,0.8782792,教育,False,28,False
4,48,6.099401,0.72066426,制造,False,9,False
4,49,6.0672703,1.6596588,制造,False,10,False
4,50,0.6544059,0.34056243,金融,False,91,False
4,51,1.6298387,0.87670594,土木,False,51,False
4,52,2.1720688,1.8667334,制造,False,37,False
4,53,1.4783722,1.0035607,制造,False,58,False
4,54,2.807075,1.4068426,土木,False,23,False
4,55,11.716944,12.2259,土木,False,1,False
4,56,0.6426403,0.7313685,土木,False,92,False
4,57,2.9107072,0.9875835,土木,False,22,False
4,58,0.43717852,0.21048267,土木,False,97,False
4,59,2.002462,1.3848879,教育,False,41,False
4,60,0.9834997,0.62534267,教育,False,82,False
4,61,3.4461336,1.4806832,互联网,False,16,False
4,62,1.3137193,1.2995598,制造,False,63,False
4,63,1.2072022,0.22284588,金融,False,71,False
4,64,3.4498067,1.3974181,制造,False,15,False
4,65,1.0227783,1.0598319,制造,False,79,False
4,66,1.9506638,1.0790168,教育,False,42,False
4,67,1.4480046,0.6701664,土木,False,59,False
4,68,3.8360267,0.7774566,制造,False,14,False
4,69,2.0928862,0.70222944,制造,False,38,False
4,70,1.2017523,1.2930722,教育,False,72,False
4,71,1.5803803,0.49804816,教育,False,53,False
4,72,2.26138,2.9956524,土木,False,34,False
4,73,1.1249424,0.5198872,土木,False,74,False
4,74,0.9266379,1.0273596,互联网,False,84,False
4,75,1.9474515,0.63869554,制造,False,43,False
4,76,0.46544033,0.46838754,互联网,False,96,False
4,77,0.86409354,0.47564638,教育,False,85,False
4,78,5.4302235,0.6946036,土木,False,12,False
4,79,1.10128,0.40258098,土木,False,76,False
4,80,0.9869073,1.7117187,土木,False,80,False
4,81,1.720222,0.754619,制造,False,47,False
4,82,1.330807,0.38083693,土木,False,62,False
4,83,1.2830766,0.35044393,土木,False,67,False
4,84,2.2446215,1.2335191,教育,False,35,False
4,85,1.5740428,0.19509166,教育,False,56,False
4,86,2.0897002,0.3160933,土木,False,39,False
4,87,1.648313,0.6659782,土木,False,49,False
4,88,0.61144096,0.52485,教育,False,93,False
4,89,2.422207,0.75344306,土木,False,32,False
4,90,0.84755,0.49849278,制造,False,86,False
4,91,1.8182075,2.1342864,制造,False,45,False
4,92,3.1372905,0.6175276,土木,False,19,False
4,93,0.21801846,0.20272334,教育,False,100,False
4,94,3.405276,0.5624523,土木,False,17,False
4,95,0.42561164,0.33597526,制造,False,98,False
4,96,0.47023106,0.68411106,教育,False,95,False
4,97,1.5743122,0.56005245,土木,False,55,False
4,98,1.7466385,1.5162818,教育,False,46,False
4,99,2.7370718,0.516646,土木,False,25,False
5,0,0.78010607,0.59262836,土木,False,88,False
5,1,1.631118,0.88249665,制造,False,57,False
5,2,1.3174247,0.24412967,制造,False,70,False
5,3,7.650905,1.6191622,土木,False,7,False
5,4,4.2358665,2.5034332,土木,False,14,False
5,5,2.5466454,0.60136896,教育,False,33,False
5,6,0.3469833,1.0942798,土木,False,99,False
5,7,9.175322,1.2338212,土木,False,3,False
5,8,0.9733671,0.16717106,制造,False,84,False
5,9,8.490657,12.919422,土木,False,5,False
5,10,6.882625,2.8810627,土木,False,9,False
5,11,2.0810635,0.36480787,制造,False,44,False
5,12,2.910157,2.4268024,制造,False,26,False
5,13,1.5848835,0.50243765,土木,False,58,False
5,14,0.9197391,1.7126216,土木,False,86,False
5,15,8.975481,0.89654994,制造,False,4,False
5,16,1.4652257,0.6014969,制造,False,62,False
5,17,1.0081875,0.8171099,互联网,False,82,False
5,18,0.8391395,1.2277037,土木,False,87,False
5,19,1.8264469,0.58391786,金融,False,48,False
5,20,1.4889529,0.7988102,教育,False,61,False
5,21,1.6678635,2.12012,制造,False,54,False
5,22,0.62665904,0.38869363,土木,False,92,False
5,23,9.351047,1.4458909,互联网,False,2,False
5,24,1.3180684,0.73903424,互联网,False,69,False
5,25,1.3808311,0.47786498,土木,False,63,False
5,26,2.835529,2.3334975,制造,False,27,False
5,27,1.1434644,2.991814,土木,False,76,False
5,28,1.3762723,0.3033754,土木,False,65,False
5,29,2.690081,1.6147934,土木,False,29,False
5,30,1.1307764,0.6616348,制造,False,77,False
5,31,1.823898,0.4147266,制造,False,49,False
5,32,5.994814,0.6510016,制造,False,11,False
5,33,2.7409275,0.19570658,土木,False,28,False
5,34,3.0989606,0.55293876,互联网,False,23,False
5,35,0.5544491,0.5730153,土木,False,94,False
5,36,2.3528337,0.87210554,教育,False,37,False
5,37,3.4847043,12.390734,制造,False,18,False
5,38,1.2759768,0.8511522,制造,False,71,False
5,39,8.303562,0.678809,互联网,False,6,False
5,40,1.1039282,0.47068375,互联网,False,79,False
5,41,1.5715967,0.97217304,互联网,False,59,False
5,42,1.6819143,1.0647963,土木,False,53,False
5,43,2.0838475,0.7759239,互联网,False,43,False
5,44,1.2692515,1.0897526,土木,False,72,False
5,45,3.190699,1.479911,互联网,False,22,False
5,46,3.220159,0.7839529,教育,False,21,False
5,47,2.5630705,0.7950549,教育,False,30,False
5,48,6.3811793,0.6220941,制造,False,10,False
5,49,7.1733084,3.2807617,制造,False,8,False
5,50,0.590524,0.2728388,金融,False,93,False
5,51,1.7043769,1.0782859,土木,False,51,False
5,52,2.3577464,2.1072867,制造,False,36,False
5,53,1.7820828,1.1411313,制造,False,50,False
5,54,3.0466266,1.3740668,土木,False,24,False
5,55,15.49782,26.074888,土木,False,1,False
5,56,0.66553116,0.89282787,土木,False,91,False
5,57,3.285763,0.86102504,土木,False,20,False
5,58,0.4423139,0.33218154,土木,False,98,False
5,59,2.3217537,1.6471541,教育,False,38,False
5,60,1.0244464,0.44734955,教育,False,80,False
5,61,3.7013803,0.727496,互联网,False,15,False
5,62,1.3777392,0.9539747,制造,False,64,False
5,63,1.2347938,0.29003942,金融,False,73,False
5,64,3.6308753,2.0477986,制造,False,16,False
5,65,1.0060463,0.80688167,制造,False,83,False
5,66,2.2213416,1.4768723,教育,False,40,False
5,67,1.8882589,1.112935,土木,False,47,False
5,68,4.3407583,1.1187314,制造,False,13,False
5,69,2.4121265,1.6330837,制造,False,34,False
5,70,1.3409745,1.2024429,教育,False,67,False
5,71,1.6336248,0.71591157,教育,False,56,False
5,72,2.0141823,2.8115711,土木,False,45,False
5,73,1.2103233,0.49733248,土木,False,74,False
5,74,1.1683555,1.026559,互联网,False,75,False
5,75,2.104428,0.7842284,制造,False,42,False
5,76,0.46706918,0.23802345,互联网,False,96,False
5,77,0.9358196,0.57018995,教育,False,85,False
5,78,5.887279,0.5066057,土木,False,12,False
5,79,1.1040486,0.47357082,土木,False,78,False
5,80,1.0185747,0.75086516,土木,False,81,False
5,81,1.659686,0.85563457,制造,False,55,False
5,82,1.3212466,0.570717,土木,False,68,False
5,83,1.3762541,0.535672,土木,False,66,False
5,84,2.5567782,2.1228206,教育,False,31,False
5,85,1.5263782,0.095188275,教育,False,60,False
5,86,2.1263463,0.7236808,土木,False,41,False
5,87,2.006955,1.2774597,土木,False,46,False
5,88,0.67847556,0.54977524,教育,False,90,False
5,89,2.5559335,0.821727,土木,False,32,False
5,90,0.768714,0.5637294,制造,False,89,False
5,91,2.2286153,2.30513,制造,False,39,False
5,92,3.2899787,0.4942406,土木,False,19,False
5,93,0.22075786,0.27132022,教育,False,100,False
5,94,3.5653062,1.0506438,土木,False,17,False
5,95,0.44454283,0.40732065,制造,False,97,False
5,96,0.5454608,0.90704674,教育,False,95,False
5,97,1.6864097,0.4727913,土木,False,52,False
5,98,2.3628979,2.551768,教育,False,35,False
5,99,3.002109,0.79461455,土木,False,25,False
6,0,0.8670198,0.41901246,土木,False,88,False
6,1,1.6624845,0.7099938,制造,False,57,False
6,2,1.4036797,0.5009924,制造,False,68,False
6,3,7.7603707,1.6133006,土木,False,7,False
6,4,5.015356,2.5518293,土木,False,13,False
6,5,2.6831346,0.87320083,教育,False,34,False
6,6,0.34958473,1.120098,土木,False,99,False
6,7,10.314842,1.5929273,土木,False,2,False
6,8,0.96222883,0.21396078,制造,False,84,False
6,9,9.367119,7.8486233,土木,False,4,False
6,10,7.7164483,3.3362966,土木,False,8,False
6,11,2.2570446,0.4817488,制造,False,40,False
6,12,3.652007,2.9416888,制造,False,19,False
6,13,1.6600661,0.8683684,土木,False,58,False
6,14,0.96688646,2.0190308,土木,False,83,False
6,15,9.329102,0.7713747,制造,False,5,False
6,16,1.6201241,0.39973748,制造,False,59,False
6,17,1.1557881,1.2261573,互联网,False,79,False
6,18,0.8761252,0.7917858,土木,False,87,False
6,19,2.0206692,0.94934165,金融,False,46,False
6,20,1.7131093,0.8802188,教育,False,55,False
6,21,1.7832521,1.4683313,制造,False,54,False
6,22,0.637605,0.3910574,土木,False,92,False
6,23,9.484605,2.0400567,互联网,False,3,False
6,24,1.3275115,0.48745143,互联网,False,71,False
6,25,1.4459083,0.6344412,土木,False,65,False
6,26,2.863632,2.508858,制造,False,30,False
6,27,1.1931661,0.40180388,土木,False,77,False
6,28,1.427191,0.2106364,土木,False,67,False
6,29,2.8640485,1.1905682,土木,False,29,False
6,30,1.3137043,1.4389682,制造,False,72,False
6,31,1.8425939,0.76420254,制造,False,50,False
6,32,6.201935,0.6738128,制造,False,10,False
6,33,3.6177642,1.55217,土木,False,20,False
6,34,3.0911078,0.31199628,互联网,False,27,False
6,35,0.5373451,0.9877597,土木,False,95,False
6,36,1.9772325,0.76989055,教育,False,48,False
6,37,3.683698,9.533471,制造,False,18,False
6,38,1.276267,1.3332232,制造,False,73,False
6,39,9.0082655,1.1795698,互联网,False,6,False
6,40,1.0485677,0.3876221,互联网,False,82,False
6,41,1.5970895,0.8497653,互联网,False,60,False
6,42,1.8288699,1.1065927,土木,False,51,False
6,43,2.2561135,0.6252706,互联网,False,41,False
6,44,1.5011787,1.4536579,土木,False,64,False
6,45,3.7003174,1.380196,互联网,False,17,False
6,46,3.3737032,0.773909,教育,False,23,False
6,47,2.7275243,0.63624823,教育,False,33,False
6,48,6.55444,0.42079473,制造,False,9,False
6,49,5.6007304,2.3991933,制造,False,12,False
6,50,0.6225747,0.50468504,金融,False,93,False
6,51,2.0245805,1.215984,土木,False,45,False
6,52,2.470132,1.8820889,制造,False,36,False
6,53,1.8861954,1.3352939,制造,False,49,False
6,54,3.340312,1.8677543,土木,False,24,False
6,55,17.969574,16.295086,土木,False,1,False
6,56,0.71869344,0.9677301,土木,False,91,False
6,57,3.4283352,1.2746826,土木,False,22,False
6,58,0.45118004,0.17065825,土木,False,97,False
6,59,2.4635417,0.97232807,教育,False,37,False
6,60,1.1245451,0.8468229,教育,False,80,False
6,61,4.0948215,1.059402,互联网,False,15,False
6,62,1.3753698,1.0470132,制造,False,70,False
6,63,1.2642524,0.2635976,金融,False,74,False
6,64,3.7411003,1.4437273,制造,False,16,False
6,65,1.1674734,1.1395715,制造,False,78,False
6,66,2.157215,0.9448624,教育,False,43,False
6,67,1.9845145,1.1853223,土木,False,47,False
6,68,4.3660665,1.1816794,制造,False,14,False
6,69,2.4960537,0.83875173,制造,False,35,False
6,70,1.5842272,0.76231295,教育,False,62,False
6,71,1.5899146,0.5091099,教育,False,61,False
6,72,2.1261199,4.0425816,土木,False,44,False
6,73,1.2433331,0.5116198,土木,False,75,False
6,74,1.2280842,0.2839664,互联网,False,76,False
6,75,2.2782648,1.0278716,制造,False,39,False
6,76,0.45655134,0.28393537,互联网,False,96,False
6,77,0.9273883,0.4843125,教育,False,86,False
6,78,5.625586,0.5933449,土木,False,11,False
6,79,1.0919793,0.55365807,土木,False,81,False
6,80,0.9454835,0.88926274,土木,False,85,False
6,81,1.6836989,1.2839593,制造,False,56,False
6,82,1.3861779,0.4264534,土木,False,69,False
6,83,1.4387023,0.47610587,土木,False,66,False
6,84,3.0181446,0.8863729,教育,False,28,False
6,85,1.5654507,0.13365473,教育,False,63,False
6,86,2.3466961,0.7403215,土木,False,38,False
6,87,1.8216642,1.1346128,土木,False,52,False
6,88,0.72441554,0.4069076,教育,False,90,False
6,89,2.7433,0.7027464,土木,False,32,False
6,90,0.81987005,0.43901458,制造,False,89,False
6,91,2.2277095,1.8412476,制造,False,42,False
6,92,3.279924,0.95012677,土木,False,25,False
6,93,0.2243112,0.20710446,教育,False,100,False
6,94,3.5538487,0.7864089,土木,False,21,False
6,95,0.43890756,0.19322726,制造,False,98,False
6,96,0.6110504,0.662042,教育,False,94,False
6,97,1.7853079,0.6480679,土木,False,53,False
6,98,2.7731023,2.3795912,教育,False,31,False
6,99,3.254175,0.5838765,土木,False,26,False
7,0,0.84938574,0.66995317,土木,False,89,False
7,1,1.6300982,0.6900571,制造,False,63,False
7,2,1.4940954,0.41583964,制造,False,68,False
7,3,8.755594,3.0116751,土木,False,8,False
7,4,5.6715665,2.8258958,土木,False,12,False
7,5,2.905513,0.80902517,教育,False,32,False
7,6,0.356731,0.9255844,土木,False,99,False
7,7,11.138264,2.6150575,土木,False,3,False
7,8,1.0078812,0.25639123,制造,False,84,False
7,9,12.418564,25.835194,土木,False,2,False
7,10,8.92927,4.58439,土木,False,7,False
7,11,2.403912,0.21606134,制造,False,42,False
7,12,5.1843543,6.8767734,制造,False,13,False
7,13,1.6815772,0.44861394,土木,False,62,False
7,14,1.1225592,1.6950555,土木,False,80,False
7,15,9.037901,0.66627806,制造,False,6,False
7,16,1.7056649,0.29954994,制造,False,60,False
7,17,1.2987903,1.3800561,互联网,False,73,False
7,18,0.9360573,1.9157586,土木,False,85,False
7,19,2.3230135,0.5428825,金融,False,45,False
7,20,1.9844308,1.4613754,教育,False,53,False
7,21,2.0190265,1.3592699,制造,False,52,False
7,22,0.64103,0.20061462,土木,False,94,False
7,23,9.256662,1.8482887,互联网,False,5,False
7,24,1.3303467,0.54448104,互联网,False,72,False
7,25,1.5365788,0.4142399,土木,False,65,False
7,26,3.3235555,2.1976628,制造,False,27,False
7,27,1.1871454,0.40824217,土木,False,78,False
7,28,1.4384667,0.35361883,土木,False,71,False
7,29,3.4471598,1.8401266,土木,False,24,False
7,30,1.5039338,0.88380295,制造,False,67,False
7,31,2.1994588,0.46713567,制造,False,48,False
7,32,6.5225234,0.49656475,制造,False,9,False
7,33,4.437798,1.9534836,土木,False,16,False
7,34,3.0588999,0.350183,互联网,False,31,False
7,35,0.5627031,0.73350334,土木,False,95,False
7,36,2.0239933,0.77874476,教育,False,51,False
7,37,3.8598967,12.0897665,制造,False,22,False
7,38,0.8966109,1.1094514,制造,False,87,False
7,39,9.556636,0.69438165,互联网,False,4,False
7,40,1.1109354,0.68091595,互联网,False,81,False
7,41,1.8519095,0.8395289,互联网,False,56,False
7,42,1.9670292,0.9963284,土木,False,54,False
7,43,2.306117,0.64128685,互联网,False,46,False
7,44,1.5699742,1.3256433,土木,False,64,False
7,45,4.2420974,1.3419927,互联网,False,18,False
7,46,3.3330162,0.5180175,教育,False,26,False
7,47,2.8969462,1.0592608,教育,False,33,False
7,48,6.4338975,0.4264335,制造,False,10,False
7,49,4.3496275,1.7220355,制造,False,17,False
7,50,0.6667883,0.2972461,金融,False,93,False
7,51,2.0898712,1.5239954,土木,False,50,False
7,52,2.508156,1.8924676,制造,False,37,False
7,53,2.1164029,1.8166828,制造,False,49,False
7,54,4.105692,1.8426628,土木,False,20,False
7,55,21.486025,24.24553,土木,False,1,False
7,56,0.68264395,1.4149868,土木,False,92,False
7,57,4.054077,1.321781,土木,False,21,False
7,58,0.46057636,0.22478959,土木,False,96,False
7,59,2.679965,2.5637972,教育,False,35,False
7,60,1.183427,0.59532756,教育,False,79,False
7,61,4.2079706,0.6659365,互联网,False,19,False
7,62,1.486022,0.38801476,制造,False,69,False
7,63,1.2843918,0.13945393,金融,False,75,False
7,64,4.87906,2.088688,制造,False,14,False
7,65,1.2896299,0.96810895,制造,False,74,False
7,66,2.4586716,1.3735971,教育,False,39,False
7,67,2.3514936,1.5035753,土木,False,44,False
7,68,4.4551015,0.5840879,制造,False,15,False
7,69,2.4601734,1.2205637,制造,False,38,False
7,70,1.7705307,0.9043694,教育,False,58,False
7,71,1.7339108,0.59851056,教育,False,59,False
7,72,2.2703035,3.877363,土木,False,47,False
7,73,1.2789762,0.5023927,土木,False,76,False
7,74,2.623603,7.7889996,互联网,False,36,False
7,75,2.3973432,0.5657255,制造,False,43,False
7,76,0.44403052,0.29935575,互联网,False,97,False
7,77,0.90002435,0.628985,教育,False,86,False
7,78,5.94439,0.7457592,土木,False,11,False
7,79,1.1087708,0.37268156,土木,False,82,False
7,80,1.0581374,0.8010541,土木,False,83,False
7,81,1.6871709,1.0337913,制造,False,61,False
7,82,1.2312313,0.6873437,土木,False,77,False
7,83,1.483029,0.4686838,土木,False,70,False
7,84,3.1828098,1.7803006,教育,False,29,False
7,85,1.5229169,0.12500381,教育,False,66,False
7,86,2.4519465,0.4632026,土木,False,40,False
7,87,1.8218367,0.6368316,土木,False,57,False
7,88,0.7866514,0.44034466,教育,False,90,False
7,89,2.8699596,0.65598905,土木,False,34,False
7,90,0.8559583,0.47192943,制造,False,88,False
7,91,2.4497569,2.5923727,制造,False,41,False
7,92,3.1323426,0.83695376,土木,False,30,False
7,93,0.2306172,0.41905984,教育,False,100,False
7,94,3.6951027,0.8403997,土木,False,23,False
7,95,0.44172856,0.32914022,制造,False,98,False
7,96,0.6861212,0.778739,教育,False,91,False
7,97,1.9650012,0.65699595,土木,False,55,False
7,98,3.3731549,2.2172718,教育,False,25,False
7,99,3.2223067,0.89970905,土木,False,28,False
8,0,0.850244,0.34691426,土木,False,89,False
8,1,1.6491741,0.7954512,制造,False,65,False
8,2,1.5690774,0.31455743,制造,False,67,False
8,3,9.597368,2.086846,土木,False,6,False
8,4,6.376656,3.0097394,土木,False,11,False
8,5,3.0634084,1.0066398,教育,False,34,False
8,6,0.42667085,0.77561986,土木,False,99,False
8,7,13.771067,2.0936306,土木,False,2,False
8,8,0.9956287,0.16643023,制造,False,83,False
8,9,13.656194,9.242118,土木,False,3,False
8,10,9.711777,3.742603,土木,False,5,False
8,11,2.367492,0.3132393,制造,False,48,False
8,12,6.162682,2.5610409,制造,False,12,False
8,13,1.895794,0.3588134,土木,False,60,False
8,14,1.2408934,1.0731479,土木,False,79,False
8,15,9.365001,0.674824,制造,False,7,False
8,16,1.8799784,0.6259057,制造,False,61,False
8,17,1.3935837,0.7251127,互联网,False,73,False
8,18,0.9854439,1.0521282,土木,False,86,False
8,19,2.5044527,0.48323476,金融,False,45,False
8,20,2.2970593,1.544762,教育,False,50,False
8,21,2.5065215,2.0955973,制造,False,44,False
8,22,0.657266,0.18355434,土木,False,94,False
8,23,10.086459,1.8850472,互联网,False,4,False
8,24,1.3339233,0.46177053,互联网,False,75,False
8,25,1.6493043,0.3200671,土木,False,64,False
8,26,3.6188042,2.2502499,制造,False,25,False
8,27,1.246599,0.27246365,土木,False,78,False
8,28,1.4345917,0.37618724,土木,False,71,False
8,29,4.0751076,2.8319042,土木,False,22,False
8,30,1.7283448,0.78133655,制造,False,62,False
8,31,2.1379108,0.57344925,制造,False,53,False
8,32,6.8845496,1.0863987,制造,False,9,False
8,33,5.1612267,1.5293753,土木,False,15,False
8,34,3.037662,0.27940327,互联网,False,35,False
8,35,0.58598226,0.7224366,土木,False,95,False
8,36,2.1978126,0.9597866,教育,False,52,False
8,37,3.3924022,13.282198,制造,False,29,False
8,38,0.967542,0.70769984,制造,False,87,False
8,39,8.6905985,1.1541289,互联网,False,8,False
8,40,1.1525564,0.40736267,互联网,False,80,False
8,41,1.940895,1.2386116,互联网,False,59,False
8,42,2.021195,1.098057,土木,False,55,False
8,43,2.3725986,0.5434577,互联网,False,47,False
8,44,1.4430177,1.8331014,土木,False,70,False
8,45,4.49123,1.2522784,互联网,False,19,False
8,46,3.2587667,0.76558733,教育,False,31,False
8,47,3.4111352,0.81794554,教育,False,28,False
8,48,6.5458403,0.74708706,制造,False,10,False
8,49,4.6984606,2.935531,制造,False,17,False
8,50,0.6901565,0.22475134,金融,False,93,False
8,51,2.3655329,1.6172439,土木,False,49,False
8,52,2.2519205,1.7311347,制造,False,51,False
8,53,2.5789914,1.462855,制造,False,43,False
8,54,4.723301,2.6737335,土木,False,16,False
8,55,25.882582,23.361069,土木,False,1,False
8,56,0.72917235,0.73059857,土木,False,92,False
8,57,3.699596,1.1169224,土木,False,24,False
8,58,0.4542552,0.18995151,土木,False,97,False
8,59,3.0146692,1.4657023,教育,False,36,False
8,60,1.2923062,0.6662819,教育,False,76,False
8,61,4.2487645,0.6851719,互联网,False,20,False
8,62,1.6126639,1.0237954,制造,False,66,False
8,63,1.2871623,0.11902022,金融,False,77,False
8,64,5.6065893,1.5800645,制造,False,14,False
8,65,1.3691008,1.1069587,制造,False,74,False
8,66,2.6720822,1.5145336,教育,False,39,False
8,67,2.704988,1.3935704,土木,False,38,False
8,68,4.5788856,1.1175882,制造,False,18,False
8,69,2.6211877,2.0719016,制造,False,41,False
8,70,1.9714897,1.2320024,教育,False,57,False
8,71,1.9852884,0.56813854,教育,False,56,False
8,72,2.4170814,4.1127667,土木,False,46,False
8,73,1.3975351,0.4379323,土木,False,72,False
8,74,2.8017046,0.59052265,互联网,False,37,False
8,75,2.6238048,0.81030464,制造,False,40,False
8,76,0.45677158,0.2114982,互联网,False,96,False
8,77,0.9877676,0.9236788,教育,False,84,False
8,78,5.817791,0.5885796,土木,False,13,False
8,79,0.9872872,0.38947582,土木,False,85,False
8,80,1.128375,0.28173113,土木,False,81,False
8,81,1.7163211,0.6479989,制造,False,63,False
8,82,1.0929592,0.57382005,土木,False,82,False
8,83,1.4652369,0.27577978,土木,False,69,False
8,84,3.449792,2.242834,教育,False,27,False
8,85,1.5604612,0.07357477,教育,False,68,False
8,86,2.5803893,0.6219336,土木,False,42,False
8,87,2.1056526,0.86243176,土木,False,54,False
8,88,0.8464302,0.45732722,教育,False,90,False
8,89,3.3565953,0.6769693,土木,False,30,False
8,90,0.8673906,0.5033179,制造,False,88,False
8,91,3.165332,5.8761573,制造,False,33,False
8,92,3.5463986,1.2009856,土木,False,26,False
8,93,0.23039924,0.19709389,教育,False,100,False
8,94,3.948675,0.88743824,土木,False,23,False
8,95,0.42863068,0.3318651,制造,False,98,False
8,96,0.75187606,0.7976957,教育,False,91,False
8,97,1.9474291,0.44912902,土木,False,58,False
8,98,4.0837436,3.3602073,教育,False,21,False
8,99,3.2425566,0.47441426,土木,False,32,False
9,0,0.9497534,0.67963594,土木,False,87,False
9,1,1.2225542,0.8992602,制造,False,78,False
9,2,1.5978781,0.18079832,制造,False,67,False
9,3,11.471455,3.881958,土木,False,4,False
9,4,8.761332,5.271437,土木,False,9,False
9,5,3.1717224,1.1075213,教育,False,35,False
9,6,0.44942057,1.0396595,土木,False,96,False
9,7,13.457976,2.9289114,土木,False,3,False
9,8,0.98321235,0.19989178,制造,False,86,False
9,9,14.766174,12.098413,土木,False,2,False
9,10,11.047435,7.3843403,土木,False,5,False
9,11,2.5329518,0.29165816,制造,False,48,False
9,12,7.424052,4.057151,制造,False,10,False
9,13,1.9277433,0.45470953,土木,False,62,False
9,14,1.3244343,1.3666565,土木,False,76,False
9,15,9.509241,0.4799408,制造,False,7,False
9,16,1.9770367,0.80668426,制造,False,61,False
9,17,1.4718318,1.0212898,互联网,False,69,False
9,18,1.0040468,0.74290377,土木,False,84,False
9,19,2.2440226,0.89975685,制造,False,53,True
9,20,2.5003412,1.1764355,教育,False,49,False
9,21,2.9901955,3.3764875,制造,False,38,False
9,22,0.6921735,0.26813295,土木,False,92,False
9,23,10.379372,1.6508847,互联网,False,6,False
9,24,1.3492242,0.41150922,互联网,False,75,False
9,25,1.7271763,0.32384878,土木,False,64,False
9,26,3.9805417,1.4609417,制造,False,25,False
9,27,1.2312114,0.3362914,土木,False,77,False
9,28,1.4558789,0.2517004,土木,False,71,False
9,29,4.247818,1.1151677,土木,False,22,False
9,30,2.0120087,1.7825669,制造,False,60,False
9,31,2.1190145,0.51243865,制造,False,58,False
9,32,7.1908283,0.7645343,制造,False,11,False
9,33,5.745687,2.0334082,土木,False,15,False
9,34,3.085232,0.28112966,互联网,False,36,False
9,35,0.6168596,1.033254,土木,False,93,False
9,36,2.4629722,0.90562636,教育,False,50,False
9,37,3.9440656,12.906996,制造,False,26,False
9,38,1.1016594,1.4532082,制造,False,83,False
9,39,9.350016,0.75524896,互联网,False,8,False
9,40,1.1823119,0.2747609,互联网,False,80,False
9,41,2.1365852,1.1826935,互联网,False,57,False
9,42,2.137178,1.120097,土木,False,56,False
9,43,2.5431745,0.3974993,互联网,False,46,False
9,44,1.4548815,1.8065872,土木,False,72,False
9,45,4.837618,0.86892056,互联网,False,19,False
9,46,3.5302808,0.7611186,教育,False,32,False
9,47,3.641964,0.9753319,教育,False,30,False
9,48,6.6105022,0.40787977,制造,False,12,False
9,49,5.3380113,3.6582088,制造,False,16,False
9,50,0.0,0.3571623,教育,False,100,True
9,51,2.3918207,1.193753,土木,False,51,False
9,52,2.8037329,2.6026187,制造,False,41,False
9,53,2.541875,2.354956,制造,False,47,False
9,54,4.867612,2.8269823,土木,False,18,False
9,55,28.657948,28.347843,土木,False,1,False
9,56,0.78355014,1.3244517,土木,False,91,False
9,57,3.7023368,1.5794755,土木,False,28,False
9,58,0.4513175,0.16677698,土木,False,95,False
9,59,3.795447,1.6745484,教育,False,27,False
9,60,1.3832948,0.52408916,教育,False,74,False
9,61,4.2132215,0.44292596,互联网,False,23,False
9,62,1.6946476,1.3732083,制造,False,65,False
9,63,0.16223419,0.2803362,制造,False,99,True
9,64,5.910847,1.1664189,制造,False,13,False
9,65,1.4605731,1.4907962,制造,False,70,False
9,66,2.7180948,1.7408344,教育,False,43,False
9,67,3.039637,0.8309757,土木,False,37,False
9,68,4.523997,0.88784796,制造,False,20,False
9,69,2.9712212,1.734106,制造,False,39,False
9,70,2.2045407,1.1857642,教育,False,54,False
9,71,2.2611442,0.7708588,教育,False,52,False
9,72,2.6375945,6.6594944,土木,False,44,False
9,73,1.452035,0.54529184,土木,False,73,False
9,74,2.9034026,0.576278,互联网,False,40,False
9,75,2.614824,0.71395636,制造,False,45,False
9,76,0.46877304,0.3803975,互联网,False,94,False
9,77,1.1151555,0.8481058,教育,False,81,False
9,78,5.8037558,0.57821923,土木,False,14,False
9,79,0.9986622,0.4218854,土木,False,85,False
9,80,1.186927,0.6523494,土木,False,79,False
9,81,1.827239,1.0936003,制造,False,63,False
9,82,1.1088744,0.41740283,土木,False,82,False
9,83,1.5072657,0.6607194,土木,False,68,False
9,84,3.6942413,3.0358856,教育,False,29,False
9,85,1.6425536,0.11417082,教育,False,66,False
9,86,2.743469,0.69689345,土木,False,42,False
9,87,2.1854708,1.7814975,土木,False,55,False
9,88,0.91287696,0.43152478,教育,False,88,False
9,89,3.4810169,0.52007145,土木,False,33,False
9,90,0.85377055,0.41526017,制造,False,89,False
9,91,4.363051,5.815022,制造,False,21,False
9,92,3.6153338,1.0101695,土木,False,31,False
9,93,0.23231773,0.22334991,教育,False,98,False
9,94,4.0979166,1.2465475,土木,False,24,False
9,95,0.44210947,0.3162021,制造,False,97,False
9,96,0.8379435,0.6986363,教育,False,90,False
9,97,2.0892167,0.46149933,土木,False,59,False
9,98,4.9754677,3.8842776,教育,False,17,False
9,99,3.4194126,0.4857133,土木,False,34,False
10,0,0.967958,0.4295304,土木,False,87,False
10,1,1.3096545,1.1305064,制造,False,77,False
10,2,1.5809212,0.41754243,制造,False,67,False
10,3,12.732002,1.9046704,土木,False,4,False
10,4,11.433802,3.594648,土木,False,6,False
10,5,3.346257,1.2944155,教育,False,34,False
10,6,0.36116314,0.81826955,土木,False,97,False
10,7,16.484179,2.322143,土木,False,2,False
10,8,0.96161026,0.20559195,制造,False,88,False
10,9,15.510041,20.66213,土木,False,3,False
10,10,12.696085,5.98634,土木,False,5,False
10,11,2.4998775,0.28132108,制造,False,54,False
10,12,8.406325,2.1577332,制造,False,10,False
10,13,1.9898982,0.4048929,土木,False,62,False
10,14,1.4826317,3.733491,土木,False,73,False
10,15,9.311343,0.5754472,制造,False,9,False
10,16,2.1666846,0.6240356,制造,False,59,False
10,17,1.5087098,0.88661736,互联网,False,72,False
10,18,1.0067912,0.89237463,土木,False,84,False
10,19,2.392511,1.2122176,制造,False,55,False
10,20,2.6212173,0.89562404,教育,False,50,False
10,21,3.5773842,2.9701016,制造,False,31,False
10,22,0.7049718,0.3496247,土木,False,92,False
10,23,11.257707,2.151942,互联网,False,7,False
10,24,1.3937457,0.2975163,互联网,False,76,False
10,25,1.8274183,0.32997063,土木,False,64,False
10,26,4.008266,2.5755434,制造,False,27,False
10,27,1.2621102,0.6894303,土木,False,78,False
10,28,1.4263607,0.204507,土木,False,75,False
10,29,4.7948613,2.7600896,土木,False,21,False
10,30,2.0996616,1.1757101,制造,False,61,False
10,31,2.5781155,0.5823089,制造,False,52,False
10,32,7.3800135,0.7367565,制造,False,11,False
10,33,7.090373,2.6704733,土木,False,12,False
10,34,3.0603528,0.18216701,互联网,False,36,False
10,35,0.68339616,1.054923,土木,False,93,False
10,36,2.826042,1.2529954,教育,False,43,False
10,37,4.3485174,14.566843,制造,False,24,False
10,38,1.11829,1.1125532,制造,False,82,False
10,39,10.3873,0.45589495,互联网,False,8,False
10,40,1.1260515,0.12879093,互联网,False,81,False
10,41,2.209789,0.15032087,互联网,False,57,False
10,42,2.2009096,1.0960625,土木,False,58,False
10,43,2.6427984,0.50738335,互联网,False,49,False
10,44,1.5371575,1.168973,土木,False,68,False
10,45,5.3323426,1.0272299,互联网,False,18,False
10,46,3.5068688,0.6399906,教育,False,32,False
10,47,2.8213532,1.031083,教育,False,45,False
10,48,7.0328364,0.41869733,制造,False,13,False
10,49,6.0700665,3.0495775,制造,False,16,False
10,50,0.02376203,0.32077336,教育,False,100,False
10,51,2.600153,1.4740587,土木,False,51,False
10,52,2.83737,2.4649248,制造,False,42,False
10,53,2.9966938,1.8979043,制造,False,38,False
10,54,4.8031263,2.4468815,土木,False,20,False
10,55,34.47435,22.61704,土木,False,1,False
10,56,0.8758732,1.0839164,土木,False,90,False
10,57,3.8475225,1.2102156,土木,False,28,False
10,58,0.46390262,0.20724204,土木,False,94,False
10,59,4.3946424,2.5736482,教育,False,22,False
10,60,1.4642441,0.8730105,教育,False,74,False
10,61,4.22754,0.8330745,互联网,False,25,False
10,62,1.8509187,1.265967,制造,False,63,False
10,63,0.16722067,0.15270685,制造,False,99,False
10,64,6.1086483,2.0724804,制造,False,15,False
10,65,1.6846144,1.7967503,制造,False,66,False
10,66,3.029949,1.1395215,教育,False,37,False
10,67,3.2552056,0.9576532,土木,False,35,False
10,68,4.3632293,0.90492135,制造,False,23,False
10,69,2.9825504,1.4806336,制造,False,40,False
10,70,2.6817174,0.9950486,教育,False,47,False
10,71,2.294079,0.662296,教育,False,56,False
10,72,2.5436544,3.176897,土木,False,53,False
10,73,1.5165952,0.37411097,土木,False,70,False
10,74,2.9900436,0.36845815,互联网,False,39,False
10,75,2.8234193,0.8814903,制造,False,44,False
10,76,0.46366557,0.18707792,互联网,False,95,False
10,77,1.0913574,0.7313139,教育,False,83,False
10,78,6.0444903,0.5570383,土木,False,17,False
10,79,0.9766583,0.25409755,土木,False,86,False
10,80,1.2232776,0.49800768,土木,False,79,False
10,81,1.7731013,1.08406,制造,False,65,False
10,82,1.1459551,0.44867948,土木,False,80,False
10,83,1.511032,0.26380646,土木,False,71,False
10,84,3.7598286,1.4487293,教育,False,30,False
10,85,1.5311713,0.5038726,教育,False,69,False
10,86,2.852061,0.5938668,土木,False,41,False
10,87,2.7121236,1.0970595,土木,False,46,False
10,88,0.94945025,0.38839853,教育,False,89,False
10,89,3.8455698,0.69141114,土木,False,29,False
10,90,0.8442105,0.35365093,制造,False,91,False
10,91,5.05949,6.172715,制造,False,19,False
10,92,3.4531271,1.2629215,土木,False,33,False
10,93,0.23924914,0.28615302,教育,False,98,False
10,94,4.028093,1.1650407,土木,False,26,False
10,95,0.4616326,0.24677512,制造,False,96,False
10,96,0.983476,1.401363,教育,False,85,False
10,97,2.1378052,0.7203676,土木,False,60,False
10,98,6.120509,5.385995,教育,False,14,False
10,99,2.6655343,0.63970274,土木,False,48,False
11,0,0.97760105,0.49987316,土木,False,87,False
11,1,1.2594552,0.8661896,制造,False,78,False
11,2,1.6091355,0.1826404,制造,False,69,False
11,3,14.059627,4.453886,土木,False,4,False
11,4,13.767741,4.6423655,土木,False,5,False
11,5,3.379823,1.6676047,教育,False,36,False
11,6,0.37206563,0.65515316,土木,False,97,False
11,7,16.300707,4.3792896,土木,False,3,False
11,8,0.8580686,0.14673884,制造,False,89,False
11,9,19.536253,17.24815,土木,False,2,False
11,10,13.291324,4.323698,土木,False,6,False
11,11,2.5613708,0.22158672,制造,False,53,False
11,12,7.514721,2.879731,制造,False,12,False
11,13,2.0189235,0.5684753,土木,False,63,False
11,14,1.5930325,1.9021422,土木,False,70,False
11,15,9.213141,0.798541,制造,False,9,False
11,16,2.4664536,0.7239103,制造,False,55,False
11,17,1.5012457,0.85819495,互联网,False,73,False
11,18,1.0587552,1.1942956,土木,False,83,False
11,19,2.65476,1.0899225,制造,False,49,False
11,20,2.9451556,1.3362607,教育,False,44,False
11,21,3.7742465,1.5975211,制造,False,30,False
11,22,0.6459191,0.38012722,土木,False,93,False
11,23,11.3751335,1.6162229,互联网,False,7,False
11,24,1.4174896,0.27293357,互联网,False,76,False
11,25,1.4766746,0.48159996,土木,False,74,False
11,26,3.656405,2.8271601,制造,False,32,False
11,27,1.3008686,0.5598838,土木,False,77,False
11,28,1.4243118,0.20450076,土木,False,75,False
11,29,5.340257,1.8855458,土木,False,20,False
11,30,2.1587687,1.159075,制造,False,60,False
11,31,2.5710752,0.37518772,制造,False,52,False
11,32,7.5509105,0.9646255,制造,False,11,False
11,33,7.580943,3.35005,土木,False,10,False
11,34,3.1055448,0.1304986,互联网,False,41,False
11,35,0.76449543,1.0231835,土木,False,92,False
11,36,2.382683,1.025298,教育,False,56,False
11,37,4.906927,14.805236,制造,False,22,False
11,38,1.1683942,1.4696614,制造,False,81,False
11,39,10.178841,0.6436691,互联网,False,8,False
11,40,1.0259728,0.25608727,互联网,False,85,False
11,41,2.1838686,1.0844105,互联网,False,59,False
11,42,2.370139,1.3794105,土木,False,57,False
11,43,2.8236096,0.38204744,互联网,False,46,False
11,44,1.743726,1.6501502,土木,False,66,False
11,45,6.1831517,1.3946168,互联网,False,18,False
11,46,3.4107502,0.7671369,教育,False,34,False
11,47,2.8131597,0.84731853,教育,False,47,False
11,48,7.307583,0.28801528,制造,False,13,False
11,49,6.279927,4.2530675,制造,False,17,False
11,50,0.033375226,0.18955538,教育,False,100,False
11,51,2.5973685,0.9891381,土木,False,51,False
11,52,3.6198897,2.582317,制造,False,33,False
11,53,3.3553045,2.028094,制造,False,37,False
11,54,5.3017206,2.0019822,土木,False,21,False
11,55,42.348354,31.789192,土木,False,1,False
11,56,0.8166492,0.5128897,土木,False,91,False
11,57,4.5026655,1.0767626,土木,False,24,False
11,58,0.48417225,0.11876163,土木,False,94,False
11,59,4.236778,2.1937313,教育,False,26,False
11,60,1.519413,0.39553335,教育,False,72,False
11,61,4.334247,0.3911483,互联网,False,25,False
11,62,2.2674122,2.5824912,制造,False,58,False
11,63,0.17239735,0.13619979,制造,False,99,False
11,64,6.3278155,1.3865029,制造,False,16,False
11,65,1.8366456,0.9156621,制造,False,64,False
11,66,3.1042452,1.3889697,教育,False,42,False
11,67,3.6917455,1.8446496,土木,False,31,False
11,68,4.5570765,0.6682077,制造,False,23,False
11,69,3.3452718,1.6485345,制造,False,38,False
11,70,3.3104174,1.7384634,教育,False,39,False
11,71,2.088457,0.7913173,教育,False,62,False
11,72,2.6255503,1.6042875,土木,False,50,False
11,73,1.5536168,0.51092374,土木,False,71,False
11,74,3.1396308,0.7940851,互联网,False,40,False
11,75,2.7466514,0.560109,制造,False,48,False
11,76,0.48366886,0.13978602,互联网,False,95,False
11,77,1.0915544,0.8656414,教育,False,82,False
11,78,6.3947554,0.4749897,土木,False,15,False
11,79,0.9422607,0.3531066,土木,False,88,False
11,80,1.2043751,0.72639304,土木,False,79,False
11,81,1.785237,0.48540357,制造,False,65,False
11,82,1.181226,0.4531327,土木,False,80,False
11,83,1.6373489,0.41646388,土木,False,67,False
11,84,3.8926225,1.4358206,教育,False,28,False
11,85,1.6287954,0.041383572,教育,False,68,False
11,86,2.8689547,0.5170413,土木,False,45,False
11,87,2.5065448,1.0860823,土木,False,54,False
11,88,1.0244706,0.48635253,教育,False,86,False
11,89,3.7757344,0.69405055,土木,False,29,False
11,90,0.8427663,0.22579883,制造,False,90,False
11,91,6.0825744,4.3433,制造,False,19,False
11,92,3.3890378,1.104984,土木,False,35,False
11,93,0.24994528,0.25986102,教育,False,98,False
11,94,4.0187736,0.82341784,土木,False,27,False
11,95,0.45903635,0.22903359,制造,False,96,False
11,96,1.0569333,0.52732515,教育,False,84,False
11,97,2.142437,0.4649015,土木,False,61,False
11,98,6.8152237,3.745536,教育,False,14,False
11,99,2.952858,1.16024,土木,False,43,False
12,0,1.0282781,0.44387594,土木,False,87,False
12,1,1.3832535,0.9200916,制造,False,77,False
12,2,1.6019199,0.17272325,制造,False,70,False
12,3,16.831608,4.0140605,土木,False,5,False
12,4,24.370644,47.468956,土木,False,2,False
12,5,3.46353,1.8395916,教育,False,38,False
12,6,0.41764346,0.5902102,土木,False,97,False
12,7,18.994102,2.0823855,土木,False,4,False
12,8,0.8203598,0.093593284,制造,False,92,False
12,9,20.297495,12.392392,土木,False,3,False
12,10,13.297299,3.4514236,土木,False,6,False
12,11,2.7280362,0.260161,制造,False,52,False
12,12,7.2719827,1.9548452,制造,False,15,False
12,13,1.6217779,0.29350773,土木,False,68,False
12,14,1.6128176,0.8421248,土木,False,69,False
12,15,9.382459,0.6020996,制造,False,8,False
12,16,2.619115,0.5107379,制造,False,55,False
12,17,1.5074165,1.1782086,互联网,False,72,False
12,18,1.101012,0.5833929,土木,False,84,False
12,19,2.767807,1.6137582,制造,False,50,False
12,20,3.3247724,1.7127887,教育,False,41,False
12,21,4.513974,3.2684412,制造,False,25,False
12,22,0.61686724,0.16744064,土木,False,93,False
12,23,12.601089,2.9670177,互联网,False,7,False
12,24,1.4343228,0.21384282,互联网,False,75,False
12,25,1.445176,0.289078,土木,False,74,False
12,26,3.689808,3.852352,制造,False,33,False
12,27,1.3060076,0.33135518,土木,False,78,False
12,28,1.4226482,0.09959918,土木,False,76,False
12,29,5.7413573,1.6764631,土木,False,20,False
12,30,2.2734327,0.9257202,制造,False,59,False
12,31,2.7000217,0.35618675,制造,False,53,False
12,32,7.6620665,1.0010829,制造,False,12,False
12,33,8.55592,2.459372,土木,False,10,False
12,34,3.103237,0.21428253,互联网,False,42,False
12,35,0.85468304,0.44328672,土木,False,91,False
12,36,2.4804285,1.4653729,教育,False,56,False
12,37,5.048826,10.390342,制造,False,22,False
12,38,1.1287504,1.4687469,制造,False,83,False
12,39,9.290775,0.86784434,互联网,False,9,False
12,40,1.086347,0.3369418,互联网,False,85,False
12,41,2.271213,0.5603157,互联网,False,60,False
12,42,2.4498127,0.9171919,土木,False,57,False
12,43,2.8554952,0.6047375,互联网,False,47,False
12,44,1.8406402,1.4618298,土木,False,65,False
12,45,6.6729665,2.5908315,互联网,False,19,False
12,46,3.3704832,0.98302215,教育,False,39,False
12,47,2.7726629,0.9524533,教育,False,49,False
12,48,7.4390316,0.5626912,制造,False,13,False
12,49,6.902558,2.6041799,制造,False,17,False
12,50,0.05414848,0.26529518,教育,False,100,False
12,51,2.7806458,0.70032424,土木,False,48,False
12,52,3.8293812,3.9239995,制造,False,31,False
12,53,3.5180914,1.578547,制造,False,37,False
12,54,5.4340816,1.6293385,土木,False,21,False
12,55,47.636246,26.63327,土木,False,1,False
12,56,0.87835026,0.53576547,土木,False,90,False
12,57,4.6216016,1.0636778,土木,False,23,False
12,58,0.48274282,0.058044165,土木,False,95,False
12,59,4.4541698,2.7898066,教育,False,26,False
12,60,1.6423669,0.7916106,教育,False,67,False
12,61,4.3507233,0.45140457,互联网,False,27,False
12,62,2.330099,2.0874805,制造,False,58,False
12,63,0.17187476,0.13528234,制造,False,99,False
12,64,7.265486,1.5492538,制造,False,16,False
12,65,2.2125797,1.4637764,制造,False,62,False
12,66,3.536745,2.33888,教育,False,36,False
12,67,3.9545443,0.90493935,土木,False,30,False
12,68,4.5872946,1.0112758,制造,False,24,False
12,69,3.0391102,1.4990149,制造,False,44,False
12,70,3.681064,1.8928468,教育,False,34,False
12,71,2.2563927,0.8414565,教育,False,61,False
12,72,2.7524273,3.8590665,土木,False,51,False
12,73,1.6710474,0.18900298,土木,False,66,False
12,74,3.3267772,0.42012918,互联网,False,40,False
12,75,2.9487062,0.78154606,制造,False,46,False
12,76,0.48874876,0.15203246,互联网,False,94,False
12,77,1.1704363,0.7015255,教育,False,82,False
12,78,6.755149,0.5329999,土木,False,18,False
12,79,0.9551219,0.16187647,土木,False,88,False
12,80,1.2902136,0.2862636,土木,False,79,False
12,81,1.4554197,1.364573,制造,False,73,False
12,82,1.2016956,0.48660484,土木,False,81,False
12,83,1.9475962,0.2524278,土木,False,64,False
12,84,4.1531396,3.2287345,教育,False,29,False
12,85,1.5631429,0.051624786,教育,False,71,False
12,86,2.9781926,0.3826568,土木,False,45,False
12,87,2.6410403,0.65626603,土木,False,54,False
12,88,1.0784533,0.63110447,教育,False,86,False
12,89,3.7744062,0.74947673,土木,False,32,False
12,90,0.9042112,0.47355112,制造,False,89,False
12,91,7.3566437,4.534759,制造,False,14,False
12,92,3.6353548,0.96710026,土木,False,35,False
12,93,0.25800306,0.28423697,教育,False,98,False
12,94,4.1688495,0.6026394,土木,False,28,False
12,95,0.4495677,0.17719188,制造,False,96,False
12,96,1.2082475,1.2080923,教育,False,80,False
12,97,2.1848965,0.4484472,土木,False,63,False
12,98,8.188745,6.9620414,教育,False,11,False
12,99,3.079465,0.41422784,土木,False,43,False
13,0,0.2856251,0.5296087,制造,False,87,True
13,1,1.4216974,3.0598516,制造,False,69,False
13,2,1.5755323,0.3034118,制造,False,66,False
13,3,19.070238,5.84474,制造,False,5,True
13,4,24.7501,6.0900345,制造,False,2,True
13,5,3.4811778,1.1954491,教育,False,36,False
13,6,0.0,1.2767662,金融,False,92,True
13,7,22.102905,4.331634,教育,False,3,True
13,8,0.8344878,0.21727769,制造,False,78,False
13,9,20.464876,14.862482,教育,False,4,True
13,10,14.182176,4.653475,互联网,False,6,True
13,11,2.6978486,0.36028874,制造,False,49,False
13,12,7.932495,3.485,制造,False,14,False
13,13,0.7619425,0.859506,教育,False,79,True
13,14,0.6207584,1.3885652,互联网,False,82,True
13,15,9.605476,0.5523741,制造,False,10,False
13,16,2.9563982,0.57567614,制造,False,42,False
13,17,1.6210252,0.6677066,互联网,False,64,False
13,18,0.0,1.3041711,教育,False,93,True
13,19,2.912026,1.2702676,制造,False,45,False
13,20,3.4977355,1.5955987,教育,False,35,False
13,21,5.181741,4.32351,制造,False,23,False
13,22,0.0,0.11215274,土木,True,94,True
13,23,12.973374,2.3829365,互联网,False,7,False
13,24,1.4530646,0.2022086,互联网,False,68,False
13,25,0.5203966,0.25947857,互联网,False,83,True
13,26,4.4077864,2.4929566,制造,False,28,False
13,27,0.43369487,1.0641494,教育,False,86,True
13,28,0.6657635,0.24807827,互联网,False,81,True
13,29,5.241405,1.2841586,土木,False,22,True
13,30,2.3739438,1.070715,制造,False,54,False
13,31,2.5876944,0.36689416,制造,False,52,False
13,32,7.9883795,0.84057486,制造,False,13,False
13,33,9.731309,5.1514406,教育,False,9,True
13,34,2.869709,0.17913534,互联网,False,46,False
13,35,0.0,1.0625982,教育,False,95,True
13,36,2.6264637,1.6979356,教育,False,50,False
13,37,5.7966013,17.86261,制造,False,21,False
13,38,1.2037284,3.270482,制造,False,73,False
13,39,7.9079857,1.0376787,互联网,False,15,False
13,40,1.1758398,0.21847756,互联网,False,74,False
13,41,2.3167636,0.61666536,互联网,False,57,False
13,42,1.8699324,1.1144965,金融,False,60,True
13,43,2.9469028,0.34025007,互联网,False,43,False
13,44,0.96518403,2.4597292,教育,False,76,True
13,45,7.42736,0.863459,互联网,False,17,False
13,46,3.1419966,1.6516987,教育,False,39,False
13,47,2.841702,1.4483597,教育,False,47,False
13,48,7.844136,2.9150603,制造,False,16,False
13,49,8.355134,5.100422,制造,False,11,False
13,50,0.08236459,0.34607947,教育,False,91,False
13,51,2.3197513,1.3840622,教育,False,56,True
13,52,3.7004273,3.4296496,制造,False,32,False
13,53,4.065086,2.921086,制造,False,29,False
13,54,6.274202,4.049379,教育,False,20,True
13,55,51.069176,24.778404,金融,False,1,True
13,56,0.0,1.4477421,教育,False,96,True
13,57,2.9359167,1.4734517,金融,False,44,True
13,58,0.0,0.23194782,制造,True,97,True
13,59,4.608853,2.0991275,教育,False,24,False
13,60,1.7673285,0.67685723,教育,False,63,False
13,61,4.5765424,0.48348084,互联网,False,25,False
13,62,2.8334668,3.2599144,制造,False,48,False
13,63,0.16931002,0.08802194,制造,False,90,False
13,64,7.244448,1.6373852,制造,False,18,False
13,65,2.1462753,1.2779297,制造,False,59,False
13,66,3.672624,2.2916622,教育,False,33,False
13,67,3.998253,1.4550396,金融,False,30,True
13,68,4.557208,1.3993342,制造,False,26,False
13,69,3.112523,2.2326968,制造,False,40,False
13,70,3.9647186,1.0939597,教育,False,31,False
13,71,2.2138646,0.95193714,教育,False,58,False
13,72,1.8138331,1.6972107,土木,False,61,True
13,73,0.2489033,0.62093914,制造,False,89,True
13,74,3.3270235,0.38380605,互联网,False,37,False
13,75,3.1761656,0.8319171,制造,False,38,False
13,76,0.48733252,0.12708811,互联网,False,84,False
13,77,1.2368674,0.82103646,教育,False,72,False
13,78,6.878603,0.71907103,教育,False,19,True
13,79,0.0,0.22140211,土木,False,98,True
13,80,0.0,0.6429501,教育,False,99,True
13,81,1.6184536,1.1513476,制造,False,65,False
13,82,0.0,0.680467,教育,False,100,True
13,83,0.7519368,0.26775634,土木,False,80,True
13,84,4.540675,3.3759456,教育,False,27,False
13,85,1.5289556,0.07650913,教育,False,67,False
13,86,2.5810978,0.2323367,土木,False,53,True
13,87,1.3106169,1.3340771,教育,False,70,True
13,88,1.1583616,0.6870175,教育,False,75,False
13,89,3.0924213,0.75059325,教育,False,41,True
13,90,0.9521279,0.4221884,制造,False,77,False
13,91,8.27856,5.0673413,制造,False,12,False
13,92,2.6210325,1.232049,教育,False,51,True
13,93,0.27075407,0.37225866,教育,False,88,False
13,94,3.5267868,1.0650291,金融,False,34,True
13,95,0.4618939,0.25979424,制造,False,85,False
13,96,1.3070751,1.3417051,教育,False,71,False
13,97,1.7854537,0.5508325,互联网,False,62,True
13,98,10.793187,7.1731205,教育,False,8,False
13,99,2.321269,0.3714377,土木,False,55,True
14,0,0.35402754,0.49334058,制造,False,87,False
14,1,1.5118725,1.4797072,制造,False,66,False
14,2,1.4156492,0.33666176,制造,False,71,False
14,3,19.761814,2.7967138,制造,False,5,False
14,4,26.3402,8.368135,制造,False,2,False
14,5,3.5370412,0.86345047,教育,False,36,False
14,6,0.017180849,0.80396765,金融,False,94,False
14,7,25.184828,4.5616636,教育,False,3,False
14,8,0.8554818,0.19981293,制造,False,77,False
14,9,22.302074,13.289994,教育,False,4,False
14,10,16.53259,4.3505836,互联网,False,6,False
14,11,2.598402,0.19722044,制造,False,53,False
14,12,8.387742,3.1853156,制造,False,14,False
14,13,0.815129,0.4500136,教育,False,78,False
14,14,0.6276995,1.2332506,互联网,False,82,False
14,15,10.23949,0.6519612,制造,False,10,False
14,16,3.2481763,1.0952289,制造,False,39,False
14,17,1.5007144,0.585981,互联网,False,67,False
14,18,0.024074202,1.1791996,教育,False,92,False
14,19,3.2456937,1.9725957,制造,False,40,False
14,20,3.85061,1.2202452,教育,False,34,False
14,21,5.5393124,3.181974,制造,False,23,False
14,22,0.0,0.2,土木,True,99,False
14,23,11.914089,1.3462315,互联网,False,7,False
14,24,1.4537336,0.24868397,互联网,False,69,False
14,25,0.5369268,0.2795731,互联网,False,83,False
14,26,4.6876335,3.4132044,制造,False,27,False
14,27,0.46574584,0.4816567,教育,False,85,False
14,28,0.6830684,0.20804675,互联网,False,80,False
14,29,5.6421237,2.0648212,土木,False,22,False
14,30,2.508595,0.96507084,制造,False,54,False
14,31,2.2776256,0.7777424,制造,False,55,False
14,32,8.45194,0.7366245,制造,False,13,False
14,33,10.264526,3.5552444,教育,False,9,False
14,34,2.8436577,0.10744621,互联网,False,47,False
14,35,0.015413368,0.7546687,教育,False,95,False
14,36,2.7777247,1.4624355,教育,False,49,False
14,37,6.374144,9.342295,制造,False,20,False
14,38,1.3786908,1.634048,制造,False,72,False
14,39,9.407345,0.6669526,互联网,False,11,False
14,40,1.1948446,0.19970623,互联网,False,75,False
14,41,2.1173437,0.47976017,互联网,False,59,False
14,42,2.0258217,2.7669306,金融,False,60,False
14,43,3.1740172,0.43459946,互联网,False,43,False
14,44,0.74138665,1.5269741,教育,False,79,False
14,45,7.373781,0.64286375,互联网,False,18,False
14,46,3.1848402,0.5494707,教育,False,42,False
14,47,3.0234864,0.57881534,教育,False,45,False
14,48,7.9820056,0.32075146,制造,False,16,False
14,49,8.948459,3.1207368,制造,False,12,False
14,50,0.11077729,0.35561225,教育,False,91,False
14,51,2.7525237,1.5263028,教育,False,51,False
14,52,4.1299324,4.5426545,制造,False,32,False
14,53,4.1526837,1.948377,制造,False,31,False
14,54,6.273588,2.290589,教育,False,21,False
14,55,59.254196,45.021187,金融,False,1,False
14,56,0.021746386,0.9859129,教育,False,93,False
14,57,3.3807478,1.7116302,金融,False,37,False
14,58,0.0,0.2,制造,True,100,False
14,59,5.4591355,1.2684605,教育,False,24,False
14,60,1.8619401,0.24979742,教育,False,61,False
14,61,4.820781,0.7276088,互联网,False,26,False
14,62,2.7601235,1.035423,制造,False,50,False
14,63,0.15760832,0.18021202,制造,False,90,False
14,64,7.8174205,1.510308,制造,False,17,False
14,65,2.2716367,1.6651347,制造,False,56,False
14,66,3.9895277,1.6999975,教育,False,33,False
14,67,4.349252,1.4332792,金融,False,30,False
14,68,4.9628944,1.1150793,制造,False,25,False
14,69,3.1975088,2.0455015,制造,False,41,False
14,70,4.460336,1.6550813,教育,False,28,False
14,71,2.224694,0.84124315,教育,False,57,False
14,72,1.8050827,2.4189606,土木,False,63,False
14,73,0.25749165,0.91779447,制造,False,89,False
14,74,3.0255942,0.32644042,互联网,False,44,False
14,75,3.2767818,1.20021,制造,False,38,False
14,76,0.4738413,0.12897612,互联网,False,84,False
14,77,1.3142341,0.7024736,教育,False,73,False
14,78,6.529323,0.7031452,教育,False,19,False
14,79,0.0024010234,0.11573293,土木,False,98,False
14,80,0.012003471,0.62610805,教育,False,96,False
14,81,1.5146497,0.7493723,制造,False,65,False
14,82,0.009017235,0.47610828,教育,False,97,False
14,83,0.670535,0.1750699,土木,False,81,False
14,84,4.4041615,2.1445563,教育,False,29,False
14,85,1.559132,0.05068416,教育,False,64,False
14,86,2.6221805,0.22741489,土木,False,52,False
14,87,1.4555335,1.1714594,教育,False,68,False
14,88,1.2147456,0.3984032,教育,False,74,False
14,89,2.9624734,1.2584165,教育,False,46,False
14,90,0.97182196,0.44512817,制造,False,76,False
14,91,8.107199,5.2718477,制造,False,15,False
14,92,2.8248346,1.3665758,教育,False,48,False
14,93,0.27415252,0.22263066,教育,False,88,False
14,94,3.7346191,1.0796981,金融,False,35,False
14,95,0.4633136,0.28809777,制造,False,86,False
14,96,1.4396939,0.9436105,教育,False,70,False
14,97,1.8169974,0.39854768,互联网,False,62,False
14,98,10.666516,4.5446124,教育,False,8,False
14,99,2.1497006,0.2986362,土木,False,58,False
15,0,0.42984092,0.9957695,制造,False,87,False
15,1,1.5072484,1.2318672,制造,False,67,False
15,2,1.5013132,0.39785716,制造,False,68,False
15,3,22.24183,4.79806,制造,False,5,False
15,4,24.761078,7.0971518,制造,False,3,False
15,5,3.5839117,0.69448924,教育,False,36,False
15,6,0.03293104,0.6951397,金融,False,95,False
15,7,27.719595,5.446325,教育,False,2,False
15,8,0.87962925,0.1783971,制造,False,77,False
15,9,22.756048,11.680169,教育,False,4,False
15,10,20.073114,5.0653033,互联网,False,6,False
15,11,2.6219673,0.47274697,制造,False,54,False
15,12,9.138656,4.4435625,制造,False,14,False
15,13,0.8654644,0.2915582,教育,False,78,False
15,14,0.61075157,1.2722275,互联网,False,82,False
15,15,10.217258,0.46819562,制造,False,10,False
15,16,3.49901,0.79400045,制造,False,38,False
15,17,1.5080326,0.6457324,互联网,False,66,False
15,18,0.05274855,1.3439623,教育,False,92,False
15,19,3.3354802,1.4514289,制造,False,41,False
15,20,4.134731,1.1961162,教育,False,34,False
15,21,6.674414,3.67831,制造,False,21,False
15,22,0.0,0.2,土木,True,99,False
15,23,12.340759,2.9704952,互联网,False,7,False
15,24,1.4623029,0.23267406,互联网,False,71,False
15,25,0.54558235,0.2089707,互联网,False,83,False
15,26,4.970639,4.0983152,制造,False,30,False
15,27,0.4998008,0.4572034,教育,False,84,False
15,28,0.70227194,0.16288239,互联网,False,80,False
15,29,5.882795,1.7321117,土木,False,23,False
15,30,2.8458676,1.4813704,制造,False,49,False
15,31,2.0246422,0.78515893,制造,False,60,False
15,32,8.236701,0.70628506,制造,False,17,False
15,33,9.631675,2.1145442,教育,False,12,False
15,34,2.7865734,0.16531098,互联网,False,51,False
15,35,0.045688108,1.2491237,教育,False,94,False
15,36,2.7230823,0.71670604,教育,False,52,False
15,37,6.716697,11.563011,制造,False,20,False
15,38,1.4076605,2.3035405,制造,False,73,False
15,39,9.655554,0.41993824,互联网,False,11,False
15,40,1.3280238,0.2358207,互联网,False,74,False
15,41,2.2701192,0.6383653,互联网,False,56,False
15,42,2.4537306,1.341233,金融,False,55,False
15,43,3.288821,0.4471007,互联网,False,42,False
15,44,0.8416055,1.1346883,教育,False,79,False
15,45,8.734325,1.0914761,互联网,False,15,False
15,46,3.1157026,0.712873,教育,False,47,False
15,47,3.2358603,1.3012744,教育,False,43,False
15,48,8.416286,0.62107146,制造,False,16,False
15,49,10.550678,5.1733756,制造,False,9,False
15,50,0.13167763,0.23111422,教育,False,91,False
15,51,3.0424562,1.8180385,教育,False,48,False
15,52,4.3321557,4.267144,制造,False,33,False
15,53,5.1437745,2.650927,制造,False,27,False
15,54,7.389317,2.9450164,教育,False,19,False
15,55,65.747696,27.096504,金融,False,1,False
15,56,0.050467514,1.3386037,教育,False,93,False
15,57,3.4986918,0.82325333,金融,False,39,False
15,58,0.0,0.2,制造,True,100,False
15,59,5.5440106,2.140573,教育,False,25,False
15,60,1.8864378,0.41172174,教育,False,62,False
15,61,5.0525846,0.45303974,互联网,False,29,False
15,62,3.2009466,3.1301832,制造,False,44,False
15,63,0.1668364,0.29643357,制造,False,90,False
15,64,7.8408346,2.8340225,制造,False,18,False
15,65,2.2588463,1.527771,制造,False,57,False
15,66,4.958973,1.9781249,教育,False,31,False
15,67,5.8392425,6.201869,金融,False,24,False
15,68,5.243115,1.6527228,制造,False,26,False
15,69,3.575685,2.887842,制造,False,37,False
15,70,4.8229055,1.6626134,教育,False,32,False
15,71,2.1366227,0.35902882,教育,False,59,False
15,72,1.8294475,2.2747989,土木,False,63,False
15,73,0.26615092,0.8172811,制造,False,89,False
15,74,3.173809,0.3853707,互联网,False,46,False
15,75,3.4283361,0.9434417,制造,False,40,False
15,76,0.48046723,0.035920154,互联网,False,86,False
15,77,1.4292293,0.6929263,教育,False,72,False
15,78,6.5315933,0.7539852,教育,False,22,False
15,79,0.008540542,0.30945984,土木,False,98,False
15,80,0.020571286,0.4774052,教育,False,96,False
15,81,1.4764198,1.31512,制造,False,70,False
15,82,0.01709938,0.43054202,教育,False,97,False
15,83,0.68522,0.19910786,土木,False,81,False
15,84,5.073928,2.024709,教育,False,28,False
15,85,1.5278684,0.013809347,教育,False,65,False
15,86,2.6536424,0.33493492,土木,False,53,False
15,87,1.4800006,0.794045,教育,False,69,False
15,88,1.2987497,0.49918234,教育,False,75,False
15,89,3.1889658,1.0607649,教育,False,45,False
15,90,0.949138,0.33388984,制造,False,76,False
15,91,9.222328,7.2142277,制造,False,13,False
15,92,2.8441465,0.6677884,教育,False,50,False
15,93,0.28024602,0.24895994,教育,False,88,False
15,94,3.9714005,1.1089787,金融,False,35,False
15,95,0.48881012,0.25104,制造,False,85,False
15,96,1.5446392,0.4711847,教育,False,64,False
15,97,1.9968036,0.543361,互联网,False,61,False
15,98,12.25333,3.6024113,教育,False,8,False
15,99,2.168248,0.050790988,土木,False,58,False
16,0,0.51343083,0.7231502,制造,False,85,False
16,1,1.5111243,1.8766631,制造,False,71,False
16,2,1.4737477,0.39312238,制造,False,72,False
16,3,23.30427,4.1279573,制造,False,5,False
16,4,28.590223,6.73438,制造,False,3,False
16,5,3.7090776,1.2158113,教育,False,38,False
16,6,0.046172533,0.61980826,金融,False,95,False
16,7,28.9241,4.421635,教育,False,2,False
16,8,0.85342574,0.17371579,制造,False,79,False
16,9,26.785206,25.066105,教育,False,4,False
16,10,22.947737,5.4734516,互联网,False,6,False
16,11,2.7200363,0.36871144,制造,False,52,False
16,12,9.81626,3.214589,制造,False,12,False
16,13,0.9293635,0.5637891,教育,False,78,False
16,14,0.6857584,1.435106,互联网,False,81,False
16,15,10.59935,0.24326284,制造,False,11,False
16,16,3.5451062,0.76888067,制造,False,40,False
16,17,1.5845383,1.2575098,互联网,False,68,False
16,18,0.08196051,1.141683,教育,False,92,False
16,19,3.5506608,1.4224693,制造,False,39,False
16,20,4.3210664,1.3292449,教育,False,33,False
16,21,7.25917,3.5358648,制造,False,20,False
16,22,0.0,0.2,土木,True,99,False
16,23,12.314156,2.9825544,互联网,False,9,False
16,24,1.4643424,0.2533596,互联网,False,73,False
16,25,0.55223054,0.35975468,互联网,False,84,False
16,26,5.580444,3.6811168,制造,False,29,False
16,27,0.55643535,0.51292247,教育,False,83,False
16,28,0.7042649,0.23112674,互联网,False,80,False
16,29,6.4532733,1.5697972,土木,False,23,False
16,30,3.187533,2.2812788,制造,False,46,False
16,31,1.8187555,0.4050073,制造,False,63,False
16,32,8.022836,0.676954,制造,False,19,False
16,33,10.786779,2.6432204,教育,False,10,False
16,34,2.7308755,0.13130674,互联网,False,51,False
16,35,0.059131436,0.9193422,教育,False,94,False
16,36,2.9315157,1.5256248,教育,False,50,False
16,37,6.6962867,14.626861,制造,False,21,False
16,38,1.52763,1.9346443,制造,False,70,False
16,39,9.487386,0.7757103,互联网,False,14,False
16,40,1.3327472,0.27633047,互联网,False,75,False
16,41,2.4344125,0.89455014,互联网,False,55,False
16,42,2.4230733,1.0152069,金融,False,56,False
16,43,3.1433635,0.50617886,互联网,False,47,False
16,44,1.0499057,2.153695,教育,False,76,False
16,45,9.67719,2.5706615,互联网,False,13,False
16,46,3.098665,0.5935242,教育,False,48,False
16,47,3.26824,1.0840935,教育,False,45,False
16,48,8.509738,0.8069547,制造,False,16,False
16,49,12.347352,6.769864,制造,False,8,False
16,50,0.15837994,0.33271182,教育,False,91,False
16,51,3.3058214,1.431617,教育,False,43,False
16,52,4.2993712,4.0586333,制造,False,34,False
16,53,5.759493,2.4246738,制造,False,27,False
16,54,8.359897,2.0435746,教育,False,18,False
16,55,69.47861,31.7488,金融,False,1,False
16,56,0.07838227,1.2181852,教育,False,93,False
16,57,3.7469745,1.9335467,金融,False,37,False
16,58,0.0,0.2,制造,True,100,False
16,59,5.9373937,2.0159395,教育,False,25,False
16,60,2.0269053,0.6682682,教育,False,61,False
16,61,4.7136292,0.6485787,互联网,False,32,False
16,62,3.286833,2.1678977,制造,False,44,False
16,63,0.18261832,0.75864017,制造,False,90,False
16,64,8.417592,3.473806,制造,False,17,False
16,65,2.471653,1.1986358,制造,False,54,False
16,66,5.667886,1.5990418,教育,False,28,False
16,67,6.027859,0.6639599,金融,False,24,False
16,68,5.5784817,1.407366,制造,False,30,False
16,69,4.0984373,2.436647,制造,False,35,False
16,70,5.194745,1.7296231,教育,False,31,False
16,71,2.3486338,0.4710195,教育,False,57,False
16,72,1.9461584,2.889278,土木,False,62,False
16,73,0.2862719,0.62282914,制造,False,89,False
16,74,3.4030907,0.7932789,互联网,False,42,False
16,75,3.4768057,0.7988674,制造,False,41,False
16,76,0.47656524,0.1272576,互联网,False,87,False
16,77,1.614533,0.7104283,教育,False,66,False
16,78,6.528728,0.5236283,教育,False,22,False
16,79,0.012266148,0.18293692,土木,False,98,False
16,80,0.028836032,0.40827248,教育,False,97,False
16,81,1.5404491,1.7181991,制造,False,69,False
16,82,0.030520253,0.71714556,教育,False,96,False
16,83,0.68479425,0.21697722,土木,False,82,False
16,84,5.777365,2.9339664,教育,False,26,False
16,85,1.6078837,0.040947918,教育,False,67,False
16,86,2.5297675,0.489228,土木,False,53,False
16,87,1.6987131,1.1797243,教育,False,64,False
16,88,1.3689597,0.5614639,教育,False,74,False
16,89,3.000354,0.8771737,教育,False,49,False
16,90,1.0397425,0.23592362,制造,False,77,False
16,91,9.239969,6.9706793,制造,False,15,False
16,92,2.3283794,1.7054844,教育,False,58,False
16,93,0.2873673,0.19637136,教育,False,88,False
16,94,3.931502,0.9290481,金融,False,36,False
16,95,0.48712853,0.1768231,制造,False,86,False
16,96,1.6660391,0.28984967,教育,False,65,False
16,97,2.1490777,0.4010414,互联网,False,60,False
16,98,12.481929,5.3442035,教育,False,7,False
16,99,2.3082607,0.4112074,土木,False,59,False
17,0,0.5927319,0.7922402,制造,False,83,False
17,1,1.6532028,1.7698884,制造,False,67,False
17,2,1.442778,0.34481543,制造,False,73,False
17,3,23.90242,5.6073713,制造,False,6,False
17,4,31.316736,9.190613,制造,False,2,False
17,5,4.116642,0.88700324,教育,False,36,False
17,6,0.053884342,0.30889106,金融,False,95,False
17,7,26.930408,2.6647208,教育,False,4,False
17,8,0.869846,0.12653081,制造,False,79,False
17,9,30.287067,10.9679,教育,False,3,False
17,10,25.240118,5.7813535,互联网,False,5,False
17,11,2.5807974,0.35280162,制造,False,55,False
17,12,10.582179,5.0933423,制造,False,12,False
17,13,0.873721,0.5639056,教育,False,78,False
17,14,0.6881662,1.4463587,互联网,False,81,False
17,15,10.5687065,0.6823548,制造,False,13,False
17,16,3.5286272,0.12365681,制造,False,42,False
17,17,1.7957252,1.171608,互联网,False,65,False
17,18,0.102337524,0.8832417,教育,False,93,False
17,19,3.669751,2.0558133,制造,False,39,False
17,20,4.604621,1.0019094,教育,False,33,False
17,21,9.285911,4.4761186,制造,False,15,False
17,22,0.0,0.2,土木,True,99,False
17,23,13.871188,3.0777922,互联网,False,7,False
17,24,1.4765749,0.47008803,互联网,False,72,False
17,25,0.5783511,0.31327528,互联网,False,84,False
17,26,5.125115,4.3573527,制造,False,31,False
17,27,0.5648322,0.45384946,教育,False,85,False
17,28,0.7375943,0.19346069,互联网,False,80,False
17,29,6.547848,1.6645619,土木,False,23,False
17,30,2.9855738,1.1709656,制造,False,50,False
17,31,1.8456696,0.56983495,制造,False,64,False
17,32,8.47587,0.78535724,制造,False,18,False
17,33,11.582294,2.4608436,教育,False,10,False
17,34,2.7223742,0.32453516,互联网,False,51,False
17,35,0.075039335,0.71897095,教育,False,94,False
17,36,3.031475,1.2027452,教育,False,49,False
17,37,6.8812246,14.608869,制造,False,21,False
17,38,1.6272588,2.2456267,制造,False,70,False
17,39,8.75719,0.891306,互联网,False,16,False
17,40,1.3195512,0.24920575,互联网,False,75,False
17,41,2.7094,0.5275176,互联网,False,52,False
17,42,2.6031258,1.2201293,金融,False,54,False
17,43,3.2129781,0.69725513,互联网,False,45,False
17,44,1.1757736,1.7137669,教育,False,76,False
17,45,10.044973,0.8525754,互联网,False,14,False
17,46,3.204828,0.62278426,教育,False,46,False
17,47,3.4731169,0.7936391,教育,False,43,False
17,48,8.742763,0.4472163,制造,False,17,False
17,49,11.963423,3.3827069,制造,False,9,False
17,50,0.18619303,0.27341643,教育,False,90,False
17,51,3.412901,1.2327251,教育,False,44,False
17,52,4.23598,2.8789897,制造,False,34,False
17,53,5.6903224,3.2541387,制造,False,30,False
17,54,8.182599,2.3445673,教育,False,20,False
17,55,87.484344,112.83968,金融,False,1,False
17,56,0.11547039,1.6232415,教育,False,92,False
17,57,4.1892242,1.2912923,金融,False,35,False
17,58,0.0,0.2,制造,True,100,False
17,59,5.8566175,1.9473163,教育,False,26,False
17,60,2.094935,0.75257736,教育,False,61,False
17,61,4.717989,0.848031,互联网,False,32,False
17,62,3.8924632,4.3285894,制造,False,38,False
17,63,0.18550491,0.24024588,制造,False,91,False
17,64,8.18462,4.12734,制造,False,19,False
17,65,2.6627226,2.312899,制造,False,53,False
17,66,6.436679,1.8336918,教育,False,24,False
17,67,5.713096,1.1234553,金融,False,28,False
17,68,5.8101473,0.9599474,制造,False,27,False
17,69,3.0748847,2.2333496,制造,False,48,False
17,70,5.7040772,1.3090277,教育,False,29,False
17,71,2.4808142,0.7636911,教育,False,57,False
17,72,1.9868664,1.3848802,土木,False,62,False
17,73,0.29932725,0.93738437,制造,False,88,False
17,74,3.5768495,0.5260943,互联网,False,41,False
17,75,3.5778747,1.0775894,制造,False,40,False
17,76,0.4385471,0.18729806,互联网,False,87,False
17,77,1.6661114,0.5812179,教育,False,66,False
17,78,6.741696,0.43133292,教育,False,22,False
17,79,0.016508594,0.19817707,土木,False,98,False
17,80,0.039649725,0.4237377,教育,False,96,False
17,81,1.597106,1.070566,制造,False,71,False
17,82,0.03764706,0.36450008,教育,False,97,False
17,83,0.6496826,0.13825458,土木,False,82,False
17,84,6.0373445,0.6310861,教育,False,25,False
17,85,1.6313478,0.035093263,教育,False,69,False
17,86,2.5215023,0.25961962,土木,False,56,False
17,87,1.6433455,1.1342427,教育,False,68,False
17,88,1.4295788,0.3616557,教育,False,74,False
17,89,3.1167123,0.6605074,教育,False,47,False
17,90,1.0256019,0.5093562,制造,False,77,False
17,91,11.378119,6.032467,制造,False,11,False
17,92,2.1673074,1.260084,教育,False,59,False
17,93,0.29263818,0.20326085,教育,False,89,False
17,94,3.9635196,0.91936994,金融,False,37,False
17,95,0.46038812,0.24167892,制造,False,86,False
17,96,1.9136399,0.55167586,教育,False,63,False
17,97,2.1633177,0.7379494,互联网,False,60,False
17,98,13.809984,4.1240993,教育,False,8,False
17,99,2.2979999,0.2599461,土木,False,58,False
18,0,0.70678616,0.98648006,制造,False,82,False
18,1,1.7434716,1.9580598,制造,False,66,False
18,2,1.6315835,1.5018554,制造,False,71,False
18,3,23.217617,5.887509,制造,False,6,False
18,4,33.942677,4.204909,制造,False,2,False
18,5,3.849868,0.64526445,教育,False,38,False
18,6,0.06623901,0.8650272,金融,False,94,False
18,7,28.415249,6.092024,教育,False,4,False
18,8,0.84718746,0.1825127,制造,False,79,False
18,9,32.17541,13.945174,教育,False,3,False
18,10,28.164785,9.368253,互联网,False,5,False
18,11,2.3431017,0.44788375,制造,False,56,False
18,12,12.540229,3.9078255,制造,False,10,False
18,13,0.90229243,0.3518138,教育,False,78,False
18,14,0.78607404,2.2524376,互联网,False,80,False
18,15,10.354321,0.7607734,制造,False,14,False
18,16,3.9683208,0.79607874,制造,False,37,False
18,17,1.8180455,1.2967852,互联网,False,64,False
18,18,0.10716101,0.64173913,教育,False,92,False
18,19,3.8201947,0.6404811,制造,False,39,False
18,20,4.871419,1.5767587,教育,False,32,False
18,21,10.332685,6.020265,制造,False,15,False
18,22,0.0,0.2,土木,True,97,False
18,23,13.938712,2.6118937,互联网,False,8,False
18,24,1.474264,0.36910355,互联网,False,73,False
18,25,0.640887,0.36324292,互联网,False,83,False
18,26,6.1412835,3.63361,制造,False,27,False
18,27,0.5862822,0.53472453,教育,False,84,False
18,28,0.78414726,0.17680967,互联网,False,81,False
18,29,6.3362293,1.2586958,土木,False,24,True
18,30,3.058769,1.6082213,制造,False,49,False
18,31,1.7907715,0.50160134,制造,False,65,False
18,32,8.12716,0.94130266,制造,False,20,False
18,33,12.4723015,2.9181452,教育,False,11,False
18,34,2.7462547,0.21789397,互联网,False,53,False
18,35,0.09331429,1.2006917,教育,False,93,False
18,36,3.0881898,1.3958385,教育,False,48,False
18,37,7.08028,18.066097,制造,False,21,False
18,38,1.83114,2.608972,制造,False,63,False
18,39,10.149304,0.81563115,互联网,False,16,False
18,40,1.4022236,0.4281953,互联网,False,74,False
18,41,2.885874,0.94137245,互联网,False,52,False
18,42,2.7084658,1.434494,金融,False,54,False
18,43,3.226718,0.37234712,互联网,False,46,False
18,44,1.385172,1.8683244,教育,False,75,False
18,45,11.079797,1.6096117,互联网,False,13,False
18,46,2.9498494,0.5388711,教育,False,51,False
18,47,3.716113,0.622596,教育,False,41,False
18,48,8.978995,0.6031839,制造,False,18,False
18,49,11.508858,2.9766588,制造,False,12,False
18,50,0.20924628,0.3068086,教育,False,89,False
18,51,3.7712421,1.451205,教育,False,40,False
18,52,4.4314365,5.0954304,制造,False,33,False
18,53,4.1678967,2.8058383,制造,False,35,False
18,54,8.318474,2.1331844,教育,False,19,False
18,55,92.0863,34.174286,金融,False,1,False
18,56,0.13153023,0.9074455,教育,False,91,False
18,57,4.057768,1.0508311,金融,False,36,False
18,58,0.0,0.2,制造,True,98,False
18,59,6.8017244,1.769715,教育,False,22,False
18,60,2.151449,0.5587703,教育,False,58,False
18,61,4.9201727,0.7606691,互联网,False,31,False
18,62,4.339484,2.3288827,制造,False,34,False
18,63,0.18800542,0.17850505,制造,False,90,False
18,64,9.163732,2.0004976,制造,False,17,False
18,65,2.9727345,2.0188644,制造,False,50,False
18,66,6.270836,1.6729959,教育,False,25,False
18,67,6.1876507,1.3816301,金融,False,26,False
18,68,5.991694,1.1801392,制造,False,29,False
18,69,3.2034073,2.9281194,制造,False,47,False
18,70,6.012934,1.4490088,教育,False,28,False
18,71,2.5213811,0.3183282,教育,False,55,False
18,72,0.9645446,1.4551765,土木,False,77,True
18,73,0.30136988,0.4771239,制造,False,87,False
18,74,3.6669104,0.7190145,互联网,False,42,False
18,75,3.4922981,1.1291889,制造,False,43,False
18,76,0.45070496,0.12343562,互联网,False,86,False
18,77,1.6485535,0.4031613,教育,False,70,False
18,78,6.7803183,0.57356566,教育,False,23,False
18,79,0.0,0.5275092,制造,False,99,True
18,80,0.052907992,0.37215224,教育,False,95,False
18,81,1.7429401,0.9833938,制造,False,67,False
18,82,0.043094296,0.31991106,教育,False,96,False
18,83,0.0,0.38574496,制造,False,100,True
18,84,5.9589963,2.043276,教育,False,30,False
18,85,1.66464,0.023892019,教育,False,69,False
18,86,2.1023052,0.6865262,互联网,False,60,True
18,87,1.8916076,1.1952701,教育,False,62,False
18,88,1.4852101,0.32257032,教育,False,72,False
18,89,3.4591093,0.7759671,教育,False,44,False
18,90,1.0994741,0.4749735,制造,False,76,False
18,91,13.121099,6.4265924,制造,False,9,False
18,92,2.1384394,1.1991817,教育,False,59,False
18,93,0.29121393,0.14780183,教育,False,88,False
18,94,3.4366918,1.0560155,金融,False,45,False
18,95,0.47326174,0.2782847,制造,False,85,False
18,96,1.9599115,0.66946274,教育,False,61,False
18,97,2.273959,0.4581663,互联网,False,57,False
18,98,14.243562,4.3853097,教育,False,7,False
18,99,1.6653143,1.4492935,制造,False,68,True
19,0,0.76134294,0.48615515,制造,False,82,False
19,1,1.8019681,1.5370934,制造,False,68,False
19,2,1.6497633,0.21446137,制造,False,70,False
19,3,25.984703,4.459894,制造,False,6,False
19,4,36.9144,5.6013465,制造,False,2,False
19,5,4.3133903,0.9489171,教育,False,35,False
19,6,0.08064422,0.47435772,金融,False,94,False
19,7,29.778593,3.7602324,教育,False,5,False
19,8,0.8976512,0.26875472,制造,False,78,False
19,9,32.491917,10.584857,教育,False,3,False
19,10,31.149769,8.63508,互联网,False,4,False
19,11,2.2462206,0.3299172,制造,False,57,False
19,12,13.994998,2.6976898,制造,False,9,False
19,13,0.83223176,0.5051481,教育,False,80,False
19,14,0.8933765,1.6803619,互联网,False,79,False
19,15,11.08388,0.7411495,制造,False,15,False
19,16,4.2647266,0.88596034,制造,False,36,False
19,17,1.9216162,1.2121718,互联网,False,64,False
19,18,0.11684958,0.45712107,教育,False,92,False
19,19,4.0309644,1.4815991,制造,False,39,False
19,20,5.1658635,0.8124468,教育,False,32,False
19,21,9.661583,2.8300602,制造,False,18,False
19,22,0.0,0.2,土木,True,99,False
19,23,15.554414,2.7322342,互联网,False,8,False
19,24,1.4787283,0.46254033,互联网,False,74,False
19,25,0.66942966,0.43253556,互联网,False,83,False
19,26,6.3441772,4.3594017,制造,False,27,False
19,27,0.60404235,0.35753,教育,False,84,False
19,28,0.8099361,0.24772395,互联网,False,81,False
19,29,6.9941626,1.1577455,土木,False,24,False
19,30,3.2115936,1.3866634,制造,False,50,False
19,31,1.856855,0.56744194,制造,False,66,False
19,32,7.8988776,0.72239536,制造,False,20,False
19,33,13.462167,2.093013,教育,False,11,False
19,34,2.6986115,0.21345775,互联网,False,55,False
19,35,0.100824304,0.62639827,教育,False,93,False
19,36,3.282428,0.7523339,教育,False,48,False
19,37,7.797313,15.856769,制造,False,21,False
19,38,1.9756786,2.2737203,制造,False,63,False
19,39,11.252426,1.3360474,互联网,False,14,False
19,40,1.5052032,0.5000166,互联网,False,73,False
19,41,3.0736444,0.8786143,互联网,False,51,False
19,42,2.835639,1.6643432,金融,False,53,False
19,43,3.411756,0.8417049,互联网,False,47,False
19,44,1.3882024,1.9235538,教育,False,75,False
19,45,12.1087055,1.8418237,互联网,False,13,False
19,46,3.0639338,0.79971766,教育,False,52,False
19,47,4.2044024,0.7203204,教育,False,37,False
19,48,8.627261,0.46283695,制造,False,19,False
19,49,12.961917,5.1223645,制造,False,12,False
19,50,0.23214397,0.235999,教育,False,89,False
19,51,3.851594,0.3417508,教育,False,42,False
19,52,4.588123,4.3964987,制造,False,34,False
19,53,4.166977,3.5695124,制造,False,38,False
19,54,9.722791,4.4734364,教育,False,17,False
19,55,101.20404,19.468636,金融,False,1,False
19,56,0.15181889,1.2586299,教育,False,91,False
19,57,3.9094276,1.2601103,金融,False,40,False
19,58,0.0,0.2,制造,True,100,False
19,59,7.3297544,2.6283903,教育,False,22,False
19,60,2.2257645,0.43538332,教育,False,58,False
19,61,5.3512387,0.8463685,互联网,False,31,False
19,62,4.65995,4.3589206,制造,False,33,False
19,63,0.19606237,0.21270531,制造,False,90,False
19,64,10.20201,2.5150445,制造,False,16,False
19,65,3.701022,1.0487095,制造,False,43,False
19,66,7.1368213,1.2969961,教育,False,23,False
19,67,6.3400035,0.68877757,金融,False,28,False
19,68,5.8137016,1.2522545,制造,False,30,False
19,69,3.4185185,3.063579,制造,False,46,False
19,70,6.3546796,1.0152364,教育,False,26,False
19,71,2.7477748,0.44944906,教育,False,54,False
19,72,1.0090563,0.54246897,土木,False,77,False
19,73,0.32292247,0.9108116,制造,False,87,False
19,74,3.8895006,0.6850572,互联网,False,41,False
19,75,3.2523983,0.6625924,制造,False,49,False
19,76,0.46940562,0.22006732,互联网,False,86,False
19,77,1.5257301,0.8087971,教育,False,72,False
19,78,6.8453455,0.55077726,教育,False,25,False
19,79,0.008731985,0.44446808,制造,False,98,False
19,80,0.058538027,0.35852778,教育,False,95,False
19,81,1.8099854,1.6036686,制造,False,67,False
19,82,0.05343266,0.46790376,教育,False,96,False
19,83,0.01111692,0.52156866,制造,False,97,False
19,84,6.0269966,1.4785802,教育,False,29,False
19,85,1.6803997,0.051175,教育,False,69,False
19,86,2.2179143,0.62620354,互联网,False,59,False
19,87,2.1355407,0.789375,教育,False,61,False
19,88,1.5399513,0.36776248,教育,False,71,False
19,89,3.5343654,1.1667609,教育,False,45,False
19,90,1.2106082,0.6107181,制造,False,76,False
19,91,13.541933,5.791892,制造,False,10,False
19,92,2.1688383,0.6177313,教育,False,60,False
19,93,0.2878053,0.14640824,教育,False,88,False
19,94,3.6238832,1.0573453,金融,False,44,False
19,95,0.49226505,0.33188733,制造,False,85,False
19,96,2.1062908,0.7117458,教育,False,62,False
19,97,2.412276,0.4061882,互联网,False,56,False
19,98,17.271008,4.1284056,教育,False,7,False
19,99,1.863401,0.9444075,制造,False,65,False
20,0,0.88995427,0.74803346,制造,False,79,False
20,1,1.8218987,1.5643499,制造,False,67,False
20,2,1.651434,0.272404,制造,False,69,False
20,3,31.161617,4.1562786,制造,False,5,False
20,4,42.517586,11.835335,制造,False,2,False
20,5,4.4318457,0.69664145,教育,False,37,False
20,6,0.10311191,0.72184473,金融,False,94,False
20,7,29.987528,4.015509,教育,False,6,False
20,8,0.87939227,0.14715433,制造,False,80,False
20,9,34.000744,12.433704,教育,False,4,False
20,10,35.678585,7.419481,互联网,False,3,False
20,11,2.3278756,0.297736,制造,False,59,False
20,12,13.425236,4.6290426,制造,False,12,False
20,13,0.83690244,0.2578033,教育,False,81,False
20,14,0.9305188,1.4057425,互联网,False,78,False
20,15,11.009062,0.862241,制造,False,16,False
20,16,4.324188,0.5271316,制造,False,38,False
20,17,2.1768382,1.0334609,互联网,False,62,False
20,18,0.1370674,0.69366986,教育,False,92,False
20,19,3.5758133,1.6804391,制造,False,46,False
20,20,5.4611588,1.1740077,教育,False,31,False
20,21,10.110236,5.244004,制造,False,18,False
20,22,0.0,0.2,土木,True,99,False
20,23,16.45104,2.63227,互联网,False,8,False
20,24,1.454991,0.3208168,互联网,False,75,False
20,25,0.6963443,0.26088974,互联网,False,83,False
20,26,7.894217,4.498087,制造,False,21,False
20,27,0.65079504,0.45293903,教育,False,84,False
20,28,0.8300127,0.15576023,互联网,False,82,False
20,29,7.656903,2.1661003,土木,False,23,False
20,30,3.421872,1.2641556,制造,False,47,False
20,31,1.8275671,0.69347566,制造,False,66,False
20,32,8.178134,0.9865084,制造,False,20,False
20,33,16.246155,2.0603738,教育,False,9,False
20,34,2.6909537,0.25603244,互联网,False,55,False
20,35,0.11173446,0.63035,教育,False,93,False
20,36,3.2241006,1.0058124,教育,False,50,False
20,37,7.538726,24.893747,制造,False,24,False
20,38,1.7432672,1.9787254,制造,False,68,False
20,39,11.913909,0.81887025,互联网,False,14,False
20,40,1.6286099,0.22592734,互联网,False,71,False
20,41,3.182313,0.9521455,互联网,False,52,False
20,42,3.2071793,1.4395787,金融,False,51,False
20,43,3.3364258,0.4452262,互联网,False,48,False
20,44,1.5612829,1.036189,教育,False,74,False
20,45,12.89305,1.2214514,互联网,False,13,False
20,46,3.0859509,0.68525493,教育,False,53,False
20,47,4.5955706,0.7554619,教育,False,36,False
20,48,8.593632,0.7932747,制造,False,19,False
20,49,15.714793,5.4763055,制造,False,11,False
20,50,0.2923356,0.7938807,教育,False,88,False
20,51,4.1594553,0.835952,教育,False,39,False
20,52,4.9838476,6.2421713,制造,False,34,False
20,53,4.946052,3.2323353,制造,False,35,False
20,54,11.132693,2.224415,教育,False,15,False
20,55,109.97621,49.738796,金融,False,1,False
20,56,0.17506164,0.7800225,教育,False,91,False
20,57,4.0644765,1.5383947,金融,False,40,False
20,58,0.0,0.2,制造,True,100,False
20,59,7.8459616,1.5131526,教育,False,22,False
20,60,2.306033,0.6178074,教育,False,60,False
20,61,5.1112313,1.023793,互联网,False,33,False
20,62,5.377728,3.6779494,制造,False,32,False
20,63,0.19957203,0.29504517,制造,False,90,False
20,64,10.726527,2.9170382,制造,False,17,False
20,65,3.787221,3.211773,制造,False,45,False
20,66,7.1800027,1.027841,教育,False,25,False
20,67,6.6080394,1.0872,金融,False,28,False
20,68,6.114913,0.90231967,制造,False,29,False
20,69,3.9139028,2.239524,制造,False,44,False
20,70,6.614695,1.5641022,教育,False,27,False
20,71,2.7415442,0.2849023,教育,False,54,False
20,72,1.0995092,2.4963253,土木,False,77,False
20,73,0.3249799,1.0996654,制造,False,87,False
20,74,4.0326605,0.29176125,互联网,False,42,False
20,75,3.3166177,1.3409035,制造,False,49,False
20,76,0.47291058,0.19307205,互联网,False,86,False
20,77,1.5760695,0.5290097,教育,False,72,False
20,78,6.9979043,0.4975725,教育,False,26,False
20,79,0.020179907,0.7045116,制造,False,98,False
20,80,0.07081958,0.5244825,教育,False,95,False
20,81,1.8577583,1.4267784,制造,False,65,False
20,82,0.06007847,0.27725244,教育,False,96,False
20,83,0.022431146,0.562429,制造,False,97,False
20,84,5.8763003,0.9506559,教育,False,30,False
20,85,1.6386622,0.043470364,教育,False,70,False
20,86,2.378631,0.6954118,互联网,False,58,False
20,87,2.3923357,0.8896483,教育,False,57,False
20,88,1.563267,0.34053418,教育,False,73,False
20,89,3.9762454,0.7053711,教育,False,43,False
20,90,1.2918344,0.4980278,制造,False,76,False
20,91,15.963112,6.793147,制造,False,10,False
20,92,2.1622937,1.3742564,教育,False,63,False
20,93,0.290695,0.12946959,教育,False,89,False
20,94,4.0637474,0.89005935,金融,False,41,False
20,95,0.51375026,0.25267625,制造,False,85,False
20,96,2.3019733,0.36329028,教育,False,61,False
20,97,2.4565284,0.40662906,互联网,False,56,False
20,98,19.34448,3.696811,教育,False,7,False
20,99,1.8822987,1.169253,制造,False,64,False
21,0,1.0863864,1.1321146,制造,False,78,False
21,1,1.9108732,1.556279,制造,False,64,False
21,2,1.6748111,0.42057866,制造,False,71,False
21,3,35.706947,3.6058977,制造,False,4,False
21,4,49.11845,12.022937,制造,False,2,False
21,5,4.7268033,0.83177763,教育,False,38,False
21,6,0.13447393,1.2128742,金融,False,93,False
21,7,34.414757,4.258933,教育,False,5,False
21,8,0.8830347,0.13685043,制造,False,81,False
21,9,32.31281,11.384412,教育,False,6,False
21,10,39.174515,9.292568,互联网,False,3,False
21,11,2.348457,0.38431585,制造,False,62,False
21,12,15.908037,5.9389853,制造,False,12,False
21,13,0.9488216,0.4438772,教育,False,80,False
21,14,1.0284048,1.556403,互联网,False,79,False
21,15,10.516656,0.6303085,制造,False,18,False
21,16,4.756131,0.62301254,制造,False,37,False
21,17,2.3604443,1.0420126,互联网,False,61,False
21,18,0.15747614,1.1281067,教育,False,92,False
21,19,4.383967,2.7054815,制造,False,42,False
21,20,5.5904565,1.2154534,教育,False,32,False
21,21,11.743276,4.613322,制造,False,15,False
21,22,0.0,0.2,土木,True,99,False
21,23,15.952139,2.7597694,互联网,False,11,False
21,24,1.4354273,0.27338862,互联网,False,75,False
21,25,0.7286822,0.30584705,互联网,False,83,False
21,26,8.839357,2.977535,制造,False,19,False
21,27,0.67159224,0.40296814,教育,False,84,False
21,28,0.84987515,0.18223298,互联网,False,82,False
21,29,8.153312,1.5433373,土木,False,20,False
21,30,3.8728795,1.846131,制造,False,46,False
21,31,1.5420682,0.99105275,制造,False,74,False
21,32,7.9521832,0.71122116,制造,False,21,False
21,33,18.639542,3.1804128,教育,False,9,False
21,34,2.731675,0.2652826,互联网,False,54,False
21,35,0.12687431,1.0748821,教育,False,94,False
21,36,3.2506378,0.7082386,教育,False,50,False
21,37,7.855114,20.86372,制造,False,23,False
21,38,1.8502827,1.8227919,制造,False,66,False
21,39,13.34611,0.67250115,互联网,False,14,False
21,40,1.8289635,0.4250202,互联网,False,68,False
21,41,3.1464765,1.0183543,互联网,False,51,False
21,42,3.0996935,0.18257366,金融,False,52,False
21,43,3.542011,0.6935947,互联网,False,48,False
21,44,1.7206466,1.6154774,教育,False,70,False
21,45,13.547563,2.4970124,互联网,False,13,False
21,46,3.0935686,0.74288696,教育,False,53,False
21,47,5.262016,0.7307562,教育,False,34,False
21,48,7.8786883,0.6343153,制造,False,22,False
21,49,18.872849,3.489822,制造,False,8,False
21,50,0.31911442,0.18611097,教育,False,88,False
21,51,4.522628,0.8457954,教育,False,40,False
21,52,4.765299,5.7675853,制造,False,36,False
21,53,5.566931,2.8267076,制造,False,33,False
21,54,11.394949,2.019657,教育,False,17,False
21,55,110.478966,29.655989,金融,False,1,False
21,56,0.1831888,0.951392,教育,False,91,False
21,57,4.555818,0.8806732,金融,False,39,False
21,58,0.0,0.2,制造,True,100,False
21,59,7.1920896,1.9445401,教育,False,25,False
21,60,2.3805816,0.4111781,教育,False,60,False
21,61,5.187654,0.5107198,互联网,False,35,False
21,62,5.6979218,3.8605297,制造,False,30,False
21,63,0.19983813,0.16756353,制造,False,90,False
21,64,11.526471,1.9219713,制造,False,16,False
21,65,3.7693012,2.2114522,制造,False,47,False
21,66,7.23962,1.1578935,教育,False,24,False
21,67,7.1591754,1.4195676,金融,False,26,False
21,68,6.05473,1.6020447,制造,False,29,False
21,69,4.4869432,2.3922231,制造,False,41,False
21,70,6.946724,0.7576513,教育,False,28,False
21,71,2.6256633,0.50316507,教育,False,55,False
21,72,1.1293648,2.002792,土木,False,77,False
21,73,0.34730518,1.051944,制造,False,87,False
21,74,4.222702,0.5686432,互联网,False,43,False
21,75,3.497098,0.70818555,制造,False,49,False
21,76,0.46600243,0.2164703,互联网,False,86,False
21,77,1.790177,0.38776767,教育,False,69,False
21,78,7.120983,0.50496566,教育,False,27,False
21,79,0.032577645,0.6186334,制造,False,97,False
21,80,0.076117665,0.36336228,教育,False,95,False
21,81,1.8468308,1.1839199,制造,False,67,False
21,82,0.06833756,0.3159058,教育,False,96,False
21,83,0.032419834,0.37036717,制造,False,98,False
21,84,5.665634,1.5134518,教育,False,31,False
21,85,1.6166557,0.0333214,教育,False,73,False
21,86,2.4621873,0.85586566,互联网,False,58,False
21,87,2.426293,1.2759854,教育,False,59,False
21,88,1.6332006,0.30606684,教育,False,72,False
21,89,4.031242,0.6042787,教育,False,45,False
21,90,1.2681309,0.5267201,制造,False,76,False
21,91,17.69737,9.342131,制造,False,10,False
21,92,2.5588186,0.85129225,教育,False,56,False
21,93,0.29864913,0.11449101,教育,False,89,False
21,94,4.0545216,1.1990407,金融,False,44,False
21,95,0.51913714,0.28724647,制造,False,85,False
21,96,2.202063,0.54566336,教育,False,63,False
21,97,2.5342004,0.41445085,互联网,False,57,False
21,98,22.345093,4.7736554,教育,False,7,False
21,99,1.8835971,0.8804286,制造,False,65,False
22,0,1.1531187,0.72702223,制造,False,78,False
22,1,1.8260602,1.1257244,制造,False,67,False
22,2,1.6810974,0.4088563,制造,False,70,False
22,3,35.239952,4.386208,制造,False,5,False
22,4,52.4778,9.776,制造,False,2,False
22,5,4.9460373,1.01257,教育,False,38,False
22,6,0.16326728,0.60809636,金融,False,92,False
22,7,39.10937,2.377561,教育,False,4,False
22,8,0.8697559,0.19750157,制造,False,82,False
22,9,33.25364,12.057313,教育,False,6,False
22,10,39.375694,6.371858,互联网,False,3,False
22,11,2.6001875,0.4430074,制造,False,59,False
22,12,18.354544,5.445113,制造,False,10,False
22,13,0.9173654,0.3744932,教育,False,80,False
22,14,1.0441407,2.4998088,互联网,False,79,False
22,15,10.728495,0.5927158,制造,False,18,False
22,16,5.118763,1.1598902,制造,False,36,False
22,17,2.2779064,1.2170976,互联网,False,62,False
22,18,0.16869634,0.6815813,教育,False,91,False
22,19,4.659759,2.1653996,制造,False,41,False
22,20,5.746751,0.8144297,教育,False,32,False
22,21,13.366418,3.8709464,制造,False,14,False
22,22,0.0,0.2,土木,True,99,False
22,23,16.57072,3.8545783,互联网,False,12,False
22,24,1.4118195,0.3194437,互联网,False,75,False
22,25,0.7969468,0.60575134,互联网,False,83,False
22,26,9.238848,3.5767505,制造,False,20,False
22,27,0.6796412,0.6124327,教育,False,84,False
22,28,0.8714818,0.15602614,互联网,False,81,False
22,29,8.320666,1.4546294,土木,False,21,False
22,30,4.1222625,2.0487041,制造,False,46,False
22,31,1.5314904,0.6667288,制造,False,73,False
22,32,8.118706,0.8398158,制造,False,22,False
22,33,17.9563,1.9357499,教育,False,11,False
22,34,2.751747,0.40977803,互联网,False,57,False
22,35,0.15645982,0.6640094,教育,False,93,False
22,36,3.4490204,0.8841256,教育,False,50,False
22,37,9.460166,39.533096,制造,False,19,False
22,38,1.7644695,1.92058,制造,False,69,False
22,39,12.7305155,0.97539836,互联网,False,15,False
22,40,1.8051994,0.6203216,互联网,False,68,False
22,41,3.3151948,0.861539,互联网,False,51,False
22,42,3.242932,0.9811083,金融,False,52,False
22,43,3.718687,0.89151025,互联网,False,48,False
22,44,1.9329147,1.8767725,教育,False,66,False
22,45,13.659363,1.5343574,互联网,False,13,False
22,46,3.1354578,0.5886945,教育,False,53,False
22,47,5.5270123,0.87326473,教育,False,34,False
22,48,7.6735897,0.46421275,制造,False,23,False
22,49,20.76049,3.3666928,制造,False,9,False
22,50,0.33226994,0.2397029,教育,False,88,False
22,51,4.834659,1.1502441,教育,False,39,False
22,52,5.1150293,4.1831274,制造,False,37,False
22,53,6.630321,2.2164629,制造,False,29,False
22,54,11.591546,2.0276272,教育,False,17,False
22,55,117.14002,26.10677,金融,False,1,False
22,56,0.15566304,1.5234663,教育,False,94,False
22,57,4.309393,0.70443267,金融,False,45,False
22,58,0.0,0.2,制造,True,100,False
22,59,7.215697,2.6899068,教育,False,25,False
22,60,2.5744898,0.6209541,教育,False,61,False
22,61,5.177112,0.36773092,互联网,False,35,False
22,62,6.0126677,3.349052,制造,False,30,False
22,63,0.20794791,0.20193085,制造,False,90,False
22,64,12.666827,1.9121666,制造,False,16,False
22,65,4.5893607,1.5211548,制造,False,43,False
22,66,6.805871,1.0774696,教育,False,28,False
22,67,7.346223,0.8023291,金融,False,24,False
22,68,5.9699173,1.0573688,制造,False,31,False
22,69,4.650518,2.141469,制造,False,42,False
22,70,7.0468054,1.1906147,教育,False,27,False
22,71,2.7261558,0.7654894,教育,False,58,False
22,72,1.222988,1.7919842,土木,False,77,False
22,73,0.36286908,0.22700426,制造,False,87,False
22,74,4.3199887,0.4973321,互联网,False,44,False
22,75,3.4890494,1.2247068,制造,False,49,False
22,76,0.4777589,0.22555095,互联网,False,86,False
22,77,1.5111418,0.7765373,教育,False,74,False
22,78,7.1585913,0.4050328,教育,False,26,False
22,79,0.041806843,0.44150275,制造,False,97,False
22,80,0.0827292,0.27390215,教育,False,95,False
22,81,2.1015415,1.3213896,制造,False,64,False
22,82,0.07675717,0.40174308,教育,False,96,False
22,83,0.041664,0.4505671,制造,False,98,False
22,84,5.529872,1.3209487,教育,False,33,False
22,85,1.5963583,0.027148774,教育,False,72,False
22,86,2.5980065,0.97544914,互联网,False,60,False
22,87,2.7517958,0.8404134,教育,False,56,False
22,88,1.678925,0.31774396,教育,False,71,False
22,89,4.0084257,0.4653424,教育,False,47,False
22,90,1.3415213,0.5677842,制造,False,76,False
22,91,21.073126,4.2482243,制造,False,8,False
22,92,2.866866,0.82947886,教育,False,54,False
22,93,0.29941407,0.026734173,教育,False,89,False
22,94,4.686296,1.141071,金融,False,40,False
22,95,0.5315413,0.2364882,制造,False,85,False
22,96,2.2061596,0.44048417,教育,False,63,False
22,97,2.761775,0.43754673,互联网,False,55,False
22,98,25.495941,4.118577,教育,False,7,False
22,99,1.9642572,1.109124,制造,False,65,False
23,0,1.2332745,0.61413884,制造,False,77,False
23,1,1.9889745,1.7683649,制造,False,66,False
23,2,1.6772174,0.35411105,制造,False,71,False
23,3,39.224052,5.0790215,制造,False,4,False
23,4,57.478275,10.421355,制造,False,2,False
23,5,5.4706674,0.7673101,教育,False,35,False
23,6,0.18377881,0.6298853,金融,False,91,False
23,7,38.65918,2.9356,教育,False,5,False
23,8,0.8858562,0.32772973,制造,False,80,False
23,9,33.479023,12.271588,教育,False,6,False
23,10,47.910053,6.1619797,互联网,False,3,False
23,11,2.5981636,0.54857117,制造,False,59,False
23,12,21.042171,6.7795086,制造,False,10,False
23,13,0.90453434,0.26765874,教育,False,79,False
23,14,1.0535425,1.995345,互联网,False,78,False
23,15,11.264588,0.85503423,制造,False,18,False
23,16,5.3785634,1.166352,制造,False,36,False
23,17,2.283766,1.1023707,互联网,False,62,False
23,18,0.18059903,0.5241612,教育,False,92,False
23,19,5.322883,2.4292235,制造,False,37,False
23,20,6.034217,0.90154207,教育,False,32,False
23,21,13.968204,4.746777,制造,False,14,False
23,22,0.0,0.2,土木,True,99,False
23,23,16.474773,2.7498982,互联网,False,12,False
23,24,1.4463974,0.4241769,互联网,False,74,False
23,25,0.8733164,0.40481347,互联网,False,82,False
23,26,10.044619,4.010735,制造,False,19,False
23,27,0.6007978,0.33058825,教育,False,83,False
23,28,0.87864226,0.12126581,互联网,False,81,False
23,29,8.3743925,1.8856055,金融,False,21,True
23,30,4.516494,1.8983411,制造,False,45,False
23,31,1.4638113,0.87243515,制造,False,73,False
23,32,8.006234,0.6758431,制造,False,23,False
23,33,18.673286,2.4272118,教育,False,11,False
23,34,2.8308425,0.36744148,互联网,False,56,False
23,35,0.15323843,0.63486093,教育,False,94,False
23,36,3.3536038,0.5141814,教育,False,51,False
23,37,8.911285,19.748154,制造,False,20,False
23,38,1.9247838,2.1043587,制造,False,67,False
23,39,13.302925,1.2517029,互联网,False,16,False
23,40,1.7898767,0.4234421,互联网,False,68,False
23,41,3.4805028,1.0927579,互联网,False,50,False
23,42,3.331089,1.4677376,金融,False,52,False
23,43,3.8527849,1.0437444,互联网,False,49,False
23,44,1.4436395,1.783991,教育,False,75,False
23,45,14.905422,2.400721,互联网,False,13,False
23,46,3.0409346,0.5494957,教育,False,54,False
23,47,6.025427,0.66433835,教育,False,33,False
23,48,7.987697,0.62668943,制造,False,24,False
23,49,21.389729,6.2516584,制造,False,9,False
23,50,0.34167233,0.16960849,教育,False,88,False
23,51,5.1838875,1.1317054,教育,False,38,False
23,52,4.8899117,4.3209605,制造,False,40,False
23,53,8.308419,3.0506284,制造,False,22,False
23,54,12.068386,2.2282622,教育,False,17,False
23,55,116.06198,25.447569,金融,False,1,False
23,56,0.17456669,0.93422556,教育,False,93,False
23,57,4.811779,1.2939014,金融,False,42,False
23,58,0.0,0.2,制造,True,100,False
23,59,6.880574,1.6222863,教育,False,27,False
23,60,2.5649107,0.38688406,教育,False,60,False
23,61,5.594299,0.5361251,互联网,False,34,False
23,62,6.41075,2.2557724,制造,False,30,False
23,63,0.2095583,0.2595836,制造,False,90,False
23,64,13.916099,2.3267477,制造,False,15,False
23,65,4.8357472,1.6893314,制造,False,41,False
23,66,6.8328934,1.7640537,教育,False,28,False
23,67,7.731567,1.0418924,金融,False,25,False
23,68,6.119796,1.3848432,制造,False,31,False
23,69,4.4271517,1.9039501,制造,False,46,False
23,70,6.7903447,0.8792726,教育,False,29,False
23,71,3.1611574,0.4014085,教育,False,53,False
23,72,0.41564047,6.139393,制造,False,86,True
23,73,0.3835268,0.78228205,制造,False,87,False
23,74,4.5722647,0.5982249,互联网,False,44,False
23,75,4.089455,6.365181,制造,False,48,False
23,76,0.48271587,0.18566136,互联网,False,85,False
23,77,1.7558886,0.43751568,教育,False,69,False
23,78,7.1587043,0.76182455,教育,False,26,False
23,79,0.05387533,0.5824607,制造,False,98,False
23,80,0.086013615,0.4377083,教育,False,95,False
23,81,2.1642094,1.4295577,制造,False,65,False
23,82,0.083919,0.43651947,教育,False,96,False
23,83,0.054549575,0.5901753,制造,False,97,False
23,84,5.104515,2.1223323,教育,False,39,False
23,85,1.6133873,0.02628206,教育,False,72,False
23,86,2.749482,0.431371,互联网,False,58,False
23,87,2.501529,0.6042078,教育,False,61,False
23,88,1.7315902,0.39111385,教育,False,70,False
23,89,4.1418014,0.600958,教育,False,47,False
23,90,1.3774945,0.39189517,制造,False,76,False
23,91,22.902634,8.11602,制造,False,8,False
23,92,2.7536907,0.99848837,教育,False,57,False
23,93,0.29752305,0.15453757,教育,False,89,False
23,94,4.8047767,0.9306697,金融,False,43,False
23,95,0.5334164,0.3150589,制造,False,84,False
23,96,2.1798308,0.6952844,教育,False,64,False
23,97,2.9425478,0.4977434,互联网,False,55,False
23,98,27.036978,3.6306176,教育,False,7,False
23,99,2.194032,2.4271834,制造,False,63,False
24,0,1.3969476,0.7053463,制造,False,76,False
24,1,2.089121,1.9623839,制造,False,64,False
24,2,1.7652948,0.54389375,制造,False,69,False
24,3,40.77103,5.028826,制造,False,5,False
24,4,67.77027,7.4238653,制造,False,2,False
24,5,5.7249,0.5839055,教育,False,35,False
24,6,0.20717451,0.7444638,金融,False,91,False
24,7,42.519135,2.8634086,教育,False,4,False
24,8,0.8835075,0.3509888,制造,False,82,False
24,9,34.460583,11.297196,教育,False,6,False
24,10,54.62391,4.120136,互联网,False,3,False
24,11,2.4680212,0.25792328,制造,False,60,False
24,12,24.002083,6.816627,制造,False,8,False
24,13,0.9156188,0.43393266,教育,False,80,False
24,14,1.2329961,1.7325017,互联网,False,78,False
24,15,11.102762,0.8491524,制造,False,18,False
24,16,5.793332,1.1111132,制造,False,34,False
24,17,2.2147071,0.92982256,互联网,False,62,False
24,18,0.19499779,0.8096293,教育,False,92,False
24,19,5.7189126,2.4428668,制造,False,36,False
24,20,6.3484435,0.7916873,教育,False,31,False
24,21,15.564768,5.0973253,制造,False,14,False
24,22,0.0,0.2,土木,True,99,False
24,23,17.458414,2.083131,互联网,False,12,False
24,24,1.4703705,0.12657875,互联网,False,75,False
24,25,0.91888785,0.4248009,互联网,False,79,False
24,26,9.778305,3.2366943,制造,False,19,False
24,27,0.62056196,0.3062255,教育,False,84,False
24,28,0.9096117,0.21086505,互联网,False,81,False
24,29,8.950891,2.2387514,金融,False,22,False
24,30,4.91617,2.049043,制造,False,42,False
24,31,1.5318943,1.0515556,制造,False,74,False
24,32,7.811425,0.8223948,制造,False,26,False
24,33,19.031092,1.3708656,教育,False,11,False
24,34,2.8546917,0.25451702,互联网,False,56,False
24,35,0.17909789,0.5009065,教育,False,94,False
24,36,2.7984421,0.84156346,教育,False,58,False
24,37,9.77806,21.742542,制造,False,20,False
24,38,2.0530486,3.5237665,制造,False,66,False
24,39,12.523316,1.1594723,互联网,False,17,False
24,40,1.8706044,0.2566652,互联网,False,67,False
24,41,3.754497,1.3867853,互联网,False,50,False
24,42,3.7485385,1.4213337,金融,False,51,False
24,43,4.050576,1.0683013,互联网,False,48,False
24,44,1.5572137,1.2272799,教育,False,73,False
24,45,15.826413,1.7480248,互联网,False,13,False
24,46,3.1499963,0.6388233,教育,False,53,False
24,47,4.561681,0.57118005,教育,False,46,False
24,48,8.536739,0.5113704,制造,False,23,False
24,49,21.398376,4.949238,制造,False,10,False
24,50,0.3628935,0.1892559,教育,False,88,False
24,51,5.600021,0.8307198,教育,False,38,False
24,52,5.566221,5.551741,制造,False,39,False
24,53,9.330539,2.8271608,制造,False,21,False
24,54,13.072953,1.0714022,教育,False,16,False
24,55,128.49644,40.879482,金融,False,1,False
24,56,0.18336497,0.5848567,教育,False,93,False
24,57,5.346168,1.9105756,金融,False,41,False
24,58,0.0,0.2,制造,True,100,False
24,59,7.740722,1.5655549,教育,False,27,False
24,60,2.6222708,0.47883686,教育,False,59,False
24,61,6.03223,0.9003082,互联网,False,33,False
24,62,6.372272,2.5682359,制造,False,30,False
24,63,0.20805362,0.30437547,制造,False,90,False
24,64,15.438529,2.5368247,制造,False,15,False
24,65,5.7023106,1.9188846,制造,False,37,False
24,66,8.123179,1.3259268,教育,False,25,False
24,67,8.241751,1.4879918,金融,False,24,False
24,68,6.2297225,1.3922005,制造,False,32,False
24,69,4.8310733,2.7605097,制造,False,43,False
24,70,7.014708,0.7970063,教育,False,29,False
24,71,2.9081724,0.5198725,教育,False,55,False
24,72,0.7119807,7.863043,制造,False,83,False
24,73,0.42169926,1.1688478,制造,False,87,False
24,74,4.786673,0.62606597,互联网,False,45,False
24,75,4.209519,1.1238544,制造,False,47,False
24,76,0.47801122,0.14470844,互联网,False,86,False
24,77,1.7064999,0.37890103,教育,False,71,False
24,78,7.1333055,0.4876541,教育,False,28,False
24,79,0.06171912,0.45048952,制造,False,98,False
24,80,0.08762109,0.20612988,教育,False,96,False
24,81,2.3219242,2.0617106,制造,False,61,False
24,82,0.09262999,0.41704786,教育,False,95,False
24,83,0.075847514,0.73442745,制造,False,97,False
24,84,5.410092,0.89705485,教育,False,40,False
24,85,1.6313486,0.019336917,教育,False,72,False
24,86,2.8259013,0.8045027,互联网,False,57,False
24,87,2.0620742,0.9063436,教育,False,65,False
24,88,1.8159828,0.30815718,教育,False,68,False
24,89,3.9327974,0.5967364,教育,False,49,False
24,90,1.27173,0.23569204,制造,False,77,False
24,91,22.849672,0.8141264,制造,False,9,False
24,92,3.1868489,1.3733827,教育,False,52,False
24,93,0.29790422,0.13395698,教育,False,89,False
24,94,4.7914734,1.541982,金融,False,44,False
24,95,0.5671857,0.24823922,制造,False,85,False
24,96,2.1169167,0.4491661,教育,False,63,False
24,97,3.1093748,0.6234061,互联网,False,54,False
24,98,26.866762,2.7330074,教育,False,7,False
24,99,1.7564541,1.1737801,制造,False,70,False
25,0,1.5020673,0.7259611,制造,False,75,False
25,1,2.3318067,1.9366944,制造,False,62,False
25,2,1.7912174,0.54570115,制造,False,71,False
25,3,42.380417,4.246417,制造,False,5,False
25,4,71.9504,8.359565,制造,False,2,False
25,5,5.8004417,0.73470217,教育,False,38,False
25,6,0.2365012,0.8345019,金融,False,90,False
25,7,42.598164,4.1253576,教育,False,4,False
25,8,0.8639706,0.17212065,制造,False,83,False
25,9,38.66799,10.269401,教育,False,6,False
25,10,58.279453,5.088969,互联网,False,3,False
25,11,2.560312,0.35630494,制造,False,60,False
25,12,24.238804,5.2916083,制造,False,9,False
25,13,0.99510944,0.3052273,教育,False,79,False
25,14,1.3929389,1.812928,互联网,False,76,False
25,15,9.610203,1.0219407,制造,False,21,False
25,16,5.929575,0.9170603,制造,False,37,False
25,17,2.452255,0.668613,互联网,False,61,False
25,18,0.21753761,0.82088757,教育,False,91,False
25,19,6.282093,2.1721523,制造,False,33,False
25,20,6.6220727,1.0117275,教育,False,31,False
25,21,16.471966,5.4561787,制造,False,14,False
25,22,0.0,0.2,土木,True,99,False
25,23,18.852798,2.3233402,互联网,False,12,False
25,24,1.3751606,0.20664454,互联网,False,77,False
25,25,0.9617242,0.36852217,互联网,False,81,False
25,26,12.630809,5.8287334,制造,False,18,False
25,27,0.6436223,0.3589763,教育,False,84,False
25,28,0.90730816,0.15332901,互联网,False,82,False
25,29,9.206385,2.1660006,金融,False,22,False
25,30,5.152181,1.6547444,制造,False,43,False
25,31,1.6650988,0.88825464,制造,False,72,False
25,32,7.7839956,0.94293755,制造,False,27,False
25,33,19.602976,2.5098324,教育,False,11,False
25,34,2.91817,0.19440016,互联网,False,55,False
25,35,0.20157142,0.46358436,教育,False,93,False
25,36,2.781357,0.85167,教育,False,57,False
25,37,10.6826315,21.265196,制造,False,19,False
25,38,2.3255792,3.0422668,制造,False,63,False
25,39,14.024465,1.5090439,互联网,False,17,False
25,40,1.8998657,0.40938348,互联网,False,68,False
25,41,3.6607,0.407536,互联网,False,51,False
25,42,4.182486,1.5241072,金融,False,48,False
25,43,3.7045689,0.7781158,互联网,False,50,False
25,44,1.625369,1.5112902,教育,False,74,False
25,45,16.292648,1.2834599,互联网,False,15,False
25,46,3.281434,0.56506264,教育,False,53,False
25,47,4.7347674,0.77228695,教育,False,46,False
25,48,8.8089,0.7018851,制造,False,23,False
25,49,22.066626,6.5202756,制造,False,10,False
25,50,0.36694574,0.23688805,教育,False,88,False
25,51,5.648726,1.3347216,教育,False,40,False
25,52,6.351037,4.4433417,制造,False,32,False
25,53,9.952912,2.1840646,制造,False,20,False
25,54,14.542725,1.9604712,教育,False,16,False
25,55,139.28055,33.995884,金融,False,1,False
25,56,0.20001239,1.1348836,教育,False,94,False
25,57,5.773929,2.0702438,金融,False,39,False
25,58,0.0,0.2,制造,True,100,False
25,59,7.4373,1.3823351,教育,False,28,False
25,60,2.7004466,0.5350079,教育,False,59,False
25,61,6.1264095,0.97718155,互联网,False,36,False
25,62,7.1112423,5.0823464,制造,False,29,False
25,63,0.21065123,0.42033392,制造,False,92,False
25,64,17.32876,2.5182188,制造,False,13,False
25,65,6.2134,2.055635,制造,False,34,False
25,66,7.9617004,1.2571548,教育,False,25,False
25,67,8.490235,1.17574,金融,False,24,False
25,68,6.211606,1.579582,制造,False,35,False
25,69,5.3444204,13.149222,制造,False,41,False
25,70,7.8059683,1.1648257,教育,False,26,False
25,71,2.7389157,0.10659229,教育,False,58,False
25,72,0.9642065,6.0519123,制造,False,80,False
25,73,0.42731446,0.99953556,制造,False,87,False
25,74,5.0400314,0.44139177,互联网,False,44,False
25,75,4.5754843,1.0025572,制造,False,47,False
25,76,0.47259513,0.15393592,互联网,False,86,False
25,77,1.8568441,0.37540564,教育,False,69,False
25,78,7.022423,0.40781963,教育,False,30,False
25,79,0.07429273,0.6522123,制造,False,98,False
25,80,0.09360354,0.41968614,教育,False,96,False
25,81,2.3238697,1.7469919,制造,False,64,False
25,82,0.09837872,0.29741773,教育,False,95,False
25,83,0.08212415,0.56668055,制造,False,97,False
25,84,5.333776,1.0333866,教育,False,42,False
25,85,1.6373734,0.0280565,教育,False,73,False
25,86,2.9077816,0.5103445,互联网,False,56,False
25,87,2.2305489,0.34245667,教育,False,66,False
25,88,1.831976,0.37598017,教育,False,70,False
25,89,4.1614494,0.8836181,教育,False,49,False
25,90,1.3193059,0.40481952,制造,False,78,False
25,91,25.985954,6.1439404,制造,False,8,False
25,92,3.496051,0.6271401,教育,False,52,False
25,93,0.30018568,0.11595481,教育,False,89,False
25,94,4.8201356,1.0841768,金融,False,45,False
25,95,0.56991667,0.34401855,制造,False,85,False
25,96,2.2893157,0.6126931,教育,False,65,False
25,97,3.063559,0.39900556,互联网,False,54,False
25,98,32.128338,6.1348667,教育,False,7,False
25,99,2.0815318,1.795857,制造,False,67,False
26,0,1.5676835,0.9903966,制造,False,68,False
26,1,2.2241647,0.36702612,制造,False,61,False
26,2,1.8394291,0.43859753,制造,False,66,False
26,3,39.699123,2.4053655,制造,False,6,False
26,4,73.96526,11.656029,制造,False,2,False
26,5,5.0008335,0.14933667,土木,False,41,True
26,6,0.26401132,0.6320005,金融,False,84,False
26,7,45.389187,7.9727592,制造,False,4,True
26,8,0.85892236,0.19049323,制造,False,76,False
26,9,43.34926,43.30481,制造,False,5,True
26,10,58.749046,6.58334,互联网,False,3,False
26,11,2.5302112,0.60533977,制造,False,56,False
26,12,22.85515,3.4583175,制造,False,11,False
26,13,0.04526717,0.07724381,土木,False,88,True
26,14,1.4984113,1.3851765,互联网,False,69,False
26,15,10.191642,0.90651953,制造,False,21,False
26,16,6.7384524,1.296122,制造,False,32,False
26,17,2.3760188,0.68264383,互联网,False,59,False
26,18,0.0,0.624562,金融,False,89,True
26,19,8.023332,8.83482,制造,False,26,False
26,20,6.625588,1.9941744,制造,False,34,True
26,21,17.13298,3.437197,制造,False,15,False
26,22,0.0,0.2,土木,True,90,False
26,23,18.25204,2.8581707,互联网,False,14,False
26,24,1.4014941,0.30317566,互联网,False,71,False
26,25,1.0688107,0.4135747,互联网,False,75,False
26,26,13.469746,6.020962,制造,False,18,False
26,27,0.0,1.0421093,制造,False,91,True
26,28,0.8295055,0.1331325,互联网,False,77,False
26,29,9.797029,1.964954,金融,False,22,False
26,30,4.82937,1.1266129,制造,False,45,False
26,31,1.7726787,0.7300367,制造,False,67,False
26,32,8.138801,1.0758882,制造,False,25,False
26,33,24.341028,4.420263,制造,False,9,True
26,34,2.968638,0.2978669,互联网,False,54,False
26,35,0.0,2.1631963,制造,False,92,True
26,36,2.1116889,0.9938634,互联网,False,62,True
26,37,10.946061,29.953434,制造,False,19,False
26,38,2.385033,1.9359262,制造,False,58,False
26,39,14.723954,1.094514,互联网,False,17,False
26,40,1.9947244,0.3236289,互联网,False,65,False
26,41,3.658952,1.3006026,互联网,False,51,False
26,42,4.3773694,1.3328178,金融,False,47,False
26,43,3.706572,0.5800925,互联网,False,50,False
26,44,0.8284307,2.5478606,制造,False,78,True
26,45,18.55793,2.420463,互联网,False,13,False
26,46,2.1005917,1.3657863,制造,False,63,True
26,47,4.214743,1.1740291,互联网,False,48,True
26,48,8.859004,0.92242444,制造,False,23,False
26,49,22.984566,4.662374,制造,False,10,False
26,50,0.0,0.47917646,制造,False,93,True
26,51,5.492475,4.776131,制造,False,39,True
26,52,7.501068,8.032044,制造,False,27,False
26,53,10.217506,3.1133492,制造,False,20,False
26,54,15.305962,0.4927353,土木,False,16,True
26,55,143.67628,52.854027,金融,False,1,False
26,56,0.0,1.2073126,金融,False,94,True
26,57,4.9728427,1.5606327,金融,False,43,False
26,58,0.0,0.2,制造,True,95,False
26,59,7.1799273,3.8871696,制造,False,29,True
26,60,2.2245798,1.3730341,制造,False,60,True
26,61,6.0034876,1.0476797,互联网,False,38,False
26,62,6.63994,3.0756023,制造,False,33,False
26,63,0.21078268,0.24579374,制造,False,85,False
26,64,19.152704,3.2692661,制造,False,12,False
26,65,7.157938,2.5427048,制造,False,31,False
26,66,7.17906,2.258866,制造,False,30,True
26,67,8.745642,2.2491064,金融,False,24,False
26,68,6.5541835,3.634561,制造,False,35,False
26,69,6.1304984,2.8811128,制造,False,37,False
26,70,7.4144335,0.79940766,教育,False,28,True
26,71,0.0,0.25001386,教育,False,96,True
26,72,1.1834284,6.280555,制造,False,73,False
26,73,0.46227956,0.9178857,制造,False,82,False
26,74,5.1353245,0.57245415,互联网,False,40,False
26,75,4.5114493,1.4167943,制造,False,46,False
26,76,0.47248596,0.1652288,互联网,False,81,False
26,77,0.39962402,1.5018827,制造,False,83,True
26,78,6.389237,0.5724051,互联网,False,36,True
26,79,0.08762165,0.73581874,制造,False,87,False
26,80,0.0,1.2102754,制造,False,97,True
26,81,2.414692,1.7370167,制造,False,57,False
26,82,0.0,0.650115,制造,False,98,True
26,83,0.096718945,0.5877942,制造,False,86,False
26,84,4.9741454,3.5239773,制造,False,42,True
26,85,0.0,0.09579425,制造,False,99,True
26,86,3.0571764,0.66714746,互联网,False,53,False
26,87,0.7389767,1.6839837,制造,False,79,True
26,88,1.1690385,0.22085604,教育,False,74,True
26,89,4.1062603,2.2195857,制造,False,49,True
26,90,1.2907526,0.799827,制造,False,72,False
26,91,25.070818,9.238816,制造,False,8,False
26,92,2.5607884,1.2545755,金融,False,55,True
26,93,0.0,0.27724054,金融,True,100,True
26,94,4.9627976,1.2412136,金融,False,44,False
26,95,0.5704234,0.27935764,制造,False,80,False
26,96,1.4308081,0.21283181,教育,False,70,True
26,97,3.1705241,0.40761596,互联网,False,52,False
26,98,31.158575,3.8871315,金融,False,7,True
26,99,2.0839016,1.3028295,制造,False,64,False
27,0,1.6949793,0.63980794,制造,False,68,False
27,1,2.4375358,1.3657303,制造,False,60,False
27,2,1.8679198,0.30263352,制造,False,66,False
27,3,43.45676,5.6397986,制造,False,6,False
27,4,80.970245,16.826723,制造,False,2,False
27,5,4.936739,0.22147138,土木,False,44,False
27,6,0.3021098,0.83128643,金融,False,84,False
27,7,54.04927,12.049865,制造,False,4,False
27,8,0.8312965,0.22114937,制造,False,78,False
27,9,47.172848,23.037605,制造,False,5,False
27,10,64.96764,5.6794615,互联网,False,3,False
27,11,2.6016552,0.3330113,制造,False,58,False
27,12,24.382566,5.6207423,制造,False,10,False
27,13,0.0045250836,0.1689007,土木,False,96,False
27,14,1.683637,1.5320759,互联网,False,69,False
27,15,8.845258,1.0254974,制造,False,23,False
27,16,6.913791,1.3911161,制造,False,33,False
27,17,2.6785393,0.8679987,互联网,False,57,False
27,18,0.018145608,0.99378645,金融,False,92,False
27,19,8.511912,3.4335995,制造,False,25,False
27,20,6.8446665,1.9470447,制造,False,34,False
27,21,18.013113,4.4107194,制造,False,15,False
27,22,0.0,0.2,土木,True,98,False
27,23,19.441402,2.8817275,互联网,False,12,False
27,24,1.4474612,0.3229931,互联网,False,71,False
27,25,1.1189702,0.35568023,互联网,False,75,False
27,26,12.953155,5.4050264,制造,False,18,False
27,27,0.08407782,1.304595,制造,False,88,False
27,28,0.84435445,0.19237721,互联网,False,77,False
27,29,9.87987,1.5761142,金融,False,21,False
27,30,4.7966433,1.8315245,制造,False,45,False
27,31,1.7837291,0.8361087,制造,False,67,False
27,32,8.112527,0.18292724,制造,False,27,False
27,33,22.65511,3.334912,制造,False,11,False
27,34,2.9944305,0.12565286,互联网,False,55,False
27,35,0.035920024,1.8926053,制造,False,89,False
27,36,2.3541703,1.0853412,互联网,False,62,False
27,37,11.834543,22.028585,制造,False,19,False
27,38,2.5566888,2.3224592,制造,False,59,False
27,39,15.3758745,0.75355655,互联网,False,17,False
27,40,2.103216,0.2808768,互联网,False,65,False
27,41,3.8886251,0.65662694,互联网,False,50,False
27,42,4.6153216,1.2157208,金融,False,47,False
27,43,3.800495,0.41876554,互联网,False,51,False
27,44,0.90893304,2.8666213,制造,False,76,False
27,45,18.747957,0.9811098,互联网,False,14,False
27,46,2.2514114,1.5882877,制造,False,63,False
27,47,4.2450304,0.5737293,互联网,False,49,False
27,48,8.667647,0.692643,制造,False,24,False
27,49,24.873758,6.949164,制造,False,9,False
27,50,0.027158033,0.3571609,制造,False,90,False
27,51,6.215725,3.139973,制造,False,37,False
27,52,7.3466983,3.31185,制造,False,29,False
27,53,11.109987,3.7262516,制造,False,20,False
27,54,16.836735,0.47930583,土木,False,16,False
27,55,146.93771,42.283524,金融,False,1,False
27,56,0.020867575,1.2373989,金融,False,91,False
27,57,5.6570544,2.3726141,金融,False,40,False
27,58,0.0,0.2,制造,True,99,False
27,59,8.174087,4.3123903,制造,False,26,False
27,60,2.437448,1.2113783,制造,False,61,False
27,61,5.944861,0.36251053,互联网,False,39,False
27,62,7.0006433,3.4221303,制造,False,32,False
27,63,0.21797565,0.23541884,制造,False,85,False
27,64,18.938055,3.1102982,制造,False,13,False
27,65,7.132033,2.7641246,制造,False,31,False
27,66,7.2120004,2.414734,制造,False,30,False
27,67,9.408695,0.85098857,金融,False,22,False
27,68,6.582177,1.1501008,制造,False,36,False
27,69,6.1513424,3.1576734,制造,False,38,False
27,70,7.5094523,1.30935,教育,False,28,False
27,71,0.008091067,0.43256405,教育,False,95,False
27,72,1.4088596,8.845238,制造,False,72,False
27,73,0.48841566,1.5777613,制造,False,81,False
27,74,5.0981045,0.60245055,互联网,False,41,False
27,75,4.615837,1.7720861,制造,False,46,False
27,76,0.48492447,0.12570046,互联网,False,82,False
27,77,0.46018213,1.5403385,制造,False,83,False
27,78,6.7329187,0.54663086,互联网,False,35,False
27,79,0.09291471,0.49768636,制造,False,87,False
27,80,0.013795572,0.6445527,制造,False,93,False
27,81,2.7164953,1.0414891,制造,False,56,False
27,82,0.01373506,0.6914797,制造,False,94,False
27,83,0.13531822,1.0840627,制造,False,86,False
27,84,5.0664186,3.6117563,制造,False,42,False
27,85,0.0015010833,0.07756673,制造,False,97,False
27,86,3.1245646,0.41269296,互联网,False,53,False
27,87,0.7413188,1.8951168,制造,False,79,False
27,88,1.2694203,0.5723991,教育,False,74,False
27,89,4.4701157,1.2324415,制造,False,48,False
27,90,1.3203938,0.30701154,制造,False,73,False
27,91,26.316025,5.0607023,制造,False,8,False
27,92,3.1095185,1.3171953,金融,False,54,False
27,93,0.0,0.2,金融,True,100,False
27,94,5.0369616,1.3751632,金融,False,43,False
27,95,0.6019692,0.30949974,制造,False,80,False
27,96,1.5925161,0.36746687,教育,False,70,False
27,97,3.3179512,0.7032738,互联网,False,52,False
27,98,36.37768,7.245198,金融,False,7,False
27,99,2.215746,0.9255791,制造,False,64,False
28,0,1.6783255,0.6446734,制造,False,70,False
28,1,2.4498303,0.79560906,制造,False,61,False
28,2,1.9446905,0.5124082,制造,False,67,False
28,3,50.803856,3.468426,制造,False,6,False
28,4,81.34563,5.966119,制造,False,2,False
28,5,5.0408382,0.17895164,土木,False,43,False
28,6,0.35661376,1.1718844,金融,False,84,False
28,7,57.358948,7.3407793,制造,False,5,False
28,8,0.82731694,0.23685378,制造,False,79,False
28,9,66.41298,146.9166,制造,False,4,False
28,10,72.53744,5.1625566,互联网,False,3,False
28,11,2.8188818,0.20620254,制造,False,58,False
28,12,27.408867,3.5647874,制造,False,9,False
28,13,0.0,0.06317721,土木,False,97,False
28,14,1.5983219,1.2997248,互联网,False,71,False
28,15,8.8171835,0.5402624,制造,False,27,False
28,16,7.226939,0.5180494,制造,False,31,False
28,17,2.8755481,0.7875658,互联网,False,56,False
28,18,0.03602829,0.8021585,金融,False,92,False
28,19,9.422961,3.402685,制造,False,25,False
28,20,7.1583557,1.2655212,制造,False,32,False
28,21,16.499832,3.8754866,制造,False,17,False
28,22,0.0,0.2,土木,True,98,False
28,23,20.22501,1.8998297,互联网,False,12,False
28,24,1.4590896,0.26101598,互联网,False,72,False
28,25,1.2424845,0.45096505,互联网,False,75,False
28,26,14.430037,4.7795386,制造,False,18,False
28,27,0.12771109,0.66238517,制造,False,87,False
28,28,0.87115216,0.1625294,互联网,False,77,False
28,29,10.117906,2.8803425,金融,False,22,False
28,30,4.943146,1.667846,制造,False,45,False
28,31,1.9649566,0.67231566,制造,False,66,False
28,32,8.072451,0.9970837,制造,False,29,False
28,33,26.442862,4.040557,制造,False,11,False
28,34,2.9767976,0.121063635,互联网,False,55,False
28,35,0.06632373,1.8531802,制造,False,90,False
28,36,2.4306743,0.582057,互联网,False,63,False
28,37,13.364946,23.551584,制造,False,19,False
28,38,2.841614,3.592509,制造,False,57,False
28,39,17.117548,0.7496673,互联网,False,16,False
28,40,2.1398678,0.3239043,互联网,False,65,False
28,41,4.249723,0.838212,互联网,False,50,False
28,42,4.7909784,1.3627707,金融,False,46,False
28,43,3.813642,0.5756328,互联网,False,51,False
28,44,1.092897,2.5131645,制造,False,76,False
28,45,18.895504,1.4560704,互联网,False,13,False
28,46,2.2968926,1.2518528,制造,False,64,False
28,47,4.254013,0.8383648,互联网,False,49,False
28,48,8.8426485,0.56315255,制造,False,26,False
28,49,26.977407,5.5383277,制造,False,10,False
28,50,0.07124671,0.53084826,制造,False,89,False
28,51,6.4282823,3.347281,制造,False,37,False
28,52,9.709029,28.472233,制造,False,23,False
28,53,10.957327,4.179684,制造,False,20,False
28,54,17.592678,0.3864083,土木,False,15,False
28,55,157.95418,29.291653,金融,False,1,False
28,56,0.04549278,1.1930629,金融,False,91,False
28,57,5.48795,2.2477782,金融,False,40,False
28,58,0.0,0.2,制造,True,99,False
28,59,10.290267,3.9754038,制造,False,21,False
28,60,2.5325613,0.7168269,制造,False,60,False
28,61,6.1950765,0.5630775,互联网,False,39,False
28,62,6.794451,3.067812,制造,False,35,False
28,63,0.21917292,0.23692587,制造,False,85,False
28,64,17.64009,2.8464568,制造,False,14,False
28,65,7.026065,1.7861631,制造,False,33,False
28,66,6.9647503,2.500985,制造,False,34,False
28,67,9.681023,1.900889,金融,False,24,False
28,68,6.6078677,0.41139215,制造,False,36,False
28,69,6.4159102,2.3698614,制造,False,38,False
28,70,8.541945,0.86856127,教育,False,28,False
28,71,0.015306377,0.37891334,教育,False,95,False
28,72,1.7873394,12.112129,制造,False,68,False
28,73,0.48700088,0.8159414,制造,False,83,False
28,74,5.230787,0.42310748,互联网,False,42,False
28,75,4.4727926,0.9487881,制造,False,48,False
28,76,0.497607,0.15527765,互联网,False,82,False
28,77,0.51700854,1.955521,制造,False,81,False
28,78,7.3702455,0.4589515,互联网,False,30,False
28,79,0.1056091,0.57122713,制造,False,88,False
28,80,0.03484235,1.0064912,制造,False,93,False
28,81,2.759287,1.431492,制造,False,59,False
28,82,0.034839742,1.0134811,制造,False,94,False
28,83,0.14622991,0.9253653,制造,False,86,False
28,84,5.0169854,4.290244,制造,False,44,False
28,85,0.002883817,0.06420005,制造,False,96,False
28,86,3.1553273,0.41069174,互联网,False,53,False
28,87,0.83453083,1.7335297,制造,False,78,False
28,88,1.3112355,0.30730063,教育,False,74,False
28,89,4.709992,1.0841433,制造,False,47,False
28,90,1.3319463,0.3357399,制造,False,73,False
28,91,28.920935,7.8722215,制造,False,8,False
28,92,3.114658,1.4428244,金融,False,54,False
28,93,0.0,0.2,金融,True,100,False
28,94,5.3404007,1.8937205,金融,False,41,False
28,95,0.6080582,0.2755181,制造,False,80,False
28,96,1.7030065,0.3768938,教育,False,69,False
28,97,3.3344817,0.46609768,互联网,False,52,False
28,98,40.17598,7.576676,金融,False,7,False
28,99,2.4431896,1.6898149,制造,False,62,False
29,0,1.8305235,0.6602508,制造,False,69,False
29,1,2.624981,1.4575233,制造,False,60,False
29,2,1.9776659,0.410515,制造,False,67,False
29,3,49.873505,3.9926734,制造,False,6,False
29,4,79.67247,8.479698,制造,False,3,False
29,5,4.7882113,0.09695608,土木,False,46,False
29,6,0.3883724,0.92913735,金融,False,84,False
29,7,57.57625,7.7925587,制造,False,5,False
29,8,0.7947546,0.15829526,制造,False,79,False
29,9,63.71286,27.983582,制造,False,4,False
29,10,82.32559,6.3723783,互联网,False,2,False
29,11,2.7874527,0.3157397,制造,False,58,False
29,12,28.119644,5.340062,制造,False,11,False
29,13,0.0,0.060305424,土木,False,97,False
29,14,1.5252277,1.3251721,互联网,False,71,False
29,15,9.19591,0.7186224,制造,False,26,False
29,16,7.9583216,0.69173306,制造,False,30,False
29,17,3.0987296,0.82832515,互联网,False,56,False
29,18,0.049684234,0.6425087,金融,False,94,False
29,19,9.875171,1.9102612,制造,False,23,False
29,20,7.439293,1.906632,制造,False,33,False
29,21,19.129719,6.2951903,制造,False,14,False
29,22,0.0,0.2,土木,True,98,False
29,23,21.968567,2.64971,互联网,False,12,False
29,24,1.4314604,0.19257498,互联网,False,72,False
29,25,1.2346631,0.2149192,互联网,False,75,False
29,26,14.042028,5.282084,制造,False,18,False
29,27,0.18087149,0.79958314,制造,False,86,False
29,28,0.88967645,0.17040877,互联网,False,78,False
29,29,11.494152,2.9111226,金融,False,20,False
29,30,5.637562,2.383644,制造,False,42,False
29,31,1.9762208,0.6152774,制造,False,68,False
29,32,8.020061,1.0422308,制造,False,29,False
29,33,29.433985,3.6433167,制造,False,10,False
29,34,3.0130296,0.19066471,互联网,False,57,False
29,35,0.08818013,1.2670395,制造,False,90,False
29,36,2.4882936,0.51651907,互联网,False,63,False
29,37,13.377814,23.631958,制造,False,19,False
29,38,3.1722918,3.2151763,制造,False,55,False
29,39,19.089735,0.7261499,互联网,False,15,False
29,40,2.1922896,0.448529,互联网,False,65,False
29,41,4.356215,0.96017057,互联网,False,49,False
29,42,4.8849254,1.3009987,金融,False,45,False
29,43,3.9893322,0.64045334,互联网,False,51,False
29,44,1.1714878,3.364086,制造,False,76,False
29,45,19.924778,0.9738636,互联网,False,13,False
29,46,2.2877827,1.7262633,制造,False,64,False
29,47,4.2794895,0.85255903,互联网,False,50,False
29,48,8.607114,0.6102438,制造,False,27,False
29,49,30.099895,3.8730984,制造,False,9,False
29,50,0.11654007,0.5320666,制造,False,89,False
29,51,6.6047297,3.78777,制造,False,38,False
29,52,9.844429,5.2929177,制造,False,24,False
29,53,10.257883,2.4530845,制造,False,22,False
29,54,17.866673,0.44611627,土木,False,17,False
29,55,164.78679,59.68082,金融,False,1,False
29,56,0.065986976,0.8058495,金融,False,91,False
29,57,5.993491,1.889261,金融,False,40,False
29,58,0.0,0.2,制造,True,99,False
29,59,10.9964485,3.314923,制造,False,21,False
29,60,2.6194253,0.6537231,制造,False,61,False
29,61,6.8602724,0.8909282,互联网,False,36,False
29,62,7.1085863,2.962577,制造,False,34,False
29,63,0.22179963,0.17546883,制造,False,85,False
29,64,18.888248,0.9876838,制造,False,16,False
29,65,7.0742188,2.1338203,制造,False,35,False
29,66,7.7849474,2.3842268,制造,False,31,False
29,67,9.550466,1.3273813,金融,False,25,False
29,68,6.5815406,1.0000669,制造,False,39,False
29,69,6.7101135,2.520497,制造,False,37,False
29,70,8.546183,0.6774612,教育,False,28,False
29,71,0.020890843,0.37816736,教育,False,95,False
29,72,2.1069558,6.47815,制造,False,66,False
29,73,0.49672166,0.74077535,制造,False,83,False
29,74,5.5368176,0.5446921,互联网,False,43,False
29,75,4.552324,1.284376,制造,False,48,False
29,76,0.5056002,0.14358172,互联网,False,82,False
29,77,0.54829866,1.1707226,制造,False,81,False
29,78,7.4456253,0.521664,互联网,False,32,False
29,79,0.11752618,0.82158643,制造,False,88,False
29,80,0.05561213,0.9081094,制造,False,92,False
29,81,2.6410882,1.1020797,制造,False,59,False
29,82,0.05323295,0.9432587,制造,False,93,False
29,83,0.16431846,0.5466663,制造,False,87,False
29,84,5.5339613,5.421641,制造,False,44,False
29,85,0.0041258894,0.07128994,制造,False,96,False
29,86,3.8505604,3.505867,互联网,False,52,False
29,87,0.9060023,1.8259943,制造,False,77,False
29,88,1.3489012,0.28761533,教育,False,73,False
29,89,4.7330585,1.4432707,制造,False,47,False
29,90,1.3085793,0.49806106,制造,False,74,False
29,91,30.665798,8.244726,制造,False,8,False
29,92,3.3392234,1.2123659,金融,False,53,False
29,93,0.0,0.2,金融,True,100,False
29,94,5.728738,1.4509038,金融,False,41,False
29,95,0.61372495,0.316895,制造,False,80,False
29,96,1.5901452,0.45961404,教育,False,70,False
29,97,3.2648768,0.40672204,互联网,False,54,False
29,98,47.665524,3.4184,金融,False,7,False
29,99,2.5467832,1.3242987,制造,False,62,False
30,0,1.962471,0.9211181,制造,False,69,False
30,1,2.8186276,1.5964123,制造,False,58,False
30,2,2.091171,0.33369327,制造,False,66,False
30,3,52.836193,4.774365,制造,False,7,False
30,4,100.53207,11.021438,制造,False,2,False
30,5,4.3645053,0.15912442,土木,False,50,False
30,6,0.4165027,0.6062803,金融,False,84,False
30,7,60.85102,8.180382,制造,False,5,False
30,8,0.8150245,0.22766894,制造,False,79,False
30,9,63.160255,20.27077,制造,False,4,False
30,10,86.05525,2.7850184,互联网,False,3,False
30,11,2.788988,0.28217027,制造,False,59,False
30,12,30.504728,4.879492,制造,False,11,False
30,13,0.0,0.050251063,土木,False,97,False
30,14,1.4310108,1.6480147,互联网,False,72,False
30,15,9.6712265,0.93229175,制造,False,26,False
30,16,8.264786,0.58517617,制造,False,31,False
30,17,3.3925786,0.9710755,互联网,False,55,False
30,18,0.06805777,0.7812948,金融,False,94,False
30,19,10.413466,2.6667125,制造,False,24,False
30,20,7.7356586,1.4610125,制造,False,34,False
30,21,20.2841,6.3596473,制造,False,14,False
30,22,0.0,0.2,土木,True,98,False
30,23,22.362875,3.4374833,互联网,False,12,False
30,24,1.4721427,0.45266783,互联网,False,71,False
30,25,1.2211212,0.23255579,互联网,False,76,False
30,26,16.117598,4.9012437,制造,False,18,False
30,27,0.27738944,1.2886603,制造,False,85,False
30,28,0.93938327,0.18300328,互联网,False,78,False
30,29,12.018694,2.051278,金融,False,20,False
30,30,5.739449,2.4054017,制造,False,43,False
30,31,1.9679595,0.7258793,制造,False,68,False
30,32,8.687428,0.9662899,制造,False,29,False
30,33,33.205338,4.5237155,制造,False,8,False
30,34,2.9428728,0.26005387,互联网,False,57,False
30,35,0.14438628,1.8440692,制造,False,89,False
30,36,2.4897346,0.9648292,互联网,False,63,False
30,37,11.575318,34.953403,制造,False,22,False
30,38,3.4139915,1.8794827,制造,False,54,False
30,39,19.28146,0.83617955,互联网,False,16,False
30,40,2.0760374,0.38103783,互联网,False,67,False
30,41,4.403317,0.67168915,互联网,False,49,False
30,42,5.2672005,1.7429658,金融,False,45,False
30,43,4.017504,0.49474987,互联网,False,52,False
30,44,1.333802,3.261625,制造,False,74,False
30,45,21.68363,1.6159699,互联网,False,13,False
30,46,2.36668,0.9829101,制造,False,65,False
30,47,4.4629545,0.7173307,互联网,False,48,False
30,48,8.947376,0.94147724,制造,False,28,False
30,49,31.248308,7.748981,制造,False,10,False
30,50,0.14673415,0.32561007,制造,False,88,False
30,51,7.191749,3.2119017,制造,False,38,False
30,52,10.506361,4.0721564,制造,False,23,False
30,53,11.635048,2.777557,制造,False,21,False
30,54,18.333033,0.2565992,土木,False,17,False
30,55,177.11504,40.080288,金融,False,1,False
30,56,0.079347126,0.8116054,金融,False,91,False
30,57,5.938962,1.8474779,金融,False,42,False
30,58,0.0,0.2,制造,True,99,False
30,59,10.276574,2.8410747,制造,False,25,False
30,60,2.7281427,1.0003593,制造,False,61,False
30,61,7.321657,0.5932283,互联网,False,36,False
30,62,8.160544,2.5572364,制造,False,32,False
30,63,0.23209834,0.2417774,制造,False,86,False
30,64,20.279196,4.0740094,制造,False,15,False
30,65,7.983845,1.5562587,制造,False,33,False
30,66,8.344556,2.5583122,制造,False,30,False
30,67,12.3875,10.721213,金融,False,19,False
30,68,6.572942,1.1502393,制造,False,39,False
30,69,7.2161865,3.591469,制造,False,37,False
30,70,9.220199,1.0978203,教育,False,27,False
30,71,0.030271675,0.3667186,教育,False,95,False
30,72,2.4428866,6.4542284,制造,False,64,False
30,73,0.5198447,1.0230576,制造,False,82,False
30,74,5.707001,0.51401037,互联网,False,44,False
30,75,4.701191,0.6692755,制造,False,47,False
30,76,0.5167845,0.14682531,互联网,False,83,False
30,77,0.5954032,1.0591372,制造,False,81,False
30,78,7.573639,0.34972396,互联网,False,35,False
30,79,0.13117222,0.7011978,制造,False,90,False
30,80,0.06940097,0.7761216,制造,False,93,False
30,81,2.6077185,1.7097523,制造,False,62,False
30,82,0.07419335,0.8834373,制造,False,92,False
30,83,0.17293774,0.32767147,制造,False,87,False
30,84,6.2917056,4.2500973,制造,False,40,False
30,85,0.005499994,0.05775798,制造,False,96,False
30,86,4.0315666,0.71442926,互联网,False,51,False
30,87,1.037995,1.6239117,制造,False,77,False
30,88,1.3813204,0.16078341,教育,False,73,False
30,89,4.7118516,1.5027553,制造,False,46,False
30,90,1.2567867,0.294559,制造,False,75,False
30,91,32.445713,6.1773214,制造,False,9,False
30,92,3.5330076,1.177963,金融,False,53,False
30,93,0.0,0.2,金融,True,100,False
30,94,6.076913,1.2087061,金融,False,41,False
30,95,0.6049106,0.24674246,制造,False,80,False
30,96,1.7462667,0.7024543,教育,False,70,False
30,97,3.3623757,0.6666108,互联网,False,56,False
30,98,53.180496,4.303371,金融,False,6,False
30,99,2.752583,1.5284818,制造,False,60,False
31,0,2.1056783,0.6067301,制造,False,68,False
31,1,2.783931,2.3036358,制造,False,60,False
31,2,2.258653,0.29864132,制造,False,66,False
31,3,51.560387,4.502209,制造,False,7,False
31,4,129.70647,11.596804,制造,False,2,False
31,5,3.951397,0.73561424,教育,False,52,True
31,6,0.43162906,0.9814425,金融,False,84,False
31,7,67.67031,7.746836,制造,False,4,False
31,8,0.8136474,0.17541488,制造,False,79,False
31,9,65.657524,29.938568,制造,False,5,False
31,10,81.66419,4.000084,互联网,False,3,False
31,11,2.7079468,0.2572502,制造,False,62,False
31,12,35.26395,5.4534144,制造,False,9,False
31,13,0.0,0.9882246,制造,False,97,True
31,14,1.5785526,1.2074966,互联网,False,72,False
31,15,10.29912,1.239115,制造,False,25,False
31,16,8.651282,1.4089881,制造,False,32,False
31,17,3.593241,0.80228776,互联网,False,54,False
31,18,0.07859911,0.67419326,金融,False,93,False
31,19,10.529308,2.633238,制造,False,24,False
31,20,8.446101,1.9540153,制造,False,33,False
31,21,21.289997,2.8919268,制造,False,15,False
31,22,0.0,0.2,土木,True,98,False
31,23,23.334314,2.7881775,互联网,False,13,False
31,24,1.5038499,0.51746845,互联网,False,73,False
31,25,1.1975123,0.33844241,互联网,False,76,False
31,26,18.825237,6.9183397,制造,False,17,False
31,27,0.32955647,0.587249,制造,False,85,False
31,28,0.95503396,0.23731712,互联网,False,78,False
31,29,12.766118,2.8911831,金融,False,21,False
31,30,5.8154097,1.6536813,制造,False,44,False
31,31,2.1183329,1.0199838,制造,False,67,False
31,32,9.4236765,0.9995177,制造,False,28,False
31,33,35.940536,2.833579,制造,False,8,False
31,34,2.9266582,0.18410686,互联网,False,57,False
31,35,0.19845046,1.7895314,制造,False,88,False
31,36,2.4394994,0.716747,互联网,False,64,False
31,37,11.803902,20.167688,制造,False,22,False
31,38,3.4528983,1.688146,制造,False,56,False
31,39,19.000055,0.724562,互联网,False,16,False
31,40,2.0734444,0.18735366,互联网,False,69,False
31,41,4.428364,1.2745464,互联网,False,49,False
31,42,5.5210066,1.6156229,金融,False,45,False
31,43,4.0384884,0.65861785,互联网,False,51,False
31,44,1.588091,1.778034,制造,False,71,False
31,45,22.907242,1.3431027,互联网,False,14,False
31,46,2.2678735,1.8222057,制造,False,65,False
31,47,4.7320833,0.5445689,互联网,False,46,False
31,48,9.016499,0.41503477,制造,False,30,False
31,49,33.73453,11.26459,制造,False,10,False
31,50,0.17805202,0.3607719,制造,False,89,False
31,51,7.358042,2.8849192,制造,False,36,False
31,52,11.191565,4.4346423,制造,False,23,False
31,53,12.98229,3.2230637,制造,False,20,False
31,54,18.211803,2.8337102,互联网,False,18,True
31,55,182.44772,25.59023,金融,False,1,False
31,56,0.10078772,1.0220822,金融,False,91,False
31,57,7.1670856,1.9267162,金融,False,38,False
31,58,0.0,0.2,制造,True,99,False
31,59,10.101925,4.0896897,制造,False,27,False
31,60,2.8881004,0.67569077,制造,False,58,False
31,61,7.5493064,0.5164515,互联网,False,35,False
31,62,9.096504,5.059468,制造,False,29,False
31,63,0.22984113,0.17223221,制造,False,86,False
31,64,24.330187,4.134441,制造,False,12,False
31,65,8.751483,1.646034,制造,False,31,False
31,66,8.111911,2.481335,制造,False,34,False
31,67,13.574125,1.0054008,金融,False,19,False
31,68,6.2669735,0.7681012,制造,False,41,False
31,69,7.030722,2.1329556,制造,False,40,False
31,70,10.187309,1.4765223,教育,False,26,False
31,71,0.04270725,0.68256044,教育,False,95,False
31,72,2.8258076,6.981068,制造,False,59,False
31,73,0.5598128,0.769851,制造,False,82,False
31,74,5.851192,0.3646287,互联网,False,43,False
31,75,4.4674516,0.9225401,制造,False,48,False
31,76,0.52069205,0.22882195,互联网,False,83,False
31,77,0.71622926,1.900162,制造,False,80,False
31,78,7.331899,0.412154,互联网,False,37,False
31,79,0.1471257,0.75643176,制造,False,90,False
31,80,0.07639457,0.435461,制造,False,94,False
31,81,2.6268775,0.8525569,制造,False,63,False
31,82,0.085319236,0.5941057,制造,False,92,False
31,83,0.1992455,0.4355308,制造,False,87,False
31,84,7.13611,4.9442625,制造,False,39,False
31,85,0.0072553237,0.093239516,制造,False,96,False
31,86,4.1248436,0.52306676,互联网,False,50,False
31,87,1.1090769,2.4329982,制造,False,77,False
31,88,1.4680895,0.5591721,教育,False,74,False
31,89,4.635218,1.00238,制造,False,47,False
31,90,1.362216,0.36814955,制造,False,75,False
31,91,33.21931,7.609523,制造,False,11,False
31,92,3.702253,1.7086111,金融,False,53,False
31,93,0.0,0.2,金融,True,100,False
31,94,5.957101,1.6680822,金融,False,42,False
31,95,0.60886943,0.1800838,制造,False,81,False
31,96,1.7002833,0.59789014,教育,False,70,False
31,97,3.5134497,0.66202605,互联网,False,55,False
31,98,53.097412,5.3490705,金融,False,6,False
31,99,2.726793,1.1195086,制造,False,61,False
32,0,2.307104,1.1684412,制造,False,66,False
32,1,2.8179927,1.3089106,制造,False,61,False
32,2,2.4107432,0.35370532,制造,False,65,False
32,3,60.384716,5.5165396,制造,False,6,False
32,4,153.83272,9.014471,制造,False,2,False
32,5,3.9098492,0.7919505,教育,False,53,False
32,6,0.46268302,0.92719007,金融,False,84,False
32,7,78.85302,12.540975,制造,False,4,False
32,8,0.79629177,0.17801352,制造,False,80,False
32,9,70.35765,23.415445,制造,False,5,False
32,10,86.27252,4.1867385,互联网,False,3,False
32,11,2.7559838,0.43264717,制造,False,62,False
32,12,33.82422,6.8852763,制造,False,9,False
32,13,0.05885527,0.95456994,制造,False,95,False
32,14,1.7120931,2.20733,互联网,False,70,False
32,15,10.468776,0.61174655,制造,False,26,False
32,16,8.777595,0.71433896,制造,False,32,False
32,17,3.905134,0.8186321,互联网,False,54,False
32,18,0.09265316,0.596588,金融,False,93,False
32,19,11.334949,3.1839442,制造,False,23,False
32,20,8.6192875,1.5411227,制造,False,33,False
32,21,22.719015,6.2690525,制造,False,14,False
32,22,0.0,0.2,土木,True,98,False
32,23,25.356974,2.188362,互联网,False,13,False
32,24,1.5245814,0.37242177,互联网,False,73,False
32,25,1.1463078,0.37286526,互联网,False,76,False
32,26,19.354383,7.2685976,制造,False,16,False
32,27,0.4166667,0.9999857,制造,False,85,False
32,28,0.9684421,0.20995522,互联网,False,78,False
32,29,13.351273,1.5426918,金融,False,21,False
32,30,5.811942,1.276839,制造,False,44,False
32,31,2.2087739,0.8954764,制造,False,68,False
32,32,9.636285,0.99587476,制造,False,29,False
32,33,35.444332,4.1522145,制造,False,8,False
32,34,2.9501917,0.23221911,互联网,False,59,False
32,35,0.23721418,1.5359539,制造,False,86,False
32,36,2.4571903,0.41682884,互联网,False,64,False
32,37,12.069035,24.723495,制造,False,22,False
32,38,3.4610987,2.9186852,制造,False,56,False
32,39,17.065474,0.2860632,互联网,False,18,False
32,40,2.0524323,0.32662418,互联网,False,69,False
32,41,4.6533213,0.7367104,互联网,False,48,False
32,42,5.321173,1.4251844,金融,False,45,False
32,43,4.125834,0.59662247,互联网,False,51,False
32,44,1.549441,3.3269532,制造,False,72,False
32,45,22.352324,0.6765814,互联网,False,15,False
32,46,2.2959228,1.0126156,制造,False,67,False
32,47,4.960702,0.5638031,互联网,False,46,False
32,48,8.980742,0.48921144,制造,False,31,False
32,49,32.950523,5.6037226,制造,False,11,False
32,50,0.19128992,0.2452679,制造,False,89,False
32,51,8.287102,3.967884,制造,False,35,False
32,52,10.660702,4.4329023,制造,False,24,False
32,53,13.502792,4.455822,制造,False,20,False
32,54,18.142054,2.9696221,互联网,False,17,False
32,55,192.75095,26.242191,金融,False,1,False
32,56,0.12672524,1.1180339,金融,False,91,False
32,57,6.9775333,2.0801895,金融,False,40,False
32,58,0.0,0.2,制造,True,99,False
32,59,10.138218,5.706614,制造,False,28,False
32,60,3.003102,1.3387574,制造,False,57,False
32,61,8.245045,0.67975616,互联网,False,36,False
32,62,10.58482,4.5682597,制造,False,25,False
32,63,0.21545878,0.3270833,制造,False,87,False
32,64,26.956944,3.7924047,制造,False,12,False
32,65,9.343628,2.0882485,制造,False,30,False
32,66,8.335635,2.4302227,制造,False,34,False
32,67,13.6841955,0.97073346,金融,False,19,False
32,68,6.6184373,0.19979814,制造,False,41,False
32,69,7.483952,3.463299,制造,False,38,False
32,70,10.444948,0.6655018,教育,False,27,False
32,71,0.047015604,0.31339827,教育,False,96,False
32,72,2.9853873,7.0686293,制造,False,58,False
32,73,0.54106176,0.93942577,制造,False,82,False
32,74,5.936457,0.33522177,互联网,False,43,False
32,75,4.367471,1.2804143,制造,False,49,False
32,76,0.49806675,0.12129189,互联网,False,83,False
32,77,0.83256555,1.4725373,制造,False,79,False
32,78,7.810288,0.73618853,互联网,False,37,False
32,79,0.16511263,0.8867279,制造,False,90,False
32,80,0.08421101,0.65132314,制造,False,94,False
32,81,2.5882947,1.7502462,制造,False,63,False
32,82,0.10547765,0.9660476,制造,False,92,False
32,83,0.21277213,0.58443195,制造,False,88,False
32,84,7.371326,5.5514455,制造,False,39,False
32,85,0.008468013,0.07832788,制造,False,97,False
32,86,4.247665,0.79733855,互联网,False,50,False
32,87,1.1186981,3.3626354,制造,False,77,False
32,88,1.5236597,0.42437497,教育,False,74,False
32,89,4.733416,0.9491851,制造,False,47,False
32,90,1.3649467,0.6014572,制造,False,75,False
32,91,33.11326,5.2722373,制造,False,10,False
32,92,3.954102,0.83655053,金融,False,52,False
32,93,0.0,0.2,金融,True,100,False
32,94,6.166695,1.0069474,金融,False,42,False
32,95,0.60301405,0.13215403,制造,False,81,False
32,96,1.5869159,0.29395163,教育,False,71,False
32,97,3.6982884,0.4123414,互联网,False,55,False
32,98,52.689854,4.580919,金融,False,7,False
32,99,2.8798733,1.33712,制造,False,60,False
33,0,2.4129746,1.075978,制造,False,66,False
33,1,2.9001775,1.2322756,制造,False,61,False
33,2,2.49924,0.49402708,制造,False,65,False
33,3,60.900867,7.9261823,制造,False,6,False
33,4,144.83226,6.7699013,制造,False,2,False
33,5,3.716131,0.7304089,教育,False,55,False
33,6,0.4516085,0.7191633,金融,False,85,False
33,7,89.345,9.325385,制造,False,4,False
33,8,0.8138235,0.22969893,制造,False,79,False
33,9,77.15302,26.225658,制造,False,5,False
33,10,91.86926,6.952498,互联网,False,3,False
33,11,2.8524783,0.4676414,制造,False,62,False
33,12,34.053963,4.974378,制造,False,10,False
33,13,0.11015786,0.8106101,制造,False,94,False
33,14,1.6750817,2.3035295,互联网,False,71,False
33,15,10.977858,1.0362988,制造,False,26,False
33,16,9.609769,0.63682014,制造,False,31,False
33,17,4.228907,0.94460744,互联网,False,51,False
33,18,0.11201937,0.86764205,金融,False,93,False
33,19,12.262839,2.274366,制造,False,23,False
33,20,9.190758,1.4505441,制造,False,33,False
33,21,25.873238,3.261706,制造,False,14,False
33,22,0.0,0.2,土木,True,97,False
33,23,26.515104,4.014503,互联网,False,13,False
33,24,1.5341893,0.39051133,互联网,False,73,False
33,25,1.1648992,0.3531277,互联网,False,74,False
33,26,22.170767,4.564411,制造,False,16,False
33,27,0.47986737,1.1930196,制造,False,84,False
33,28,1.0012894,0.20814781,互联网,False,76,False
33,29,14.395131,2.686197,金融,False,19,False
33,30,6.177493,2.5461648,制造,False,43,False
33,31,2.289424,0.8279481,制造,False,67,False
33,32,8.964719,1.1618943,制造,False,34,False
33,33,37.869656,6.1216474,制造,False,9,False
33,34,3.0658534,0.2639224,互联网,False,59,False
33,35,0.31772816,1.9748632,制造,False,86,False
33,36,2.7430634,1.0511106,互联网,False,64,False
33,37,13.140392,24.665384,制造,False,22,False
33,38,3.0848055,2.2753708,制造,False,58,False
33,39,15.981092,0.9069558,互联网,False,18,False
33,40,1.9811807,0.38589028,互联网,False,69,False
33,41,4.9476123,0.9845346,互联网,False,47,False
33,42,5.8967247,1.7816483,金融,False,45,False
33,43,4.3059626,0.9687209,互联网,False,50,False
33,44,1.8498024,3.559894,制造,False,70,False
33,45,23.003782,2.2825642,互联网,False,15,False
33,46,2.2686572,1.7705917,制造,False,68,False
33,47,5.402654,1.0807592,互联网,False,46,False
33,48,8.858907,0.54177374,制造,False,35,False
33,49,32.27081,6.9631567,制造,False,11,False
33,50,0.22137362,0.5084264,制造,False,87,False
33,51,9.950172,4.9269557,制造,False,30,False
33,52,11.661134,4.668366,制造,False,25,False
33,53,13.833681,1.6440479,制造,False,21,False
33,54,19.756319,2.7543917,互联网,False,17,False
33,55,200.04637,37.70342,金融,False,1,False
33,56,0.16977222,1.6103036,金融,False,91,False
33,57,6.8614597,1.9153008,金融,False,41,False
33,58,0.0,0.2,制造,True,98,False
33,59,11.734341,3.3357658,制造,False,24,False
33,60,3.1487932,1.2656059,制造,False,57,False
33,61,8.227511,0.8954903,互联网,False,37,False
33,62,10.235243,4.0309043,制造,False,28,False
33,63,0.22059013,0.2327917,制造,False,88,False
33,64,28.621647,2.2235398,制造,False,12,False
33,65,10.196649,3.2741828,制造,False,29,False
33,66,9.374169,2.9910066,制造,False,32,False
33,67,14.279006,0.9959636,金融,False,20,False
33,68,6.90811,1.3170834,制造,False,40,False
33,69,8.426451,3.312045,制造,False,36,False
33,70,10.372585,1.9926827,制造,False,27,True
33,71,0.0,1.4985756,制造,True,99,True
33,72,3.361484,7.141764,制造,False,56,False
33,73,0.5869326,0.63570935,制造,False,82,False
33,74,6.144203,0.5482809,互联网,False,44,False
33,75,4.330886,1.4744662,制造,False,49,False
33,76,0.50464064,0.15881896,互联网,False,83,False
33,77,0.91227597,1.1219093,制造,False,78,False
33,78,7.5848927,0.50231564,互联网,False,38,False
33,79,0.17879038,0.75744563,制造,False,90,False
33,80,0.10350776,0.7454316,制造,False,95,False
33,81,2.7637374,1.4959074,制造,False,63,False
33,82,0.11971027,0.8319465,制造,False,92,False
33,83,0.21598198,0.5458544,制造,False,89,False
33,84,7.1732893,3.5865662,制造,False,39,False
33,85,0.010318706,0.091766715,制造,False,96,False
33,86,4.215415,0.5062637,互联网,False,52,False
33,87,1.080796,2.4246585,制造,False,75,False
33,88,0.9835622,1.3176389,制造,False,77,True
33,89,4.864218,1.3729234,制造,False,48,False
33,90,1.5608592,0.3261194,制造,False,72,False
33,91,38.606552,5.8835106,制造,False,8,False
33,92,3.7964907,1.6182548,金融,False,54,False
33,93,0.0,0.2,金融,True,100,False
33,94,6.4742627,1.4890441,金融,False,42,False
33,95,0.60227513,0.26553562,制造,False,81,False
33,96,0.72862804,0.5730564,金融,False,80,True
33,97,3.827837,0.39924014,互联网,False,53,False
33,98,58.65801,3.4278316,金融,False,7,False
33,99,3.0496526,1.2939279,制造,False,60,False
34,0,2.5481808,1.1362947,制造,False,64,False
34,1,2.8173435,1.156091,制造,False,62,False
34,2,2.5416188,0.38914225,制造,False,65,False
34,3,56.98808,6.7720942,制造,False,7,False
34,4,166.89767,11.619415,制造,False,2,False
34,5,3.7847736,0.3351222,教育,False,54,False
34,6,0.4838481,0.6592451,金融,False,85,False
34,7,92.35036,9.764088,制造,False,3,False
34,8,0.812799,0.2908363,制造,False,79,False
34,9,87.653694,32.5195,制造,False,5,False
34,10,88.61137,8.735464,互联网,False,4,False
34,11,2.857818,0.2666735,制造,False,61,False
34,12,33.858246,4.3527927,制造,False,10,False
34,13,0.17157346,1.0158539,制造,False,92,False
34,14,1.7838751,1.5318389,互联网,False,71,False
34,15,12.028265,0.86847943,制造,False,25,False
34,16,10.129583,0.8400324,制造,False,31,False
34,17,3.8525891,1.121663,互联网,False,53,False
34,18,0.12935393,0.63545614,金融,False,94,False
34,19,12.7768755,3.3605819,制造,False,24,False
34,20,9.7909775,1.8404655,制造,False,33,False
34,21,26.323277,5.5746427,制造,False,14,False
34,22,0.0,0.2,土木,True,97,False
34,23,27.580032,2.3709562,互联网,False,13,False
34,24,1.5432268,0.24668713,互联网,False,74,False
34,25,1.1593556,0.3835052,互联网,False,75,False
34,26,24.417244,4.6492233,制造,False,15,False
34,27,0.52290916,0.5979147,制造,False,84,False
34,28,0.9993598,0.23061787,互联网,False,77,False
34,29,14.3547735,1.109953,金融,False,20,False
34,30,7.1821976,2.537821,制造,False,40,False
34,31,2.2068756,0.7433571,制造,False,68,False
34,32,8.929233,0.85542035,制造,False,35,False
34,33,41.780777,5.9928756,制造,False,8,False
34,34,3.0887058,0.23936503,互联网,False,59,False
34,35,0.34597418,1.3778101,制造,False,86,False
34,36,2.9173722,0.69853675,互联网,False,60,False
34,37,13.458316,18.400463,制造,False,23,False
34,38,3.4115977,2.371667,制造,False,57,False
34,39,16.86966,0.49782485,互联网,False,18,False
34,40,1.9156698,0.41913095,互联网,False,70,False
34,41,5.097782,0.5569341,互联网,False,46,False
34,42,5.757944,0.86517805,金融,False,45,False
34,43,4.543957,0.60616124,互联网,False,49,False
34,44,2.0960374,3.3188329,制造,False,69,False
34,45,22.260067,1.328181,互联网,False,17,False
34,46,2.3039672,1.5911245,制造,False,67,False
34,47,4.133509,0.97538394,互联网,False,51,False
34,48,8.751652,0.5633936,制造,False,36,False
34,49,31.424149,4.8897176,制造,False,11,False
34,50,0.22013897,0.39904848,制造,False,88,False
34,51,10.468668,3.5280943,制造,False,30,False
34,52,10.807571,3.9741051,制造,False,28,False
34,53,14.221106,3.0175486,制造,False,21,False
34,54,23.733097,1.9177623,互联网,False,16,False
34,55,208.36916,8.126983,金融,False,1,False
34,56,0.2012243,1.0517719,金融,False,90,False
34,57,7.412248,2.4406817,金融,False,39,False
34,58,0.0,0.2,制造,True,98,False
34,59,13.835681,4.733422,制造,False,22,False
34,60,3.2669482,1.0243881,制造,False,58,False
34,61,8.09909,1.0840741,互联网,False,37,False
34,62,10.869408,2.8230982,制造,False,27,False
34,63,0.2186997,0.1842107,制造,False,89,False
34,64,28.560863,3.538876,制造,False,12,False
34,65,10.025955,1.9638262,制造,False,32,False
34,66,10.7540655,2.5291438,制造,False,29,False
34,67,15.361483,1.1071249,金融,False,19,False
34,68,7.1487694,1.148025,制造,False,41,False
34,69,9.398392,2.4509985,制造,False,34,False
34,70,11.36055,2.2335181,制造,False,26,False
34,71,0.0,0.2,制造,True,99,False
34,72,3.5106177,6.4895163,制造,False,56,False
34,73,0.5951447,1.016655,制造,False,82,False
34,74,6.5383406,0.48636907,互联网,False,43,False
34,75,4.5613666,0.7597581,制造,False,48,False
34,76,0.52541655,0.0784465,互联网,False,83,False
34,77,0.81650954,1.0817558,制造,False,78,False
34,78,7.526814,0.61323583,互联网,False,38,False
34,79,0.17533071,0.9748871,制造,False,91,False
34,80,0.11379233,0.7512626,制造,False,95,False
34,81,2.7407618,1.3030745,制造,False,63,False
34,82,0.14054966,1.0164338,制造,False,93,False
34,83,0.2647715,0.88691324,制造,False,87,False
34,84,6.611506,4.4182925,制造,False,42,False
34,85,0.010832783,0.06173678,制造,False,96,False
34,86,4.2364116,0.6112564,互联网,False,50,False
34,87,1.15871,2.1297898,制造,False,76,False
34,88,1.5831898,4.3605256,制造,False,73,False
34,89,4.672339,1.6591753,制造,False,47,False
34,90,1.6204563,0.66866213,制造,False,72,False
34,91,38.345787,5.057991,制造,False,9,False
34,92,3.5881624,0.9910309,金融,False,55,False
34,93,0.0,0.2,金融,True,100,False
34,94,6.2749057,1.2695721,金融,False,44,False
34,95,0.6350741,0.15766427,制造,False,81,False
34,96,0.741538,0.5792832,金融,False,80,False
34,97,3.8585224,0.5387278,互联网,False,52,False
34,98,58.63147,4.9635997,金融,False,6,False
34,99,2.4153361,1.1998547,制造,False,66,False
35,0,2.5921617,0.33248428,制造,False,65,False
35,1,2.77542,1.6188805,制造,False,63,False
35,2,2.6042192,0.39724034,制造,False,64,False
35,3,52.724487,7.100648,制造,False,7,False
35,4,191.97026,5.5871105,制造,False,2,False
35,5,3.8499227,0.59862643,教育,False,53,False
35,6,0.48554128,1.0612726,金融,False,85,False
35,7,97.12469,5.903619,制造,False,4,False
35,8,0.79194546,0.29820874,制造,False,79,False
35,9,88.202965,33.178646,制造,False,5,False
35,10,97.15289,6.5717545,互联网,False,3,False
35,11,2.8046083,0.3808199,制造,False,62,False
35,12,36.587234,5.241339,制造,False,10,False
35,13,0.23916718,1.1494027,制造,False,88,False
35,14,1.8128291,1.7103088,互联网,False,70,False
35,15,12.099865,1.1108042,制造,False,26,False
35,16,10.464125,0.6947607,制造,False,31,False
35,17,3.4945781,0.7301788,互联网,False,56,False
35,18,0.1544938,0.7434569,金融,False,94,False
35,19,13.331182,3.0558407,制造,False,24,False
35,20,9.613419,0.97347707,制造,False,34,False
35,21,25.61958,4.0508246,制造,False,16,False
35,22,0.0,0.2,土木,True,97,False
35,23,28.256289,2.0171611,互联网,False,13,False
35,24,1.5123458,0.23042773,互联网,False,73,False
35,25,1.2471687,0.339728,互联网,False,76,False
35,26,27.416168,4.7185373,制造,False,14,False
35,27,0.59955573,1.0386246,制造,False,83,False
35,28,0.99406993,0.46950835,互联网,False,77,False
35,29,14.846973,2.6897771,金融,False,21,False
35,30,7.5850635,2.2712917,制造,False,40,False
35,31,2.3975768,1.1148353,制造,False,68,False
35,32,9.259396,1.2424577,制造,False,35,False
35,33,50.48837,5.144956,制造,False,8,False
35,34,3.123555,0.21446517,互联网,False,59,False
35,35,0.37038022,2.0229008,制造,False,86,False
35,36,2.9438014,0.7816264,互联网,False,60,False
35,37,13.624531,37.45148,制造,False,23,False
35,38,3.48475,2.0807352,制造,False,57,False
35,39,17.66972,0.62055045,互联网,False,18,False
35,40,1.4657948,0.5184699,互联网,False,74,False
35,41,5.273244,0.6789495,互联网,False,46,False
35,42,5.955121,1.2994086,金融,False,45,False
35,43,4.639546,0.6068639,互联网,False,48,False
35,44,2.2198002,2.473481,制造,False,69,False
35,45,22.8131,1.31839,互联网,False,17,False
35,46,2.4330342,1.3510466,制造,False,67,False
35,47,4.367115,0.4818317,互联网,False,50,False
35,48,9.110156,0.72089857,制造,False,36,False
35,49,31.021383,0.82445747,制造,False,11,False
35,50,0.22482823,0.1110986,制造,False,90,False
35,51,10.868204,4.5201793,制造,False,29,False
35,52,11.205499,5.5909867,制造,False,28,False
35,53,15.551847,5.0152,制造,False,20,False
35,54,25.928179,1.5983195,互联网,False,15,False
35,55,229.90514,31.52793,金融,False,1,False
35,56,0.23614915,1.5023528,金融,False,89,False
35,57,7.417822,2.4022005,金融,False,42,False
35,58,0.0,0.2,制造,True,98,False
35,59,14.705123,3.1099753,制造,False,22,False
35,60,3.3718188,0.8228819,制造,False,58,False
35,61,7.8336234,0.7349474,互联网,False,37,False
35,62,10.183084,3.8508854,制造,False,32,False
35,63,0.21604452,0.23044229,制造,False,91,False
35,64,29.965637,4.2401943,制造,False,12,False
35,65,11.969951,3.0410385,制造,False,27,False
35,66,10.522275,2.8949006,制造,False,30,False
35,67,16.109886,1.807272,金融,False,19,False
35,68,7.775344,1.6445589,制造,False,38,False
35,69,9.686328,2.8942087,制造,False,33,False
35,70,12.283399,1.900901,制造,False,25,False
35,71,0.0,0.2,制造,True,99,False
35,72,3.794156,5.637341,制造,False,54,False
35,73,0.6154683,1.1757478,制造,False,82,False
35,74,6.260799,0.2933287,互联网,False,44,False
35,75,4.2191367,0.8831738,制造,False,51,False
35,76,0.5390921,0.03499551,互联网,False,84,False
35,77,0.9661013,1.5539463,制造,False,78,False
35,78,7.7653437,0.48034376,互联网,False,39,False
35,79,0.18700036,0.5758382,制造,False,92,False
35,80,0.13751315,0.9517519,制造,False,95,False
35,81,2.8878815,1.4318715,制造,False,61,False
35,82,0.15877981,0.8785974,制造,False,93,False
35,83,0.26419616,0.9278622,制造,False,87,False
35,84,7.429999,4.686522,制造,False,41,False
35,85,0.012272725,0.066742495,制造,False,96,False
35,86,4.463091,0.65292233,互联网,False,49,False
35,87,1.2477983,1.5675837,制造,False,75,False
35,88,1.6990867,0.9285442,制造,False,72,False
35,89,4.978109,1.5021889,制造,False,47,False
35,90,1.752561,0.36391,制造,False,71,False
35,91,43.358692,4.377516,制造,False,9,False
35,92,3.5302565,0.9563741,金融,False,55,False
35,93,0.0,0.2,金融,True,100,False
35,94,6.6113143,1.0868524,金融,False,43,False
35,95,0.6396012,0.29850954,制造,False,81,False
35,96,0.7881364,0.59093046,金融,False,80,False
35,97,3.8938718,0.6611653,互联网,False,52,False
35,98,62.090237,3.3056617,金融,False,6,False
35,99,2.5769486,1.0670233,制造,False,66,False
36,0,2.747018,0.992952,制造,False,62,False
36,1,2.0592399,1.6350702,制造,False,70,False
36,2,2.6613438,0.4673873,制造,False,64,False
36,3,52.88868,3.8558125,制造,False,7,False
36,4,204.47386,6.289396,制造,False,2,False
36,5,3.2740347,1.739894,制造,False,58,True
36,6,0.48198548,0.89099896,金融,False,85,False
36,7,105.75026,8.7128935,制造,False,4,False
36,8,0.79719687,0.27722374,制造,False,79,False
36,9,99.1911,25.47143,制造,False,5,False
36,10,108.321526,7.3546796,互联网,False,3,False
36,11,2.6187048,0.36453575,制造,False,65,False
36,12,35.63793,7.3790135,制造,False,10,False
36,13,0.31600627,1.1112489,制造,False,87,False
36,14,2.1661408,1.9021924,互联网,False,69,False
36,15,12.836201,1.3550856,制造,False,27,False
36,16,9.996571,0.69988877,制造,False,32,False
36,17,3.8480475,0.88924193,互联网,False,54,False
36,18,0.17150906,1.1168362,金融,False,93,False
36,19,14.317492,3.075684,制造,False,24,False
36,20,10.132214,2.5441794,制造,False,31,False
36,21,28.606209,5.3445253,制造,False,13,False
36,22,0.0,0.2,土木,True,97,False
36,23,27.599123,2.9900746,互联网,False,15,False
36,24,1.4176449,0.2751638,互联网,False,74,False
36,25,1.3779722,0.6144457,互联网,False,76,False
36,26,25.84834,2.4616451,制造,False,16,False
36,27,0.6859735,1.2444291,制造,False,80,False
36,28,1.0385392,0.18998593,互联网,False,78,False
36,29,14.567733,1.3453494,金融,False,23,False
36,30,8.259869,2.0506516,制造,False,38,False
36,31,2.5672176,0.44525126,制造,False,66,False
36,32,9.934901,0.7005345,制造,False,34,False
36,33,50.44382,3.4162748,制造,False,8,False
36,34,3.0954494,0.30971277,互联网,False,59,False
36,35,0.4262593,2.0522218,制造,False,86,False
36,36,2.8472586,1.0976373,互联网,False,60,False
36,37,14.580018,36.120373,制造,False,22,False
36,38,3.5202854,2.2710218,制造,False,57,False
36,39,18.771868,0.7460582,互联网,False,18,False
36,40,1.3897424,0.20067686,互联网,False,75,False
36,41,5.1960793,0.7298301,互联网,False,46,False
36,42,6.7410326,0.85701966,金融,False,44,False
36,43,4.589606,0.828339,互联网,False,50,False
36,44,2.3361552,4.4601235,制造,False,68,False
36,45,24.611473,1.9520794,互联网,False,17,False
36,46,2.4968555,1.3567679,制造,False,67,False
36,47,4.7269683,0.47297,互联网,False,48,False
36,48,9.076084,0.5883982,制造,False,35,False
36,49,32.896046,8.816571,制造,False,11,False
36,50,0.28622156,0.70363253,制造,False,88,False
36,51,10.799629,3.7484515,制造,False,29,False
36,52,11.937498,4.957828,制造,False,28,False
36,53,18.177288,3.9637706,制造,False,19,False
36,54,27.928692,1.909402,互联网,False,14,False
36,55,251.11308,71.88382,金融,False,1,False
36,56,0.26439682,0.82277536,金融,False,89,False
36,57,7.1544027,1.0522479,金融,False,43,False
36,58,0.0,0.2,制造,True,98,False
36,59,16.258419,3.0128076,制造,False,21,False
36,60,3.604407,1.2186568,制造,False,56,False
36,61,7.9766417,0.5279264,互联网,False,40,False
36,62,9.99471,4.217661,制造,False,33,False
36,63,0.22090478,0.35285488,制造,False,91,False
36,64,30.18169,5.108094,制造,False,12,False
36,65,13.227047,2.1196628,制造,False,25,False
36,66,10.380231,2.1565511,制造,False,30,False
36,67,16.840572,1.2379116,金融,False,20,False
36,68,7.8685927,1.4538171,制造,False,41,False
36,69,8.846972,4.6377316,制造,False,36,False
36,70,12.942758,2.0517678,制造,False,26,False
36,71,0.0,0.2,制造,True,99,False
36,72,4.2442036,5.962082,制造,False,51,False
36,73,0.5271884,0.8169627,制造,False,84,False
36,74,6.3791027,0.36363053,互联网,False,45,False
36,75,4.6504316,1.8574435,制造,False,49,False
36,76,0.5523239,0.039813865,互联网,False,83,False
36,77,1.1473577,1.607767,制造,False,77,False
36,78,8.4021225,0.4874348,互联网,False,37,False
36,79,0.19856942,0.6459131,制造,False,92,False
36,80,0.1265136,1.197774,制造,False,95,False
36,81,2.7810295,1.0053934,制造,False,61,False
36,82,0.16817935,0.70724195,制造,False,94,False
36,83,0.26369336,0.6270307,制造,False,90,False
36,84,8.189401,3.3524382,制造,False,39,False
36,85,0.014563039,0.08839292,制造,False,96,False
36,86,3.9508321,0.61035925,互联网,False,53,False
36,87,1.5343345,2.2699494,制造,False,73,False
36,88,1.7573256,0.70060354,制造,False,72,False
36,89,4.732647,3.0332773,制造,False,47,False
36,90,1.7831179,0.4542356,制造,False,71,False
36,91,45.619312,9.544607,制造,False,9,False
36,92,3.8325274,1.0608834,金融,False,55,False
36,93,0.0,0.2,金融,True,100,False
36,94,7.4732695,0.94249886,金融,False,42,False
36,95,0.6458035,0.26145,制造,False,81,False
36,96,0.62197846,0.49836522,金融,False,82,False
36,97,3.9605446,0.8784514,互联网,False,52,False
36,98,65.092514,3.752153,金融,False,6,False
36,99,2.727441,1.8377696,制造,False,63,False
37,0,2.7919874,0.7484561,制造,False,64,False
37,1,2.171352,1.8010283,制造,False,69,False
37,2,2.7981524,0.49863166,制造,False,63,False
37,3,52.271553,4.916065,制造,False,8,False
37,4,213.57903,4.948464,制造,False,2,False
37,5,3.6193013,1.8647671,制造,False,57,False
37,6,0.48286545,0.6895894,金融,False,85,False
37,7,125.916214,10.604696,制造,False,3,False
37,8,0.85617816,0.29036337,制造,False,79,False
37,9,99.0683,38.265446,制造,False,5,False
37,10,116.7038,4.595923,互联网,False,4,False
37,11,2.6357079,0.54552007,制造,False,68,False
37,12,33.221035,8.692451,制造,False,11,False
37,13,0.40694535,1.4009151,制造,False,87,False
37,14,2.1356297,2.280046,互联网,False,70,False
37,15,12.975042,1.1459272,制造,False,27,False
37,16,10.423211,1.1578418,制造,False,32,False
37,17,3.664496,1.0324337,互联网,False,56,False
37,18,0.19081591,0.5512822,金融,False,94,False
37,19,13.441712,1.6094202,制造,False,26,False
37,20,10.446459,2.326558,制造,False,31,False
37,21,29.223364,5.581133,制造,False,13,False
37,22,0.0,0.2,土木,True,97,False
37,23,26.008408,2.146522,互联网,False,16,False
37,24,1.452413,0.22420359,互联网,False,75,False
37,25,1.3792571,0.23548515,互联网,False,76,False
37,26,26.328865,5.0903277,制造,False,15,False
37,27,0.7438241,0.78351146,制造,False,80,False
37,28,1.111094,0.20722792,互联网,False,78,False
37,29,13.448651,1.8862327,金融,False,25,False
37,30,8.966624,3.0414574,制造,False,37,False
37,31,3.0874605,0.922838,制造,False,60,False
37,32,10.34197,1.1492109,制造,False,33,False
37,33,58.886253,4.758575,制造,False,7,False
37,34,3.150656,0.16757333,互联网,False,59,False
37,35,0.43378666,1.9097186,制造,False,86,False
37,36,2.9802725,1.2580835,互联网,False,61,False
37,37,14.551123,29.350992,制造,False,23,False
37,38,3.3599415,2.2507687,制造,False,58,False
37,39,20.387579,0.8379708,互联网,False,18,False
37,40,1.4748787,0.39417115,互联网,False,74,False
37,41,4.986516,0.67339027,互联网,False,47,False
37,42,7.317422,1.5082005,金融,False,44,False
37,43,4.543699,0.12269293,互联网,False,50,False
37,44,2.7268894,3.0864835,制造,False,65,False
37,45,25.55631,1.2704334,互联网,False,17,False
37,46,2.6422892,1.4069793,制造,False,67,False
37,47,4.720601,0.5255719,互联网,False,49,False
37,48,8.819524,0.51953226,制造,False,38,False
37,49,36.151886,8.907309,制造,False,10,False
37,50,0.31373864,0.36406887,制造,False,88,False
37,51,9.977071,2.6212783,制造,False,34,False
37,52,14.786166,7.1234684,制造,False,22,False
37,53,18.945492,1.917689,制造,False,19,False
37,54,27.916052,1.4028091,互联网,False,14,False
37,55,263.31973,26.806103,金融,False,1,False
37,56,0.2779492,1.0222983,金融,False,90,False
37,57,7.7044964,1.3971903,金融,False,42,False
37,58,0.0,0.2,制造,True,98,False
37,59,18.233353,4.539224,制造,False,21,False
37,60,3.71572,1.0316783,制造,False,55,False
37,61,7.761921,0.69956106,互联网,False,41,False
37,62,10.629085,5.278664,制造,False,30,False
37,63,0.22572054,0.26993948,制造,False,91,False
37,64,31.072445,2.714213,制造,False,12,False
37,65,13.487442,2.662422,制造,False,24,False
37,66,11.596504,3.0862865,制造,False,29,False
37,67,18.300228,1.1737071,金融,False,20,False
37,68,8.037603,2.206468,制造,False,39,False
37,69,9.050309,2.677946,制造,False,36,False
37,70,12.883785,2.1440058,制造,False,28,False
37,71,0.0,0.2,制造,True,99,False
37,72,4.516082,7.838771,制造,False,51,False
37,73,0.534202,0.8923977,制造,False,84,False
37,74,6.5447984,0.5220529,互联网,False,45,False
37,75,4.841406,1.5077996,制造,False,48,False
37,76,0.55337906,0.122995585,互联网,False,83,False
37,77,1.160832,1.5755192,制造,False,77,False
37,78,7.667112,0.48589793,互联网,False,43,False
37,79,0.21970505,0.7032639,制造,False,92,False
37,80,0.159112,1.0064522,制造,False,95,False
37,81,2.6674461,2.5237548,制造,False,66,False
37,82,0.19291846,1.0086744,制造,False,93,False
37,83,0.28540316,0.7085334,制造,False,89,False
37,84,9.069509,3.718192,制造,False,35,False
37,85,0.016751546,0.096893504,制造,False,96,False
37,86,4.110479,0.5075608,互联网,False,53,False
37,87,1.5660803,3.0799673,制造,False,73,False
37,88,1.8744526,0.9013585,制造,False,71,False
37,89,5.0272465,1.476272,制造,False,46,False
37,90,1.7454629,0.6117539,制造,False,72,False
37,91,40.060074,9.016362,制造,False,9,False
37,92,3.9914103,1.1275798,金融,False,54,False
37,93,0.0,0.2,金融,True,100,False
37,94,7.8248153,0.87179434,金融,False,40,False
37,95,0.5821668,0.38956034,制造,False,82,False
37,96,0.70856076,0.6568014,金融,False,81,False
37,97,4.2588677,0.5415819,互联网,False,52,False
37,98,65.54666,6.3281374,金融,False,6,False
37,99,2.9621356,1.202851,制造,False,62,False
38,0,2.704554,1.0286078,制造,False,65,False
38,1,2.131239,1.6879377,制造,False,70,False
38,2,2.8093894,0.5039321,制造,False,64,False
38,3,51.55011,5.503533,制造,False,8,False
38,4,223.48347,6.0212307,制造,False,2,False
38,5,3.7866373,2.2626407,制造,False,56,False
38,6,0.5212697,1.1195946,金融,False,86,False
38,7,130.05385,9.462173,制造,False,3,False
38,8,0.8738465,0.22211267,制造,False,79,False
38,9,100.16074,31.311869,制造,False,5,False
38,10,124.40968,4.558856,互联网,False,4,False
38,11,2.601074,0.43331596,制造,False,68,False
38,12,34.99326,5.9673676,制造,False,11,False
38,13,0.48350418,0.93869656,制造,False,87,False
38,14,2.2763896,1.1147314,互联网,False,69,False
38,15,14.048955,0.64097226,制造,False,25,False
38,16,10.470655,0.66802746,制造,False,33,False
38,17,3.7420146,0.9281027,互联网,False,57,False
38,18,0.1938382,0.8588123,金融,False,94,False
38,19,13.525835,3.4471936,制造,False,26,False
38,20,10.696366,2.1237047,制造,False,31,False
38,21,26.862366,5.7464457,制造,False,16,False
38,22,0.0,0.2,土木,True,97,False
38,23,27.848804,4.5630646,互联网,False,15,False
38,24,1.478706,0.19641578,互联网,False,74,False
38,25,1.4378781,0.32383397,互联网,False,75,False
38,26,28.892454,4.6510754,制造,False,14,False
38,27,0.80170375,0.78563774,制造,False,81,False
38,28,1.1667309,0.23071167,互联网,False,78,False
38,29,12.541443,1.9624543,金融,False,29,False
38,30,8.8339,0.87596464,制造,False,38,False
38,31,2.8185303,0.8851708,制造,False,63,False
38,32,10.610147,1.0815697,制造,False,32,False
38,33,70.21256,4.3354774,制造,False,7,False
38,34,3.1618543,0.18302946,互联网,False,60,False
38,35,0.52687865,3.371237,制造,False,85,False
38,36,3.0678174,1.0113083,互联网,False,61,False
38,37,15.279011,34.611813,制造,False,23,False
38,38,3.3458245,2.571032,制造,False,58,False
38,39,23.445925,0.9865769,互联网,False,18,False
38,40,1.4301237,0.42678127,互联网,False,76,False
38,41,5.1112056,1.1028255,互联网,False,47,False
38,42,5.5589995,1.8859744,金融,False,45,False
38,43,4.922499,1.4815878,互联网,False,49,False
38,44,3.0462873,3.091757,制造,False,62,False
38,45,24.977495,1.5473748,互联网,False,17,False
38,46,2.6983879,2.4308918,制造,False,66,False
38,47,4.8974977,1.069037,互联网,False,50,False
38,48,8.978372,0.73825175,制造,False,37,False
38,49,39.640945,4.869818,制造,False,10,False
38,50,0.3601694,0.4421698,制造,False,88,False
38,51,10.465194,3.2733676,制造,False,34,False
38,52,16.843452,3.6578567,制造,False,22,False
38,53,19.582022,3.0324407,制造,False,20,False
38,54,30.858759,2.6711407,互联网,False,12,False
38,55,285.37457,57.281097,金融,False,1,False
38,56,0.2918146,1.0469922,金融,False,89,False
38,57,8.303301,1.2737415,金融,False,39,False
38,58,0.0,0.2,制造,True,98,False
38,59,19.84479,2.5811493,制造,False,19,False
38,60,3.8381906,1.1268051,制造,False,55,False
38,61,7.802608,0.84246844,互联网,False,43,False
38,62,11.512119,3.8829277,制造,False,30,False
38,63,0.23593436,0.24895032,制造,False,92,False
38,64,30.056543,2.9606638,制造,False,13,False
38,65,14.393235,3.8141162,制造,False,24,False
38,66,13.213267,3.7896388,制造,False,28,False
38,67,18.54804,0.61365646,金融,False,21,False
38,68,8.168465,0.88557416,制造,False,41,False
38,69,10.01864,2.6997957,制造,False,35,False
38,70,13.467785,2.0961728,制造,False,27,False
38,71,0.0,0.2,制造,True,99,False
38,72,4.853759,13.928571,制造,False,51,False
38,73,0.5721265,0.76833206,制造,False,82,False
38,74,6.6919737,1.0053251,互联网,False,44,False
38,75,4.99199,1.0811902,制造,False,48,False
38,76,0.5589548,0.137235,互联网,False,84,False
38,77,1.2339021,1.6518595,制造,False,77,False
38,78,8.275384,0.40907276,互联网,False,40,False
38,79,0.24155706,1.2789247,制造,False,91,False
38,80,0.18397278,1.2100023,制造,False,95,False
38,81,2.6458502,1.2649482,制造,False,67,False
38,82,0.2196247,1.1522737,制造,False,93,False
38,83,0.2887605,0.7001728,制造,False,90,False
38,84,9.108147,3.3611863,制造,False,36,False
38,85,0.017457377,0.0890826,制造,False,96,False
38,86,4.2711825,0.750896,互联网,False,53,False
38,87,1.5707805,2.2461517,制造,False,73,False
38,88,1.9734362,0.9206297,制造,False,71,False
38,89,5.5317574,2.7458253,制造,False,46,False
38,90,1.8478366,0.37181395,制造,False,72,False
38,91,42.95638,5.4000254,制造,False,9,False
38,92,4.0674267,1.647653,金融,False,54,False
38,93,0.0,0.2,金融,True,100,False
38,94,7.8802266,1.3617592,金融,False,42,False
38,95,0.5644999,0.50536376,制造,False,83,False
38,96,0.80503434,0.8318074,金融,False,80,False
38,97,4.337928,0.51280165,互联网,False,52,False
38,98,78.41413,5.5269694,金融,False,6,False
38,99,3.3139627,2.026094,制造,False,59,False
39,0,2.2976358,1.1520966,制造,False,68,False
39,1,2.275428,1.1826586,制造,False,70,False
39,2,2.90412,0.5056011,制造,False,64,False
39,3,58.410057,5.7229476,制造,False,8,False
39,4,248.44388,10.694956,制造,False,2,False
39,5,3.952169,2.1074693,制造,False,56,False
39,6,0.50726396,0.41327173,金融,False,87,False
39,7,123.95976,13.857124,制造,False,3,False
39,8,0.865583,0.19818874,制造,False,79,False
39,9,105.31249,33.03022,制造,False,5,False
39,10,123.42551,7.3628435,互联网,False,4,False
39,11,2.7812245,0.37911785,制造,False,65,False
39,12,38.168087,6.3372316,制造,False,11,False
39,13,0.5644951,1.0649375,制造,False,86,False
39,14,2.280588,1.4358761,互联网,False,69,False
39,15,14.849831,1.1033211,制造,False,26,False
39,16,10.325105,0.79404926,制造,False,34,False
39,17,3.9546435,0.5828857,互联网,False,55,False
39,18,0.22237915,0.7048231,金融,False,94,False
39,19,11.455028,1.7455575,制造,False,30,False
39,20,11.017463,2.2234302,制造,False,32,False
39,21,26.84153,3.6658473,制造,False,17,False
39,22,0.0,0.2,土木,True,97,False
39,23,30.277134,3.17049,互联网,False,13,False
39,24,1.4754299,0.3908176,互联网,False,75,False
39,25,1.1653675,0.44320932,互联网,False,78,False
39,26,29.450909,3.584271,制造,False,14,False
39,27,0.84836584,0.5338144,制造,False,80,False
39,28,1.2104765,0.1790699,互联网,False,77,False
39,29,13.348189,1.6538055,金融,False,27,False
39,30,8.030159,2.3494306,制造,False,41,False
39,31,2.9336634,1.1458279,制造,False,63,False
39,32,11.252586,0.8345795,制造,False,31,False
39,33,65.88064,6.418526,制造,False,7,False
39,34,3.169278,0.18049818,互联网,False,62,False
39,35,0.6144466,2.5437446,制造,False,82,False
39,36,3.1873531,0.90766895,互联网,False,61,False
39,37,15.864609,27.741264,制造,False,24,False
39,38,3.6637235,1.7395036,制造,False,58,False
39,39,24.312809,1.1753159,互联网,False,18,False
39,40,1.5794778,0.32934877,互联网,False,74,False
39,41,5.4142456,1.039622,互联网,False,46,False
39,42,6.0090537,1.2199374,金融,False,45,False
39,43,5.1088805,0.5823132,互联网,False,50,False
39,44,3.3031435,4.0936117,制造,False,60,False
39,45,27.285887,1.7550427,互联网,False,16,False
39,46,2.6566362,1.4307003,制造,False,67,False
39,47,4.8724933,0.57706803,互联网,False,51,False
39,48,9.080405,0.82781637,制造,False,37,False
39,49,39.93439,4.5396,制造,False,10,False
39,50,0.378555,0.4151834,制造,False,88,False
39,51,10.251307,4.6046677,制造,False,35,False
39,52,17.984898,6.574226,制造,False,22,False
39,53,19.406727,3.477474,制造,False,19,False
39,54,31.690746,2.9702985,互联网,False,12,False
39,55,278.73718,29.381336,金融,False,1,False
39,56,0.31950554,0.8888425,金融,False,89,False
39,57,8.68542,1.3132637,金融,False,39,False
39,58,0.0,0.2,制造,True,98,False
39,59,19.378828,5.4803,制造,False,20,False
39,60,3.9438539,1.4220876,制造,False,57,False
39,61,7.822375,0.91351974,互联网,False,43,False
39,62,13.150044,3.7012715,制造,False,28,False
39,63,0.23460016,0.27967277,制造,False,93,False
39,64,28.964308,3.1422842,制造,False,15,False
39,65,17.376007,2.4991498,制造,False,23,False
39,66,13.107335,2.5797038,制造,False,29,False
39,67,18.162106,1.1203425,金融,False,21,False
39,68,8.397511,1.2873054,制造,False,40,False
39,69,10.804168,2.139803,制造,False,33,False
39,70,15.117639,3.6468985,制造,False,25,False
39,71,0.0,0.2,制造,True,99,False
39,72,5.3556523,9.135104,制造,False,48,False
39,73,0.613432,0.78851795,制造,False,83,False
39,74,6.525734,0.38243476,互联网,False,44,False
39,75,5.1613617,1.1278049,制造,False,49,False
39,76,0.5661932,0.10561202,互联网,False,85,False
39,77,1.393946,1.675858,制造,False,76,False
39,78,8.939826,0.64984685,互联网,False,38,False
39,79,0.24787132,0.736314,制造,False,91,False
39,80,0.20616364,1.0128257,制造,False,95,False
39,81,2.6720426,1.540462,制造,False,66,False
39,82,0.24009676,1.1242269,制造,False,92,False
39,83,0.29866472,0.69741744,制造,False,90,False
39,84,9.829065,4.129693,制造,False,36,False
39,85,0.019168455,0.12646532,制造,False,96,False
39,86,4.361682,0.7666024,互联网,False,53,False
39,87,2.0234137,1.988595,制造,False,72,False
39,88,2.0890183,0.78218085,制造,False,71,False
39,89,5.4140944,2.201682,制造,False,47,False
39,90,1.9206471,0.6358932,制造,False,73,False
39,91,45.744473,4.241805,制造,False,9,False
39,92,3.9879398,1.3746909,金融,False,54,False
39,93,0.0,0.2,金融,True,100,False
39,94,7.925632,1.1491948,金融,False,42,False
39,95,0.5768272,0.30939364,制造,False,84,False
39,96,0.7885475,0.69006145,金融,False,81,False
39,97,4.7173157,0.41453475,互联网,False,52,False
39,98,84.3841,0.6684501,金融,False,6,False
39,99,3.4337103,1.5281823,制造,False,59,False
40,0,2.256726,1.095056,制造,False,69,False
40,1,2.0791383,1.5414522,制造,False,72,False
40,2,2.8041923,0.4851946,制造,False,64,False
40,3,64.70731,5.348406,制造,False,8,False
40,4,257.8127,8.214684,制造,False,2,False
40,5,4.0766773,1.6360891,制造,False,57,False
40,6,0.5422072,0.5105278,金融,False,87,False
40,7,120.04653,10.379762,制造,False,4,False
40,8,0.85220367,0.15941274,制造,False,80,False
40,9,106.38116,26.390724,制造,False,5,False
40,10,130.21536,6.719846,互联网,False,3,False
40,11,2.7329812,0.39365426,制造,False,66,False
40,12,37.336754,5.7499075,制造,False,10,False
40,13,0.6082723,0.78455454,制造,False,84,False
40,14,2.3846755,1.417237,互联网,False,68,False
40,15,15.407186,0.6810545,制造,False,25,False
40,16,10.641168,0.7835048,制造,False,33,False
40,17,4.211854,0.77475,互联网,False,55,False
40,18,0.2325248,0.5779263,金融,False,95,False
40,19,12.748987,3.154834,制造,False,29,False
40,20,11.449422,1.7891821,制造,False,30,False
40,21,27.355864,12.499087,制造,False,15,False
40,22,0.0,0.2,土木,True,97,False
40,23,28.872137,4.382314,互联网,False,14,False
40,24,1.3866875,0.33921802,互联网,False,76,False
40,25,1.2589388,0.4349948,互联网,False,77,False
40,26,31.57461,8.138981,制造,False,13,False
40,27,0.85537463,0.60738695,制造,False,79,False
40,28,1.2359989,0.323435,互联网,False,78,False
40,29,11.117455,2.6025167,金融,False,32,False
40,30,8.282674,2.8227434,制造,False,40,False
40,31,3.1681857,0.8122385,制造,False,62,False
40,32,11.38972,1.1654336,制造,False,31,False
40,33,79.77776,4.3911734,制造,False,7,False
40,34,3.1448681,0.32935598,互联网,False,63,False
40,35,0.6768872,2.0983167,制造,False,82,False
40,36,3.4020991,0.72328025,互联网,False,60,False
40,37,16.646769,32.71985,制造,False,24,False
40,38,3.687386,3.072448,制造,False,58,False
40,39,24.754053,1.3529155,互联网,False,18,False
40,40,1.4832604,0.36289153,互联网,False,75,False
40,41,5.4343934,1.1870416,互联网,False,47,False
40,42,4.894509,6.2471757,金融,False,52,False
40,43,5.0681715,0.9533109,互联网,False,50,False
40,44,3.5844982,4.3873916,制造,False,59,False
40,45,26.96221,1.5036061,互联网,False,16,False
40,46,2.6536434,1.0284302,制造,False,67,False
40,47,5.1486955,0.8944959,互联网,False,49,False
40,48,8.53166,0.8652684,制造,False,38,False
40,49,34.483624,5.5451508,制造,False,11,False
40,50,0.35580257,0.37163147,制造,False,88,False
40,51,10.623584,3.193294,制造,False,34,False
40,52,21.3433,4.277956,制造,False,20,False
40,53,21.595432,3.7096155,制造,False,19,False
40,54,33.022594,3.5822294,互联网,False,12,False
40,55,297.70135,47.5298,金融,False,1,False
40,56,0.33984712,0.8121013,金融,False,89,False
40,57,8.630695,1.8862796,金融,False,37,False
40,58,0.0,0.2,制造,True,98,False
40,59,20.400719,4.049041,制造,False,21,False
40,60,4.1226172,1.5569738,制造,False,56,False
40,61,7.7395897,0.96338534,互联网,False,43,False
40,62,13.484563,3.9243698,制造,False,28,False
40,63,0.24562548,0.32025048,制造,False,93,False
40,64,26.034655,4.0873675,制造,False,17,False
40,65,17.275358,2.5152173,制造,False,23,False
40,66,14.029807,3.4902942,制造,False,27,False
40,67,18.895502,0.86835366,金融,False,22,False
40,68,7.8680053,0.6991168,制造,False,42,False
40,69,10.557242,3.2650547,制造,False,36,False
40,70,15.026453,1.641504,制造,False,26,False
40,71,0.0,0.2,制造,True,99,False
40,72,5.9234843,10.548522,制造,False,45,False
40,73,0.6533321,1.0168028,制造,False,83,False
40,74,6.7737846,0.39942724,互联网,False,44,False
40,75,5.24538,0.98627293,制造,False,48,False
40,76,0.5649606,0.21704176,互联网,False,86,False
40,77,1.5750825,1.635839,制造,False,74,False
40,78,8.412509,0.73968685,互联网,False,39,False
40,79,0.27318397,1.1367031,制造,False,91,False
40,80,0.24200018,0.77247405,制造,False,94,False
40,81,2.7571611,1.3365982,制造,False,65,False
40,82,0.25989547,0.70878655,制造,False,92,False
40,83,0.30977583,0.6441555,制造,False,90,False
40,84,10.588783,5.167972,制造,False,35,False
40,85,0.022941295,0.14855549,制造,False,96,False
40,86,4.794536,0.90404534,互联网,False,54,False
40,87,2.1847155,1.6539637,制造,False,70,False
40,88,2.1782708,0.7968676,制造,False,71,False
40,89,5.6078014,1.0240194,制造,False,46,False
40,90,1.8992586,0.3740465,制造,False,73,False
40,91,49.49636,9.169342,制造,False,9,False
40,92,4.8195105,0.89904094,金融,False,53,False
40,93,0.0,0.2,金融,True,100,False
40,94,8.08085,1.3652406,金融,False,41,False
40,95,0.595688,0.23268843,制造,False,85,False
40,96,0.84961456,0.45639363,金融,False,81,False
40,97,4.98435,0.4759905,互联网,False,51,False
40,98,86.39519,4.080223,金融,False,6,False
40,99,3.3245673,0.44289586,制造,False,61,False
