year,person_id,wealth,income,industry,bankrupt,rank,switched_industry
1,0,0.5186328,0.7656105,土木,False,91,False
1,1,1.3305302,1.0887969,土木,False,48,False
1,2,0.96236604,0.5658942,土木,False,71,False
1,3,3.0774386,1.9690734,土木,False,13,False
1,4,1.9187262,1.4934629,土木,False,28,False
1,5,2.12158,0.7067477,土木,False,23,False
1,6,0.2545852,0.46538842,金融,False,99,False
1,7,6.0498605,1.723335,金融,False,3,False
1,8,0.92225,0.59887445,土木,False,74,False
1,9,1.7152848,6.5672936,金融,False,31,False
1,10,2.8712242,1.7997547,土木,False,17,False
1,11,1.7646034,0.40823033,土木,False,30,False
1,12,0.53379077,1.0714053,互联网,False,88,False
1,13,1.6300013,0.5931706,互联网,False,36,False
1,14,1.1395984,1.2928865,土木,False,64,False
1,15,7.8665957,0.6473865,金融,False,2,False
1,16,0.3823864,0.19078758,土木,False,97,False
1,17,1.0736533,0.98849833,土木,False,67,False
1,18,0.80226725,0.95976865,互联网,False,79,False
1,19,1.4197762,0.833633,金融,False,46,False
1,20,0.91460603,1.1833119,金融,False,75,False
1,21,0.5187404,1.1018012,教育,False,90,False
1,22,0.59251136,0.5613656,互联网,False,86,False
1,23,8.932246,1.7347549,土木,False,1,False
1,24,1.2338376,0.792032,土木,False,56,False
1,25,1.1876321,0.52890384,土木,False,62,False
1,26,2.2839043,0.88752043,互联网,False,22,False
1,27,1.1016936,0.6271306,教育,False,66,False
1,28,1.3276201,0.8111942,土木,False,49,False
1,29,1.1159762,1.0029566,制造,False,65,False
1,30,0.71409494,0.8340466,土木,False,83,False
1,31,2.0677829,0.60599595,制造,False,24,False
1,32,5.1985207,0.74173373,土木,False,7,False
1,33,1.5571548,2.4395027,土木,False,41,False
1,34,2.9807777,0.6542349,教育,False,14,False
1,35,0.71944255,1.1669073,土木,False,82,False
1,36,1.9482188,0.7311007,教育,False,27,False
1,37,2.8981614,12.156026,土木,False,16,False
1,38,1.0112301,1.2511089,土木,False,69,False
1,39,5.6870456,2.211107,土木,False,4,False
1,40,1.2054212,0.73910236,土木,False,57,False
1,41,1.4296594,1.3753436,土木,False,44,False
1,42,1.1950016,1.1319612,土木,False,61,False
1,43,1.6591979,1.0705593,制造,False,35,False
1,44,0.9534882,0.9051847,互联网,False,72,False
1,45,1.604538,1.5129666,土木,False,38,False
1,46,2.973367,0.69326466,制造,False,15,False
1,47,2.3391695,1.0418416,土木,False,20,False
1,48,5.484243,0.46280092,制造,False,6,False
1,49,5.590897,1.2542009,教育,False,5,False
1,50,0.5290669,0.33468115,教育,False,89,False
1,51,1.4078854,0.75605637,金融,False,47,False
1,52,1.9543557,1.3234172,制造,False,26,False
1,53,1.1958483,1.3819977,土木,False,60,False
1,54,1.2038808,1.7846432,土木,False,58,False
1,55,3.302224,13.607718,互联网,False,11,False
1,56,0.5632868,1.9123067,土木,False,87,False
1,57,2.330497,0.9062007,教育,False,21,False
1,58,0.41219807,0.39397547,金融,False,95,False
1,59,1.7121488,1.2578379,土木,False,32,False
1,60,0.75096285,0.63382006,金融,False,81,False
1,61,4.566904,0.48665413,互联网,False,8,False
1,62,0.938857,1.9563491,土木,False,73,False
1,63,1.2024219,0.55054396,土木,False,59,False
1,64,3.1831267,1.0459816,制造,False,12,False
1,65,1.2883381,0.6744761,制造,False,53,False
1,66,1.4228488,1.3634999,金融,False,45,False
1,67,0.7087712,1.1114539,制造,False,84,False
1,68,3.6735797,0.7891471,土木,False,10,False
1,69,1.5224345,0.95435923,互联网,False,43,False
1,70,0.6792677,1.0209867,土木,False,85,False
1,71,1.2940291,1.0683663,土木,False,52,False
1,72,1.5894394,5.86942,金融,False,39,False
1,73,0.9639646,0.6199267,教育,False,70,False
1,74,0.41784194,0.6932729,金融,False,94,False
1,75,1.5604571,0.8991813,土木,False,40,False
1,76,0.45855018,0.6664065,土木,False,93,False
1,77,0.7809951,0.8348022,制造,False,80,False
1,78,4.355448,0.63772607,互联网,False,9,False
1,79,1.0632472,0.64070994,教育,False,68,False
1,80,0.8852998,1.3635318,土木,False,77,False
1,81,1.7102056,1.2690871,土木,False,33,False
1,82,1.2417051,1.0467807,土木,False,55,False
1,83,1.1495917,0.7744765,土木,False,63,False
1,84,1.5419946,1.6122869,互联网,False,42,False
1,85,1.6072946,0.2816602,土木,False,37,False
1,86,1.6764232,0.92571014,土木,False,34,False
1,87,1.317382,1.2418742,土木,False,50,False
1,88,0.390104,0.7669386,教育,False,96,False
1,89,2.0372708,0.78954947,土木,False,25,False
1,90,0.8616349,0.3539169,制造,False,78,False
1,91,1.2427883,1.5348862,教育,False,54,False
1,92,2.7479634,0.7568292,制造,False,19,False
1,93,0.20819677,0.77103674,土木,False,100,False
1,94,2.7642748,0.6497284,土木,False,18,False
1,95,0.4900457,0.46510658,制造,False,92,False
1,96,0.30932882,0.7221054,土木,False,98,False
1,97,1.2979747,0.75097734,教育,False,51,False
1,98,0.8908198,1.6903722,教育,False,76,False
1,99,1.8953143,0.6442228,互联网,False,29,False
2,0,0.53375614,0.68661135,土木,False,93,False
2,1,1.3107208,0.8214584,土木,False,59,False
2,2,1.0558975,0.65364987,土木,False,72,False
2,3,3.634698,1.9775612,土木,False,12,False
2,4,2.5276186,1.7948388,土木,False,21,False
2,5,2.0028193,0.8751443,土木,False,31,False
2,6,0.27874765,0.83987355,金融,False,99,False
2,7,6.7639256,0.71950054,金融,False,3,False
2,8,0.9287718,0.46987113,土木,False,79,False
2,9,3.2733698,12.700511,金融,False,15,False
2,10,3.3179042,1.5708835,土木,False,13,False
2,11,1.7009097,0.6964321,土木,False,38,False
2,12,0.83943105,1.3126861,互联网,False,83,False
2,13,1.7986312,0.6905646,互联网,False,35,False
2,14,1.2112778,1.1683692,土木,False,64,False
2,15,8.529462,0.6337965,金融,False,2,False
2,16,0.74194646,1.0818993,土木,False,88,False
2,17,1.1913283,1.2580576,土木,False,66,False
2,18,0.8350378,0.7312294,互联网,False,84,False
2,19,1.528156,0.76915824,金融,False,47,False
2,20,1.0577766,0.6058863,金融,False,71,False
2,21,0.7613721,1.265047,教育,False,87,False
2,22,0.59771013,0.48466787,互联网,False,90,False
2,23,9.610962,1.703447,土木,False,1,False
2,24,1.2555203,0.61586237,土木,False,62,False
2,25,1.278969,0.8034959,土木,False,60,False
2,26,2.4584858,1.9689033,互联网,False,22,False
2,27,1.1174755,0.5155685,教育,False,68,False
2,28,1.3791198,0.4890777,土木,False,52,False
2,29,1.3385409,0.952892,制造,False,55,False
2,30,0.86303246,1.2009634,土木,False,81,False
2,31,2.2449815,0.65100515,制造,False,25,False
2,32,4.4792647,0.8978073,土木,False,9,False
2,33,1.8601545,1.2057443,土木,False,32,False
2,34,3.0220578,0.53704405,教育,False,17,False
2,35,0.77537686,0.8042536,土木,False,86,False
2,36,2.2120178,0.82908106,教育,False,27,False
2,37,3.009136,14.312184,土木,False,18,False
2,38,1.0288863,1.1314855,土木,False,74,False
2,39,6.0746074,1.4395461,土木,False,4,False
2,40,1.2124895,1.0640758,土木,False,63,False
2,41,1.5587827,0.9449435,土木,False,44,False
2,42,1.3377507,1.4264767,土木,False,56,False
2,43,1.7546315,0.38064614,制造,False,37,False
2,44,1.0875579,1.2894841,互联网,False,70,False
2,45,1.5173765,0.8773881,土木,False,48,False
2,46,3.3094325,17.769876,制造,False,14,False
2,47,2.4442563,0.73564565,土木,False,23,False
2,48,5.842347,0.60192424,制造,False,5,False
2,49,5.7911267,2.4624543,教育,False,6,False
2,50,0.56134844,0.34129906,教育,False,91,False
2,51,1.7003509,1.6679113,金融,False,39,False
2,52,2.087613,1.6778198,制造,False,28,False
2,53,1.4275653,1.1778294,土木,False,50,False
2,54,1.5922557,1.5193276,土木,False,42,False
2,55,5.368443,10.5428,互联网,False,7,False
2,56,0.5995245,1.0821631,土木,False,89,False
2,57,2.6461728,1.0431265,教育,False,20,False
2,58,0.38617396,0.3229604,金融,False,97,False
2,59,2.0139792,1.1111532,土木,False,30,False
2,60,0.8260178,0.37432313,金融,False,85,False
2,61,4.3803797,0.6248745,互联网,False,10,False
2,62,1.0999854,1.7116165,土木,False,69,False
2,63,1.1970477,0.70951945,土木,False,65,False
2,64,3.2153668,0.88256294,制造,False,16,False
2,65,1.3246481,0.58486915,制造,False,58,False
2,66,1.5551858,1.2694967,金融,False,45,False
2,67,0.99938685,0.8585704,制造,False,75,False
2,68,3.807331,0.8327792,土木,False,11,False
2,69,1.6652498,1.2364737,互联网,False,40,False
2,70,0.86875683,1.1414677,土木,False,80,False
2,71,1.3910486,0.9670888,土木,False,51,False
2,72,1.8203975,4.361506,金融,False,33,False
2,73,0.9834736,0.4467898,教育,False,76,False
2,74,0.5547889,0.66214067,金融,False,92,False
2,75,1.5588593,1.149866,土木,False,43,False
2,76,0.45648924,0.3300422,土木,False,96,False
2,77,0.86230135,0.7075734,制造,False,82,False
2,78,4.796712,0.7775923,互联网,False,8,False
2,79,1.0473588,0.5474025,教育,False,73,False
2,80,0.94688886,0.11608961,土木,False,78,False
2,81,1.7753004,0.93199235,土木,False,36,False
2,82,1.2649882,0.82491785,土木,False,61,False
2,83,1.1627473,0.632321,土木,False,67,False
2,84,1.6027333,1.3034453,互联网,False,41,False
2,85,1.5379255,0.37111634,土木,False,46,False
2,86,1.799277,0.56037307,土木,False,34,False
2,87,1.3371533,1.8711224,土木,False,57,False
2,88,0.467869,0.57763076,教育,False,95,False
2,89,2.2421758,1.2696348,土木,False,26,False
2,90,0.9503083,0.51556194,制造,False,77,False
2,91,1.4421135,1.0953965,教育,False,49,False
2,92,2.8637726,0.989967,制造,False,19,False
2,93,0.21634024,0.4499273,土木,False,100,False
2,94,2.419613,0.9354306,土木,False,24,False
2,95,0.4952001,0.312167,制造,False,94,False
2,96,0.37039265,0.8536098,土木,False,98,False
2,97,1.3656772,0.5233027,教育,False,53,False
2,98,1.3533095,1.3405981,教育,False,54,False
2,99,2.0232716,1.0239445,互联网,False,29,False
3,0,0.5954404,0.5933047,土木,False,91,False
3,1,1.2889977,1.3409812,土木,False,64,False
3,2,1.1289331,0.7425154,土木,False,74,False
3,3,4.587808,2.281955,土木,False,11,False
3,4,2.7355697,0.44628665,土木,False,20,False
3,5,2.1638944,0.72290874,土木,False,31,False
3,6,0.31146115,1.0630825,金融,False,99,False
3,7,8.274339,1.2506815,金融,False,2,False
3,8,0.9363364,0.53448385,土木,False,82,False
3,9,6.7416925,24.441854,金融,False,5,False
3,10,4.283717,3.062598,土木,False,13,False
3,11,1.8488177,0.5110002,土木,False,41,False
3,12,1.2846345,2.116327,互联网,False,65,False
3,13,1.7947383,0.59913814,互联网,False,44,False
3,14,1.4545279,1.3005801,土木,False,53,False
3,15,7.337482,0.61773974,金融,False,4,False
3,16,0.9161254,0.71402836,土木,False,84,False
3,17,1.1041677,0.7610259,土木,False,75,False
3,18,0.88578,0.50113237,互联网,False,86,False
3,19,1.6641141,0.77092224,金融,False,49,False
3,20,1.3738369,1.4861114,金融,False,58,False
3,21,0.9070405,1.2968084,教育,False,85,False
3,22,0.59268886,0.5853628,互联网,False,92,False
3,23,9.338376,1.716514,土木,False,1,False
3,24,1.3197548,0.7321418,土木,False,62,False
3,25,1.3546575,0.31023836,土木,False,60,False
3,26,2.3329103,1.5262572,互联网,False,26,False
3,27,1.0701134,0.92824346,教育,False,76,False
3,28,1.3757546,0.47846267,土木,False,57,False
3,29,1.4279119,0.91635334,制造,False,54,False
3,30,1.1431562,1.247269,土木,False,73,False
3,31,2.1275992,0.34712258,制造,False,33,False
3,32,4.9675264,0.7649994,土木,False,9,False
3,33,2.2863941,1.2379642,土木,False,27,False
3,34,3.0600572,0.38132235,教育,False,19,False
3,35,0.71324307,0.6993625,土木,False,88,False
3,36,2.4277031,0.726312,教育,False,25,False
3,37,3.376789,7.2635083,土木,False,15,False
3,38,1.0677366,0.85737425,土木,False,77,False
3,39,5.749542,1.0807883,土木,False,7,False
3,40,1.3036509,0.55459464,土木,False,63,False
3,41,1.5100601,1.1067221,土木,False,51,False
3,42,1.5029224,0.92816293,土木,False,52,False
3,43,1.912861,0.42989746,制造,False,37,False
3,44,1.1554834,2.1379385,互联网,False,72,False
3,45,2.155719,1.7193056,土木,False,32,False
3,46,3.2377892,0.5113774,制造,False,17,False
3,47,2.2403615,0.9315206,土木,False,29,False
3,48,5.9766946,0.3128633,制造,False,6,False
3,49,5.6725726,1.6271877,教育,False,8,False
3,50,0.5776844,0.43938673,教育,False,93,False
3,51,1.8409195,0.7765784,金融,False,42,False
3,52,2.2506344,0.93302965,制造,False,28,False
3,53,1.8554933,1.9299488,土木,False,38,False
3,54,2.4614246,2.897425,土木,False,24,False
3,55,8.129029,18.00255,互联网,False,3,False
3,56,0.6357575,1.3412613,土木,False,90,False
3,57,2.6714115,1.2656423,教育,False,21,False
3,58,0.39802903,0.18124968,金融,False,98,False
3,59,2.552663,1.9417644,土木,False,22,False
3,60,0.9230326,0.51232386,金融,False,83,False
3,61,4.373057,1.0081038,互联网,False,12,False
3,62,1.2173266,1.1417208,土木,False,68,False
3,63,1.1954845,0.35674772,土木,False,69,False
3,64,3.337004,0.6707572,制造,False,16,False
3,65,1.4052914,0.9941861,制造,False,56,False
3,66,1.8489616,1.3807284,金融,False,40,False
3,67,1.2288799,0.8202177,制造,False,67,False
3,68,3.9434094,1.2374347,土木,False,14,False
3,69,1.7958761,1.3739454,互联网,False,43,False
3,70,1.1616832,1.0999962,土木,False,71,False
3,71,1.3596355,0.70817775,土木,False,59,False
3,72,1.9529511,6.2105103,金融,False,36,False
3,73,1.0358479,0.7310826,教育,False,79,False
3,74,0.6722504,0.58503926,金融,False,89,False
3,75,1.6809758,0.5696238,土木,False,47,False
3,76,0.4673958,0.4946668,土木,False,96,False
3,77,0.7705351,0.3517627,制造,False,87,False
3,78,4.685127,0.6834977,互联网,False,10,False
3,79,1.0461,0.5257959,教育,False,78,False
3,80,1.0030327,0.81635517,土木,False,81,False
3,81,1.7363498,1.046159,土木,False,45,False
3,82,1.2671413,0.69942176,土木,False,66,False
3,83,1.1688106,0.5179598,土木,False,70,False
3,84,1.6770688,0.9811217,互联网,False,48,False
3,85,1.5795528,0.20389888,土木,False,50,False
3,86,1.8535668,0.4931995,土木,False,39,False
3,87,1.3260317,0.84695613,土木,False,61,False
3,88,0.5678264,0.7698705,教育,False,94,False
3,89,2.0418856,0.5059071,土木,False,34,False
3,90,1.0258529,0.2987721,制造,False,80,False
3,91,2.0125206,1.7532446,教育,False,35,False
3,92,3.220921,0.98697686,制造,False,18,False
3,93,0.2309064,0.41714287,土木,False,100,False
3,94,2.528283,1.3377249,土木,False,23,False
3,95,0.5050192,0.33084014,制造,False,95,False
3,96,0.46445993,0.9931569,土木,False,97,False
3,97,1.4065194,0.4534356,教育,False,55,False
3,98,1.6959077,1.3688407,教育,False,46,False
3,99,2.223977,0.6707796,互联网,False,30,False
4,0,0.6716382,0.67691976,土木,False,91,False
4,1,1.3646432,1.6038945,土木,False,65,False
4,2,1.2254094,0.33211565,土木,False,71,False
4,3,5.0563073,1.9148132,土木,False,11,False
4,4,3.4065545,1.4848634,土木,False,19,False
4,5,2.2260292,0.8769403,土木,False,34,False
4,6,0.3275993,0.76972884,金融,False,99,False
4,7,9.212412,1.8178948,金融,False,2,False
4,8,0.9238221,0.4245606,土木,False,85,False
4,9,8.407865,8.167926,金融,False,4,False
4,10,5.6367397,4.273516,土木,False,7,False
4,11,1.7950877,0.6617377,土木,False,47,False
4,12,1.5225927,1.1178832,互联网,False,57,False
4,13,1.8317356,0.92854536,互联网,False,44,False
4,14,1.5222731,0.87765324,土木,False,58,False
4,15,7.456752,0.79683644,金融,False,5,False
4,16,1.1480794,0.84103966,土木,False,75,False
4,17,1.1433976,1.2422632,土木,False,76,False
4,18,0.88831085,0.988939,互联网,False,86,False
4,19,1.672824,0.96020967,金融,False,49,False
4,20,1.5565866,0.7200755,金融,False,54,False
4,21,1.1050217,0.992935,教育,False,79,False
4,22,0.56529546,0.7524874,互联网,False,94,False
4,23,8.960684,2.046164,土木,False,3,False
4,24,1.3256497,0.65368986,土木,False,66,False
4,25,1.5167192,0.59509164,土木,False,59,False
4,26,2.8425806,1.0050974,互联网,False,24,False
4,27,1.1229719,0.5568872,教育,False,77,False
4,28,1.4050057,0.39466473,土木,False,62,False
4,29,1.6473855,1.037362,制造,False,50,False
4,30,1.2173471,1.0316918,土木,False,73,False
4,31,2.2415826,0.3875973,制造,False,32,False
4,32,5.200436,1.3390291,土木,False,10,False
4,33,2.9095752,1.9779825,土木,False,23,False
4,34,3.2147524,0.3733401,教育,False,22,False
4,35,0.7652365,1.4727553,土木,False,89,False
4,36,2.5588355,0.8052196,教育,False,27,False
4,37,3.7637465,11.513415,土木,False,15,False
4,38,1.0107881,0.8830024,土木,False,83,False
4,39,5.305192,1.4471874,土木,False,9,False
4,40,1.3838992,0.7120112,土木,False,63,False
4,41,1.6307008,1.2100538,土木,False,52,False
4,42,1.6452882,1.2570494,土木,False,51,False
4,43,1.9832865,0.23837127,制造,False,42,False
4,44,1.2414513,1.6393058,互联网,False,70,False
4,45,2.8170474,1.460109,土木,False,25,False
4,46,3.564824,0.3703628,制造,False,17,False
4,47,2.1717393,1.1241211,土木,False,36,False
4,48,6.134698,0.581224,制造,False,6,False
4,49,5.3726325,1.4252307,教育,False,8,False
4,50,0.6457565,0.35720158,教育,False,92,False
4,51,2.125896,0.84346145,金融,False,37,False
4,52,2.3538783,0.71042275,制造,False,30,False
4,53,2.1785808,2.02389,土木,False,35,False
4,54,3.3099074,2.8568769,土木,False,20,False
4,55,11.25342,20.705214,互联网,False,1,False
4,56,0.71832764,1.2158915,土木,False,90,False
4,57,3.242009,0.69883895,教育,False,21,False
4,58,0.4097342,0.1539691,金融,False,98,False
4,59,2.2348394,2.982069,土木,False,33,False
4,60,0.999198,0.5619682,金融,False,84,False
4,61,4.3843913,1.0642228,互联网,False,13,False
4,62,1.3162162,1.2468371,土木,False,67,False
4,63,1.2482812,0.5477923,土木,False,69,False
4,64,3.4227724,0.88485974,制造,False,18,False
4,65,1.5387474,0.712724,制造,False,55,False
4,66,2.1179004,1.6710289,金融,False,38,False
4,67,1.4335963,0.84817034,制造,False,61,False
4,68,3.8706582,0.84910035,土木,False,14,False
4,69,1.7204958,1.025061,互联网,False,48,False
4,70,1.3749882,1.2086707,土木,False,64,False
4,71,1.4476025,0.7542128,土木,False,60,False
4,72,2.0724206,5.607576,金融,False,39,False
4,73,1.0510646,0.65060425,教育,False,81,False
4,74,0.8061645,0.5391565,金融,False,88,False
4,75,1.8068572,0.8533588,土木,False,45,False
4,76,0.47759724,0.26768413,土木,False,97,False
4,77,0.80831474,0.36502,制造,False,87,False
4,78,4.789062,0.3323551,互联网,False,12,False
4,79,1.0796733,0.47827476,教育,False,80,False
4,80,1.0342613,0.8614081,土木,False,82,False
4,81,1.8927583,0.8769489,土木,False,43,False
4,82,1.278638,0.8970059,土木,False,68,False
4,83,1.1759566,1.1497254,土木,False,74,False
4,84,1.8007691,1.0545416,互联网,False,46,False
4,85,1.5855514,0.2014473,土木,False,53,False
4,86,2.0665553,1.055854,土木,False,40,False
4,87,1.2186646,0.08819065,土木,False,72,False
4,88,0.62379384,0.38887385,教育,False,93,False
4,89,2.0488508,0.9332658,土木,False,41,False
4,90,1.1117047,0.23386812,制造,False,78,False
4,91,2.4325206,1.143618,教育,False,29,False
4,92,3.623472,1.0413302,制造,False,16,False
4,93,0.24878213,0.5364765,土木,False,100,False
4,94,2.709911,1.0706031,土木,False,26,False
4,95,0.5152522,0.3178526,制造,False,96,False
4,96,0.55345756,0.9406154,土木,False,95,False
4,97,1.5248009,0.50881934,教育,False,56,False
4,98,2.4992082,2.3424094,教育,False,28,False
4,99,2.3048565,0.8787125,互联网,False,31,False
5,0,0.7799037,0.76514757,土木,False,90,False
5,1,1.0169376,1.1061502,土木,False,84,False
5,2,1.2668697,0.35273796,土木,False,74,False
5,3,6.043403,2.6995265,土木,False,7,False
5,4,4.2051363,2.7295623,土木,False,13,False
5,5,2.4041739,0.90791726,土木,False,34,False
5,6,0.34974453,0.7841775,金融,False,99,False
5,7,8.476088,1.4999262,金融,False,4,False
5,8,0.8984702,0.53191316,土木,False,89,False
5,9,9.220203,9.096382,金融,False,2,False
5,10,7.1946692,3.320712,土木,False,5,False
5,11,1.6892126,0.523363,土木,False,54,False
5,12,1.8174967,1.5880791,互联网,False,50,False
5,13,1.9106295,0.6703863,互联网,False,45,False
5,14,1.7045382,1.9097226,土木,False,53,False
5,15,7.055655,0.60380226,金融,False,6,False
5,16,1.346994,0.76040006,土木,False,70,False
5,17,1.2003428,0.9898977,土木,False,77,False
5,18,0.9480743,0.8528191,互联网,False,86,False
5,19,1.4877912,0.72495973,金融,False,62,False
5,20,1.643461,0.39535522,金融,False,55,False
5,21,1.4298949,1.1333351,教育,False,67,False
5,22,0.5975863,0.312703,互联网,False,94,False
5,23,9.134154,2.011848,土木,False,3,False
5,24,1.3596369,0.8663858,土木,False,69,False
5,25,1.5677869,0.6446788,土木,False,59,False
5,26,3.073845,2.0661075,互联网,False,25,False
5,27,1.2289019,0.3683123,教育,False,76,False
5,28,1.4801476,0.3545649,土木,False,64,False
5,29,1.8930163,0.8941478,制造,False,46,False
5,30,1.5439459,1.3357711,土木,False,60,False
5,31,2.182276,0.39542454,制造,False,39,False
5,32,5.494837,0.6067046,土木,False,10,False
5,33,3.3580067,1.5972079,土木,False,22,False
5,34,3.1139846,0.24856341,教育,False,24,False
5,35,0.93931365,1.1736755,土木,False,87,False
5,36,2.6887848,0.9277135,教育,False,29,False
5,37,3.960857,13.731897,土木,False,16,False
5,38,1.1049402,1.0415851,土木,False,78,False
5,39,5.8982463,1.0828748,土木,False,9,False
5,40,1.4132373,0.48290616,土木,False,68,False
5,41,1.8256654,1.1864845,土木,False,49,False
5,42,1.7977599,1.2622775,土木,False,51,False
5,43,2.045943,0.44374946,制造,False,42,False
5,44,1.2723707,1.7086447,互联网,False,72,False
5,45,3.4298751,2.675581,土木,False,20,False
5,46,3.808484,0.6948249,制造,False,18,False
5,47,2.1729028,1.2356318,土木,False,41,False
5,48,5.925597,0.27788496,制造,False,8,False
5,49,5.247384,1.1887232,教育,False,11,False
5,50,0.6685513,0.33161104,教育,False,93,False
5,51,2.2380311,0.78966904,金融,False,37,False
5,52,2.4897563,1.243928,制造,False,32,False
5,53,2.4914305,2.145333,土木,False,31,False
5,54,4.2038984,3.1774702,土木,False,14,False
5,55,15.612604,34.80681,互联网,False,1,False
5,56,0.686628,1.5182813,土木,False,91,False
5,57,3.3529575,0.9860961,教育,False,23,False
5,58,0.40963992,0.26248375,金融,False,98,False
5,59,2.2453377,1.4861189,土木,False,36,False
5,60,1.0935166,0.4564983,金融,False,80,False
5,61,4.1904135,1.3510828,互联网,False,15,False
5,62,1.481342,2.2175813,土木,False,63,False
5,63,1.2708083,0.3912758,土木,False,73,False
5,64,3.4462552,0.9218123,制造,False,19,False
5,65,1.847716,0.5614131,制造,False,48,False
5,66,2.4973946,1.3624085,金融,False,30,False
5,67,1.4475349,0.50292987,制造,False,66,False
5,68,3.9360306,0.9220241,土木,False,17,False
5,69,1.9712062,1.675466,互联网,False,44,False
5,70,1.5901039,0.7827316,土木,False,58,False
5,71,1.5011543,0.7200933,土木,False,61,False
5,72,2.2174895,3.657448,金融,False,38,False
5,73,1.0561572,0.51342237,教育,False,83,False
5,74,0.9728741,0.58898187,金融,False,85,False
5,75,1.8572514,0.98177284,土木,False,47,False
5,76,0.49251917,0.31361243,土木,False,96,False
5,77,0.9377193,0.49710917,制造,False,88,False
5,78,4.6803737,0.86771506,互联网,False,12,False
5,79,1.0991269,0.49363667,教育,False,79,False
5,80,1.0729326,1.3413228,土木,False,82,False
5,81,1.7863358,0.74048585,土木,False,52,False
5,82,1.3160751,0.848931,土木,False,71,False
5,83,1.2645699,0.5883963,土木,False,75,False
5,84,2.0418034,1.4521154,互联网,False,43,False
5,85,1.6141317,0.25670907,土木,False,57,False
5,86,2.1787152,0.99066275,土木,False,40,False
5,87,1.4593084,1.4325069,土木,False,65,False
5,88,0.6686006,0.26927978,教育,False,92,False
5,89,2.2647884,1.1095425,土木,False,35,False
5,90,1.0804862,0.4388161,制造,False,81,False
5,91,2.8848329,1.1637446,教育,False,28,False
5,92,3.4036129,0.6992524,制造,False,21,False
5,93,0.25124967,0.4714401,土木,False,100,False
5,94,2.917726,1.5585272,土木,False,27,False
5,95,0.46353018,0.25750077,制造,False,97,False
5,96,0.5959451,0.9896013,土木,False,95,False
5,97,1.6426251,0.5174454,教育,False,56,False
5,98,2.9223473,1.6990916,教育,False,26,False
5,99,2.430495,0.69259256,互联网,False,33,False
6,0,0.8911783,0.8168085,土木,False,90,False
6,1,1.0605513,1.1835678,土木,False,85,False
6,2,1.3102618,0.36466718,土木,False,73,False
6,3,6.566084,2.9132404,土木,False,7,False
6,4,4.7399535,3.2206457,土木,False,13,False
6,5,2.3193748,0.7972777,土木,False,41,False
6,6,0.36220944,0.9119556,金融,False,99,False
6,7,9.369473,1.1423184,金融,False,4,False
6,8,0.9159112,0.28749743,土木,False,88,False
6,9,10.704598,9.418604,金融,False,3,False
6,10,8.137296,2.6716652,土木,False,5,False
6,11,1.659096,0.29096213,土木,False,58,False
6,12,2.448979,2.050438,互联网,False,38,False
6,13,2.0305092,0.48950604,互联网,False,47,False
6,14,1.6721528,1.8298588,土木,False,56,False
6,15,7.622907,0.64363617,金融,False,6,False
6,16,1.547168,0.5998196,土木,False,66,False
6,17,1.2423632,1.092411,土木,False,76,False
6,18,0.91135395,1.4189867,互联网,False,89,False
6,19,1.591042,0.46318814,金融,False,63,False
6,20,1.8129544,0.92958224,金融,False,51,False
6,21,1.5416397,1.0352784,教育,False,67,False
6,22,0.6321116,0.42231637,互联网,False,95,False
6,23,11.205584,2.7753186,土木,False,2,False
6,24,1.4020702,0.6343778,土木,False,70,False
6,25,1.5036341,0.49960285,土木,False,69,False
6,26,3.2449522,1.7915661,互联网,False,24,False
6,27,1.224487,0.3652927,教育,False,77,False
6,28,1.6004417,0.4017293,土木,False,62,False
6,29,2.2846715,1.2559282,制造,False,42,False
6,30,1.6648481,1.2717077,土木,False,57,False
6,31,1.5673845,0.27658024,制造,False,65,False
6,32,5.690535,0.7860267,土木,False,9,False
6,33,4.259891,1.8497124,土木,False,16,False
6,34,3.0234497,0.27263787,教育,False,28,False
6,35,1.0057548,1.4838773,土木,False,86,False
6,36,2.9640493,1.0380343,教育,False,29,False
6,37,4.243406,16.059208,土木,False,17,False
6,38,1.0743372,1.6750401,土木,False,84,False
6,39,5.649166,0.97196484,土木,False,10,False
6,40,1.509591,0.5511573,土木,False,68,False
6,41,1.8878566,0.988935,土木,False,50,False
6,42,1.8896933,1.0312468,土木,False,49,False
6,43,2.1435862,0.504408,制造,False,45,False
6,44,1.3850347,1.3384609,互联网,False,71,False
6,45,4.4593177,2.905601,土木,False,15,False
6,46,3.6281092,0.58491653,制造,False,20,False
6,47,2.5290005,1.050997,土木,False,35,False
6,48,5.882413,0.24808967,制造,False,8,False
6,49,5.6177983,1.242232,教育,False,11,False
6,50,0.712705,0.31696722,教育,False,92,False
6,51,2.5844498,0.8439988,金融,False,33,False
6,52,2.7889104,1.1191713,制造,False,31,False
6,53,2.8522937,1.9669607,土木,False,30,False
6,54,5.2652917,2.4401062,土木,False,12,False
6,55,19.532492,23.076176,互联网,False,1,False
6,56,0.69433665,1.1178665,土木,False,93,False
6,57,3.33151,0.5685785,教育,False,22,False
6,58,0.4146717,0.23169576,金融,False,98,False
6,59,2.6029687,1.6850662,土木,False,32,False
6,60,1.1907402,0.6076838,金融,False,78,False
6,61,4.168286,0.7810453,互联网,False,18,False
6,62,1.8086901,1.7196541,土木,False,53,False
6,63,1.2752796,0.31500176,土木,False,75,False
6,64,3.305879,1.2368485,制造,False,23,False
6,65,2.0322492,0.9720569,制造,False,46,False
6,66,2.510265,1.1487205,金融,False,36,False
6,67,1.7213223,0.9677108,制造,False,55,False
6,68,4.168279,0.72870433,土木,False,19,False
6,69,2.176478,1.8247833,互联网,False,44,False
6,70,1.812165,1.1542511,土木,False,52,False
6,71,1.6141071,0.8808552,土木,False,61,False
6,72,2.539023,6.272571,金融,False,34,False
6,73,1.171856,0.43095872,教育,False,79,False
6,74,1.1015009,0.4676694,金融,False,83,False
6,75,1.8945807,0.9136573,土木,False,48,False
6,76,0.5055324,0.32215592,土木,False,96,False
6,77,0.93441415,0.47786972,制造,False,87,False
6,78,4.4782786,0.876145,互联网,False,14,False
6,79,1.1424615,0.3691941,教育,False,80,False
6,80,1.1331711,0.58945763,土木,False,81,False
6,81,1.8010097,1.4964824,土木,False,54,False
6,82,1.3287989,0.7705596,土木,False,72,False
6,83,1.2790484,0.578331,土木,False,74,False
6,84,2.2766976,1.660987,互联网,False,43,False
6,85,1.6334488,0.15206438,土木,False,59,False
6,86,2.3637974,0.9000238,土木,False,40,False
6,87,1.5896082,0.93714607,土木,False,64,False
6,88,0.74292403,0.49126396,教育,False,91,False
6,89,2.4675128,0.95610684,土木,False,37,False
6,90,1.1176414,0.38833854,制造,False,82,False
6,91,3.1022377,1.6765542,教育,False,27,False
6,92,3.2195482,0.5813408,制造,False,25,False
6,93,0.26654547,0.43977267,土木,False,100,False
6,94,3.1064982,1.4650815,土木,False,26,False
6,95,0.4687961,0.3111598,制造,False,97,False
6,96,0.6425372,0.5985719,土木,False,94,False
6,97,1.6265022,0.43095207,教育,False,60,False
6,98,3.6256204,1.8382746,教育,False,21,False
6,99,2.4427643,0.7394952,互联网,False,39,False
7,0,0.9680919,0.52439445,土木,False,89,False
7,1,1.1107386,1.1423005,土木,False,85,False
7,2,1.3357998,0.4264251,土木,False,73,False
7,3,7.51935,2.5502467,土木,False,7,False
7,4,4.849578,1.906879,土木,False,14,False
7,5,2.1634047,1.3693663,土木,False,45,False
7,6,0.36455262,0.9089802,金融,False,99,False
7,7,9.8733,2.2906299,金融,False,5,False
7,8,0.9192283,0.21418576,土木,False,90,False
7,9,11.697334,12.02044,金融,False,3,False
7,10,9.9587965,4.051404,土木,False,4,False
7,11,1.6726977,0.29024443,土木,False,62,False
7,12,2.9591744,2.094613,互联网,False,32,False
7,13,2.145296,0.81955296,互联网,False,47,False
7,14,1.8341812,2.712265,土木,False,58,False
7,15,8.08003,0.8110178,金融,False,6,False
7,16,1.8615674,1.2894521,土木,False,56,False
7,17,1.3855915,0.96550304,土木,False,72,False
7,18,1.0364445,1.4081393,互联网,False,87,False
7,19,1.7521577,0.59248865,金融,False,60,False
7,20,2.0784807,1.0832813,金融,False,50,False
7,21,1.5738586,0.99079245,教育,False,67,False
7,22,0.72237957,0.58631,互联网,False,94,False
7,23,13.361397,3.3867447,土木,False,2,False
7,24,1.4442205,0.5157744,土木,False,70,False
7,25,1.6383595,0.46623072,土木,False,64,False
7,26,3.377559,1.0839165,互联网,False,24,False
7,27,1.1848743,0.40595382,教育,False,80,False
7,28,1.5923733,0.15156542,土木,False,65,False
7,29,2.6301103,1.7969018,制造,False,41,False
7,30,1.791577,1.0219806,土木,False,59,False
7,31,1.5797901,0.27992162,制造,False,66,False
7,32,5.866818,0.6475963,土木,False,9,False
7,33,5.1344924,1.946688,土木,False,13,False
7,34,3.0830195,0.2657508,教育,False,29,False
7,35,1.0934224,1.1228364,土木,False,86,False
7,36,3.0810645,0.7148666,教育,False,31,False
7,37,4.3534975,16.8208,土木,False,17,False
7,38,1.2368425,2.324342,土木,False,77,False
7,39,6.5355067,0.84747356,土木,False,8,False
7,40,1.3931756,0.67304784,土木,False,71,False
7,41,2.0830693,1.1700581,土木,False,49,False
7,42,2.0641482,1.0029246,土木,False,51,False
7,43,2.2563756,0.42371824,制造,False,44,False
7,44,1.5734162,1.5427315,互联网,False,68,False
7,45,4.6798964,1.4349369,土木,False,15,False
7,46,3.7023547,0.6947429,制造,False,22,False
7,47,2.8310132,1.0348588,土木,False,35,False
7,48,5.837939,0.22596687,制造,False,11,False
7,49,5.8438373,1.8124849,教育,False,10,False
7,50,0.7654322,0.259817,教育,False,91,False
7,51,2.84265,0.7984089,金融,False,34,False
7,52,3.0817387,1.8522402,制造,False,30,False
7,53,3.3193448,1.6949631,土木,False,26,False
7,54,5.3695693,2.281649,土木,False,12,False
7,55,25.559921,30.803255,互联网,False,1,False
7,56,0.7283635,0.99224246,土木,False,93,False
7,57,3.197815,0.6180395,教育,False,27,False
7,58,0.42958093,0.2661049,金融,False,98,False
7,59,2.801387,1.5763687,土木,False,36,False
7,60,1.307251,0.7365244,金融,False,74,False
7,61,4.120512,1.0957835,互联网,False,19,False
7,62,2.0058603,1.4689264,土木,False,53,False
7,63,1.223584,0.15864304,土木,False,78,False
7,64,3.7964365,0.9689731,制造,False,21,False
7,65,2.1606207,0.85092264,制造,False,46,False
7,66,2.8931928,2.1095488,金融,False,33,False
7,67,2.0425394,1.0147568,制造,False,52,False
7,68,4.246098,0.9248142,土木,False,18,False
7,69,2.4694135,1.8082235,互联网,False,43,False
7,70,2.1133823,0.9276375,土木,False,48,False
7,71,1.5712067,0.8412625,土木,False,69,False
7,72,2.7671165,6.0297985,金融,False,37,False
7,73,1.1327602,0.47741428,教育,False,82,False
7,74,1.2023953,0.46699718,金融,False,79,False
7,75,1.9553806,0.73089004,土木,False,54,False
7,76,0.4913075,0.28497735,土木,False,96,False
7,77,1.0139639,0.40437356,制造,False,88,False
7,78,4.3602195,1.1670233,互联网,False,16,False
7,79,1.122612,0.2024637,教育,False,83,False
7,80,1.1126361,0.70190084,土木,False,84,False
7,81,1.8428029,0.8178947,土木,False,57,False
7,82,1.2860256,0.52480954,土木,False,75,False
7,83,1.2438695,0.3544017,土木,False,76,False
7,84,2.577649,2.2981362,互联网,False,42,False
7,85,1.6408145,0.0903378,土木,False,63,False
7,86,2.6632996,0.820508,土木,False,38,False
7,87,1.8882387,1.7601329,土木,False,55,False
7,88,0.7472366,0.39052767,教育,False,92,False
7,89,2.6391854,0.90872234,土木,False,40,False
7,90,1.1844838,0.35169315,制造,False,81,False
7,91,3.3672051,1.5887138,教育,False,25,False
7,92,3.5237353,0.633078,制造,False,23,False
7,93,0.27709484,0.34940603,土木,False,100,False
7,94,3.14026,0.766774,土木,False,28,False
7,95,0.46789256,0.22017297,制造,False,97,False
7,96,0.72079456,0.91370946,土木,False,95,False
7,97,1.7063552,0.52305484,教育,False,61,False
7,98,4.014517,1.1727102,教育,False,20,False
7,99,2.6626055,0.78532815,互联网,False,39,False
8,0,1.1271218,0.5674775,土木,False,86,False
8,1,1.0973743,1.153782,土木,False,87,False
8,2,1.4466095,0.29696023,土木,False,71,False
8,3,8.165886,2.7087123,土木,False,7,False
8,4,6.219296,3.716106,土木,False,9,False
8,5,2.5187302,1.3246981,土木,False,44,False
8,6,0.3990851,1.1237389,金融,False,99,False
8,7,10.218762,5.547238,金融,False,5,False
8,8,0.94599944,0.21560587,土木,False,90,False
8,9,14.335128,12.206304,金融,False,3,False
8,10,11.343329,4.9913363,土木,False,4,False
8,11,1.6679806,0.40295762,土木,False,67,False
8,12,3.7831028,2.2958825,互联网,False,21,False
8,13,2.2156913,0.9143606,互联网,False,51,False
8,14,1.8151315,1.5663778,土木,False,62,False
8,15,8.626728,0.75172544,金融,False,6,False
8,16,1.9904113,0.57419825,土木,False,56,False
8,17,1.394786,1.200808,土木,False,74,False
8,18,1.0820813,1.191163,互联网,False,88,False
8,19,1.9863602,0.7459149,金融,False,57,False
8,20,2.2343068,0.83327544,金融,False,50,False
8,21,1.9629177,1.8008535,教育,False,58,False
8,22,0.75351244,0.41211545,互联网,False,94,False
8,23,14.4016285,2.6970725,土木,False,2,False
8,24,1.4303823,0.48998037,土木,False,72,False
8,25,1.6266906,0.4238886,土木,False,68,False
8,26,3.6428428,1.4584547,互联网,False,22,False
8,27,1.1541436,0.30833602,教育,False,82,False
8,28,1.6012651,0.2529515,土木,False,69,False
8,29,2.6938353,1.1855925,制造,False,39,False
8,30,2.0269756,0.92480123,土木,False,54,False
8,31,1.8809701,0.3025951,制造,False,59,False
8,32,6.0535235,0.63213396,土木,False,12,False
8,33,5.5762405,1.5975751,土木,False,14,False
8,34,3.1290724,0.24025278,教育,False,29,False
8,35,1.1854813,0.5673362,土木,False,81,False
8,36,3.0133297,0.85021764,教育,False,35,False
8,37,4.410186,10.71354,土木,False,18,False
8,38,1.3830011,1.4270774,土木,False,75,False
8,39,6.4553084,1.1978117,土木,False,8,False
8,40,1.4878366,0.5581373,土木,False,70,False
8,41,2.2136924,1.3585954,土木,False,52,False
8,42,2.3114932,1.1208682,土木,False,47,False
8,43,2.280398,0.43344417,制造,False,48,False
8,44,1.7483484,1.1007147,互联网,False,64,False
8,45,5.3019156,1.4230566,土木,False,15,False
8,46,3.3764966,0.40929654,制造,False,26,False
8,47,2.851387,0.8003786,土木,False,37,False
8,48,5.8219204,0.33343348,制造,False,13,False
8,49,6.118171,2.0086465,教育,False,11,False
8,50,0.75754887,0.27007324,教育,False,93,False
8,51,3.114366,1.0807372,金融,False,31,False
8,52,2.887905,0.9779007,制造,False,36,False
8,53,3.537274,1.3221345,土木,False,24,False
8,54,6.217512,2.3855124,土木,False,10,False
8,55,27.953062,18.452484,互联网,False,1,False
8,56,0.7529962,0.93990606,土木,False,95,False
8,57,3.5823755,0.7469652,教育,False,23,False
8,58,0.42689887,0.3117671,金融,False,98,False
8,59,3.0837636,1.4402659,土木,False,34,False
8,60,1.3989086,0.4636235,金融,False,73,False
8,61,4.4801373,1.2321066,互联网,False,17,False
8,62,2.0804846,0.9741623,土木,False,53,False
8,63,1.2237496,0.23886792,土木,False,79,False
8,64,4.2137194,1.0890073,制造,False,19,False
8,65,2.3834639,0.6915423,制造,False,46,False
8,66,3.089286,1.8408769,金融,False,32,False
8,67,2.246249,0.64268416,制造,False,49,False
8,68,4.1446,0.7000661,土木,False,20,False
8,69,2.6239235,1.8160677,互联网,False,41,False
8,70,2.4128282,1.3793714,土木,False,45,False
8,71,1.7809821,0.7352022,土木,False,63,False
8,72,3.1286101,5.518018,金融,False,30,False
8,73,1.1302264,0.3875534,教育,False,85,False
8,74,1.2565407,0.12279714,金融,False,77,False
8,75,1.848392,0.5742033,土木,False,60,False
8,76,0.4989938,0.29324797,土木,False,96,False
8,77,1.0377648,0.31605598,制造,False,89,False
8,78,3.4645772,0.8613914,互联网,False,25,False
8,79,1.1520478,0.32909402,教育,False,83,False
8,80,1.1465142,0.2544476,土木,False,84,False
8,81,1.991228,0.9345043,土木,False,55,False
8,82,1.296897,0.36454207,土木,False,76,False
8,83,1.1951958,0.3121284,土木,False,80,False
8,84,2.6189282,1.2712516,互联网,False,42,False
8,85,1.6683494,0.05590721,土木,False,66,False
8,86,2.825838,0.7481127,土木,False,38,False
8,87,1.7455952,1.2788149,土木,False,65,False
8,88,0.7892452,0.42313612,教育,False,92,False
8,89,2.5630274,0.57447183,土木,False,43,False
8,90,1.250278,0.22630505,制造,False,78,False
8,91,3.3612654,1.2389579,教育,False,27,False
8,92,3.3268955,0.64063084,制造,False,28,False
8,93,0.2880784,0.22840819,土木,False,100,False
8,94,3.0870874,0.84115124,土木,False,33,False
8,95,0.46589822,0.17138298,制造,False,97,False
8,96,0.7972689,1.2592344,土木,False,91,False
8,97,1.8342462,0.3988959,教育,False,61,False
8,98,4.597684,1.5154169,教育,False,16,False
8,99,2.6713612,0.526845,互联网,False,40,False
9,0,1.3451821,0.5448823,土木,False,75,False
9,1,1.2031606,1.0529586,土木,False,84,False
9,2,1.4734646,0.32144395,土木,False,71,False
9,3,9.058063,2.4431264,土木,False,6,False
9,4,7.35884,3.398504,土木,False,8,False
9,5,2.5889184,0.8834101,土木,False,46,False
9,6,0.42610884,0.80656695,金融,False,99,False
9,7,11.711167,6.0991373,金融,False,5,False
9,8,0.9476173,0.17560416,土木,False,90,False
9,9,15.560276,7.26856,金融,False,2,False
9,10,12.57181,3.2255373,土木,False,4,False
9,11,1.7455026,0.21436778,土木,False,66,False
9,12,4.479376,2.4422026,互联网,False,20,False
9,13,2.1994112,0.5732892,互联网,False,54,False
9,14,1.6904614,1.7411834,土木,False,68,False
9,15,8.757101,0.69012034,金融,False,7,False
9,16,2.294029,0.6083114,土木,False,51,False
9,17,1.2596632,1.8699595,土木,False,79,False
9,18,1.0769125,0.39789152,互联网,False,88,False
9,19,2.2543457,1.4520648,金融,False,52,False
9,20,2.448775,1.3214422,金融,False,49,False
9,21,2.4261587,1.9301223,教育,False,50,False
9,22,0.75935733,0.23811609,互联网,False,95,False
9,23,13.204664,1.3256416,土木,False,3,False
9,24,1.4777218,0.52595055,土木,False,70,False
9,25,1.8020213,0.5002446,土木,False,65,False
9,26,3.1674862,1.1800789,互联网,False,34,False
9,27,1.1212522,0.43215114,教育,False,87,False
9,28,1.4671198,0.2716815,土木,False,72,False
9,29,3.1262963,1.9872684,制造,False,36,False
9,30,2.073124,0.88873184,土木,False,59,False
9,31,2.169715,3.770619,制造,False,55,False
9,32,5.982905,0.60622585,土木,False,13,False
9,33,5.746088,1.3235588,土木,False,14,False
9,34,3.1178174,0.20173252,教育,False,37,False
9,35,1.2359759,0.78756475,土木,False,81,False
9,36,3.2305517,2.5762758,教育,False,33,False
9,37,4.661335,13.055498,土木,False,18,False
9,38,1.330733,0.741463,土木,False,76,False
9,39,6.5416813,0.5919008,土木,False,11,False
9,40,1.3913317,0.20341381,土木,False,74,False
9,41,2.1079552,0.77821827,土木,False,58,False
9,42,2.571656,1.5227557,土木,False,47,False
9,43,2.1151066,0.6215502,制造,False,56,False
9,44,2.0016036,1.2535561,互联网,False,60,False
9,45,5.571739,1.0387316,土木,False,15,False
9,46,3.322766,0.6820541,制造,False,30,False
9,47,3.1530755,0.8746822,土木,False,35,False
9,48,6.0200157,0.4808355,制造,False,12,False
9,49,6.907991,2.6469684,教育,False,10,False
9,50,0.7902176,0.31198892,教育,False,93,False
9,51,3.356297,1.0550773,金融,False,29,False
9,52,3.2840993,1.5073904,制造,False,31,False
9,53,3.698933,1.1020004,土木,False,25,False
9,54,6.909555,3.6549911,土木,False,9,False
9,55,34.790718,28.363571,互联网,False,1,False
9,56,0.77074367,0.48023605,土木,False,94,False
9,57,3.8339655,2.3944604,教育,False,23,False
9,58,0.43040353,0.30307585,金融,False,98,False
9,59,3.3646004,0.46690336,土木,False,28,False
9,60,1.4911075,0.6074116,金融,False,69,False
9,61,4.6097813,1.1183411,互联网,False,19,False
9,62,2.238511,1.4277622,土木,False,53,False
9,63,1.2430693,0.25607213,土木,False,80,False
9,64,4.7532506,0.86668605,制造,False,17,False
9,65,2.7073026,0.94742703,制造,False,44,False
9,66,3.42754,1.8255613,金融,False,27,False
9,67,2.5323198,0.81054705,制造,False,48,False
9,68,4.265935,0.58857447,土木,False,21,False
9,69,2.9446864,1.425431,互联网,False,39,False
9,70,2.6053905,1.1597863,土木,False,45,False
9,71,1.8646804,0.71207184,土木,False,62,False
9,72,3.251674,4.386858,金融,False,32,False
9,73,1.2130399,0.46345708,教育,False,83,False
9,74,1.4653735,0.7645473,金融,False,73,False
9,75,1.8637953,0.56899214,土木,False,63,False
9,76,0.4953197,0.21408941,土木,False,96,False
9,77,1.0514822,0.48519862,制造,False,89,False
9,78,3.8020177,1.1880839,互联网,False,24,False
9,79,1.1504518,0.22636396,教育,False,86,False
9,80,1.2145734,0.5330757,土木,False,82,False
9,81,2.1084352,0.6812929,土木,False,57,False
9,82,1.3291926,0.46119285,土木,False,77,False
9,83,1.2710992,0.2951119,土木,False,78,False
9,84,2.925901,1.5744106,互联网,False,41,False
9,85,1.708659,0.07781138,土木,False,67,False
9,86,2.9205892,0.5073833,土木,False,42,False
9,87,1.9063245,0.7897219,土木,False,61,False
9,88,0.8581208,0.39490497,教育,False,92,False
9,89,2.788253,0.60897714,土木,False,43,False
9,90,1.1810288,0.17957444,制造,False,85,False
9,91,3.8415313,2.7231095,教育,False,22,False
9,92,3.503335,0.4632146,制造,False,26,False
9,93,0.29491436,0.2779072,土木,False,100,False
9,94,3.106931,0.5607199,土木,False,38,False
9,95,0.47833622,0.17469592,制造,False,97,False
9,96,0.90343237,0.54932016,土木,False,91,False
9,97,1.8559384,0.49267486,教育,False,64,False
9,98,5.3835926,3.744658,教育,False,16,False
9,99,2.9425888,0.76263463,互联网,False,40,False
10,0,1.3317683,0.3871582,土木,False,77,False
10,1,1.2609557,1.2175478,土木,False,80,False
10,2,1.5016705,0.19361809,土木,False,72,False
10,3,10.074566,3.1814415,土木,False,6,False
10,4,7.5898542,4.4744196,土木,False,9,False
10,5,2.7725277,0.8613563,土木,False,44,False
10,6,0.45440218,0.8688349,金融,False,95,False
10,7,11.335031,2.272285,金融,False,5,False
10,8,0.992252,0.18007812,土木,False,87,False
10,9,17.832811,16.964777,金融,False,2,False
10,10,14.676484,6.074117,土木,False,3,False
10,11,1.714128,0.2320812,土木,False,64,False
10,12,6.936454,11.336065,互联网,False,12,False
10,13,2.292599,0.4437249,互联网,False,53,False
10,14,1.7515432,1.2756524,土木,False,63,False
10,15,9.1259985,0.7389294,金融,False,7,False
10,16,2.5322585,0.44272703,土木,False,47,False
10,17,1.3668531,0.7554063,土木,False,75,False
10,18,0.8899313,1.3605881,互联网,False,91,False
10,19,2.527592,1.5986258,金融,False,48,False
10,20,2.7495604,1.3311365,金融,False,45,False
10,21,2.8253868,1.8137362,教育,False,42,False
10,22,0.83825666,0.3476251,互联网,False,92,False
10,23,14.062003,1.6583703,土木,False,4,False
10,24,1.5170679,0.550081,土木,False,71,False
10,25,1.8369234,0.2880878,土木,False,61,False
10,26,3.612679,2.2783592,互联网,False,28,False
10,27,1.1765008,0.59544265,教育,False,84,False
10,28,1.4798683,0.055183526,土木,False,73,False
10,29,2.980888,2.02786,互联网,False,37,True
10,30,2.0853765,0.81933737,土木,False,57,False
10,31,0.8982849,0.4084242,金融,False,90,True
10,32,6.1457205,0.6358836,土木,False,16,False
10,33,6.2879405,3.4541616,土木,False,15,False
10,34,2.888669,0.35935467,教育,False,40,False
10,35,1.343447,0.70740193,土木,False,76,False
10,36,3.15197,0.39606497,教育,False,33,False
10,37,4.877047,15.7658825,土木,False,18,False
10,38,1.5668579,0.9178346,土木,False,69,False
10,39,6.318041,0.97917086,土木,False,14,False
10,40,1.4656721,0.4552551,土木,False,74,False
10,41,2.1784527,0.8512634,土木,False,56,False
10,42,2.8100135,1.8984075,土木,False,43,False
10,43,1.6634411,0.3312467,教育,False,65,True
10,44,1.8050809,1.5151876,互联网,False,62,False
10,45,7.3046618,2.5593338,土木,False,10,False
10,46,2.1797342,0.50319606,制造,False,55,True
10,47,3.510999,0.7595572,土木,False,30,False
10,48,5.3484144,0.25080168,互联网,False,17,True
10,49,7.1663113,1.8887901,教育,False,11,False
10,50,0.8067627,0.15481679,教育,False,93,False
10,51,3.7299402,1.1313214,金融,False,26,False
10,52,2.3467224,2.879823,金融,False,50,True
10,53,3.7458425,1.7896061,土木,False,25,False
10,54,9.095828,2.2720568,土木,False,8,False
10,55,43.02081,52.851994,互联网,False,1,False
10,56,0.9086571,0.88969564,土木,False,89,False
10,57,3.9501412,1.2534391,教育,False,23,False
10,58,0.43230775,0.14017077,金融,False,96,False
10,59,3.7247152,1.2065284,土木,False,27,False
10,60,1.6142524,0.8059278,金融,False,67,False
10,61,4.394326,1.6155167,互联网,False,21,False
10,62,2.469847,2.0874298,土木,False,49,False
10,63,1.2604958,0.220155,土木,False,81,False
10,64,4.4147353,2.0436664,互联网,False,20,True
10,65,1.555211,0.85690475,教育,False,70,True
10,66,3.561758,1.6220331,金融,False,29,False
10,67,2.329329,1.1012403,土木,False,51,True
10,68,4.2284884,0.4521559,土木,False,22,False
10,69,3.0579834,1.6412379,互联网,False,34,False
10,70,2.8876405,1.5098702,土木,False,41,False
10,71,2.0056322,0.9654825,土木,False,59,False
10,72,3.3748097,3.8266273,金融,False,31,False
10,73,1.0196091,0.4453962,教育,False,85,False
10,74,1.577091,0.5440219,金融,False,68,False
10,75,1.9729508,0.70791477,土木,False,60,False
10,76,0.48998958,0.09147686,土木,False,94,False
10,77,0.0,0.5585572,土木,False,98,True
10,78,3.8072653,0.88318074,互联网,False,24,False
10,79,1.183261,0.28506762,教育,False,83,False
10,80,1.2844177,1.0175762,土木,False,79,False
10,81,2.2414649,1.2883897,土木,False,54,False
10,82,1.3007189,0.39872938,土木,False,78,False
10,83,1.214189,0.27408677,土木,False,82,False
10,84,3.0047007,1.2913564,互联网,False,35,False
10,85,1.6519517,0.043902975,土木,False,66,False
10,86,2.9913628,0.85262024,土木,False,36,False
10,87,2.2939215,1.292722,土木,False,52,False
10,88,0.9107981,0.38897985,教育,False,88,False
10,89,2.8969452,0.81505954,土木,False,39,False
10,90,0.0,0.33116618,教育,False,99,True
10,91,4.4367414,2.7321644,教育,False,19,False
10,92,2.618969,0.8641343,土木,False,46,True
10,93,0.30418134,0.2507395,土木,False,97,False
10,94,3.242737,1.6757302,土木,False,32,False
10,95,0.0,0.08542703,制造,False,100,True
10,96,1.0125259,0.8900321,土木,False,86,False
10,97,2.0199628,0.70978874,教育,False,58,False
10,98,6.331272,3.621791,教育,False,13,False
10,99,2.9792037,0.676015,互联网,False,38,False
11,0,1.3754854,0.49467888,土木,False,76,False
11,1,1.2410188,0.7109731,土木,False,79,False
11,2,1.5200673,0.29907504,土木,False,73,False
11,3,11.6703825,3.3471594,土木,False,6,False
11,4,10.040351,6.8848834,土木,False,8,False
11,5,2.902761,0.888996,土木,False,44,False
11,6,0.4685246,1.0070292,金融,False,95,False
11,7,12.421524,3.4028072,金融,False,5,False
11,8,0.9969556,0.15997112,土木,False,87,False
11,9,20.016033,16.80318,金融,False,2,False
11,10,16.272186,6.6856017,土木,False,3,False
11,11,1.8229451,0.23213184,土木,False,62,False
11,12,7.8338585,2.1909475,互联网,False,12,False
11,13,2.4297614,0.3819908,互联网,False,51,False
11,14,1.6497695,1.5893615,土木,False,69,False
11,15,10.073071,0.90800273,金融,False,7,False
11,16,2.621141,0.41634884,土木,False,50,False
11,17,1.2828953,1.2734287,土木,False,77,False
11,18,0.8896857,1.0690161,互联网,False,91,False
11,19,2.8814056,1.0611136,金融,False,45,False
11,20,3.0024374,0.9793866,金融,False,42,False
11,21,3.102316,1.2968981,教育,False,38,False
11,22,0.8184485,0.28114375,互联网,False,93,False
11,23,14.758091,2.4210334,土木,False,4,False
11,24,1.5674736,0.38360325,土木,False,72,False
11,25,1.7841482,0.30852944,土木,False,64,False
11,26,3.6397872,1.6044278,互联网,False,30,False
11,27,1.1970166,0.4164449,教育,False,82,False
11,28,1.4730628,0.3152387,土木,False,74,False
11,29,3.4471183,2.5790718,互联网,False,33,False
11,30,1.6847788,0.7510715,土木,False,68,False
11,31,0.9121537,0.43737772,金融,False,90,False
11,32,6.5058665,0.653243,土木,False,16,False
11,33,7.807112,2.8182483,土木,False,13,False
11,34,2.6732953,0.23249094,教育,False,48,False
11,35,1.5865997,1.1873605,土木,False,71,False
11,36,3.2580285,1.3276931,教育,False,35,False
11,37,5.5009804,20.542952,土木,False,17,False
11,38,1.7048453,0.9170393,土木,False,67,False
11,39,6.573718,1.2098724,土木,False,15,False
11,40,1.4213742,0.41612065,土木,False,75,False
11,41,2.230561,0.9108231,土木,False,53,False
11,42,2.9949908,1.1755545,土木,False,43,False
11,43,1.8414227,0.8452565,教育,False,61,False
11,44,1.8114085,1.1150941,互联网,False,63,False
11,45,7.588319,1.7824451,土木,False,14,False
11,46,2.22201,0.49283946,制造,False,54,False
11,47,3.611387,1.0890203,土木,False,31,False
11,48,5.4117618,0.3173899,互联网,False,18,False
11,49,8.037327,2.934275,教育,False,11,False
11,50,0.85495627,0.27783984,教育,False,92,False
11,51,3.6698954,1.7064309,金融,False,29,False
11,52,2.0031347,2.5360851,金融,False,57,False
11,53,4.5235715,1.9035853,土木,False,23,False
11,54,9.519449,3.629953,土木,False,9,False
11,55,49.596165,34.8846,互联网,False,1,False
11,56,0.93575096,1.0108383,土木,False,89,False
11,57,4.0358944,0.89331293,教育,False,24,False
11,58,0.43758777,0.17814285,金融,False,96,False
11,59,3.7734911,1.508879,土木,False,27,False
11,60,1.7418214,0.6790518,金融,False,65,False
11,61,5.0135455,0.8886304,互联网,False,19,False
11,62,2.7784412,1.6573365,土木,False,46,False
11,63,1.2262102,0.13807058,土木,False,80,False
11,64,4.8536053,2.6887422,互联网,False,20,False
11,65,1.98983,0.62604743,教育,False,59,False
11,66,4.022441,1.6137282,金融,False,25,False
11,67,2.7285182,1.2306808,土木,False,47,False
11,68,4.638117,0.8035171,土木,False,22,False
11,69,3.0880482,1.09713,互联网,False,39,False
11,70,3.1913788,1.1982598,土木,False,36,False
11,71,1.8589895,0.7572168,土木,False,60,False
11,72,3.567348,4.432319,金融,False,32,False
11,73,1.0265027,0.45641097,教育,False,86,False
11,74,1.6377717,0.5794497,金融,False,70,False
11,75,2.202021,0.6296893,土木,False,56,False
11,76,0.48862156,0.26464322,土木,False,94,False
11,77,0.015790494,0.7434608,土木,False,98,False
11,78,3.9608858,0.62236035,互联网,False,26,False
11,79,1.1308222,0.30761027,教育,False,84,False
11,80,1.2414562,0.5750268,土木,False,78,False
11,81,2.410384,0.6529206,土木,False,52,False
11,82,1.1524426,0.4811072,土木,False,83,False
11,83,1.2146231,0.31386808,土木,False,81,False
11,84,3.6934547,2.8343022,互联网,False,28,False
11,85,1.726739,0.039470505,土木,False,66,False
11,86,3.040589,0.31314954,土木,False,41,False
11,87,2.2050576,1.1408635,土木,False,55,False
11,88,0.9738936,0.482127,教育,False,88,False
11,89,3.0831106,1.0882638,土木,False,40,False
11,90,0.0070806756,0.34895176,教育,False,99,False
11,91,4.822148,2.5031493,教育,False,21,False
11,92,2.647434,1.6796509,土木,False,49,False
11,93,0.29193494,0.21788682,土木,False,97,False
11,94,3.3123019,0.8756667,土木,False,34,False
11,95,0.0016532537,0.08283292,制造,False,100,False
11,96,1.1236509,0.7568079,土木,False,85,False
11,97,2.0006359,0.5938944,教育,False,58,False
11,98,8.295939,6.6434455,教育,False,10,False
11,99,3.1674595,0.8042026,互联网,False,37,False
12,0,1.4426663,0.44624254,土木,False,76,False
12,1,1.3329827,1.137039,土木,False,77,False
12,2,1.5949299,0.21970567,土木,False,72,False
12,3,13.584781,3.2059345,土木,False,6,False
12,4,12.528063,5.8348613,土木,False,7,False
12,5,2.9689221,1.0468638,土木,False,47,False
12,6,0.48325807,1.0385317,金融,False,95,False
12,7,16.354597,4.5813107,金融,False,4,False
12,8,0.9889057,0.114446215,土木,False,88,False
12,9,22.276556,9.459261,金融,False,2,False
12,10,19.133083,7.321387,土木,False,3,False
12,11,1.8454558,0.14401916,土木,False,63,False
12,12,8.395877,2.2717125,互联网,False,14,False
12,13,2.491251,0.60168713,互联网,False,52,False
12,14,1.7425716,2.624901,土木,False,67,False
12,15,10.387076,0.6425552,金融,False,8,False
12,16,2.8321972,0.4666742,土木,False,49,False
12,17,1.2563553,0.98722214,土木,False,78,False
12,18,0.9219107,1.3166721,互联网,False,90,False
12,19,3.10028,1.3933108,金融,False,43,False
12,20,3.2028003,0.8393656,金融,False,40,False
12,21,3.4405682,2.3166044,教育,False,36,False
12,22,0.8450467,0.28995016,互联网,False,93,False
12,23,14.593863,4.045479,土木,False,5,False
12,24,1.5800939,0.3990402,土木,False,73,False
12,25,1.8671305,0.105840564,土木,False,62,False
12,26,4.1376657,2.6882217,互联网,False,26,False
12,27,1.2259226,0.38796917,教育,False,80,False
12,28,1.5263851,0.18018761,土木,False,74,False
12,29,4.123895,2.8891826,互联网,False,27,False
12,30,1.651512,0.27200547,土木,False,71,False
12,31,0.90105784,0.50484455,金融,False,91,False
12,32,6.7060466,0.44113377,土木,False,15,False
12,33,9.178554,6.137205,土木,False,10,False
12,34,2.703506,0.39205074,教育,False,50,False
12,35,1.7926395,0.6875931,土木,False,65,False
12,36,3.333526,0.7000116,教育,False,37,False
12,37,5.7524605,17.713366,土木,False,17,False
12,38,1.7612835,1.3697904,土木,False,66,False
12,39,6.702531,0.7962579,土木,False,16,False
12,40,1.45674,0.19980137,土木,False,75,False
12,41,2.5771306,0.838304,土木,False,51,False
12,42,3.1365457,1.2824069,土木,False,42,False
12,43,1.940404,0.4256635,教育,False,60,False
12,44,1.6810699,2.521333,互联网,False,68,False
12,45,8.745383,2.2112274,土木,False,13,False
12,46,2.2431872,0.6944257,制造,False,56,False
12,47,3.7561843,0.9549393,土木,False,32,False
12,48,5.6809444,0.4460616,互联网,False,18,False
12,49,9.167496,3.219479,教育,False,11,False
12,50,0.872636,0.26613793,教育,False,92,False
12,51,3.8796372,1.208013,金融,False,30,False
12,52,2.3608413,2.8560882,金融,False,54,False
12,53,4.8465586,2.1614945,土木,False,22,False
12,54,10.123604,3.7462924,土木,False,9,False
12,55,57.816326,34.010056,互联网,False,1,False
12,56,0.9354094,1.300432,土木,False,89,False
12,57,4.253832,1.1310078,教育,False,25,False
12,58,0.4377744,0.16546978,金融,False,96,False
12,59,3.8627,0.6417413,土木,False,31,False
12,60,1.6772617,0.5325035,金融,False,70,False
12,61,4.0215173,1.0460502,互联网,False,29,False
12,62,2.9473317,2.2571313,土木,False,48,False
12,63,1.2243679,0.12539604,土木,False,81,False
12,64,5.0088596,1.7322977,互联网,False,20,False
12,65,1.9866176,0.7164406,教育,False,58,False
12,66,4.7539115,2.467389,金融,False,23,False
12,67,3.002373,0.98899287,土木,False,45,False
12,68,4.9337554,0.92995375,土木,False,21,False
12,69,3.0820549,2.4471674,互联网,False,44,False
12,70,3.700722,1.6625167,土木,False,33,False
12,71,1.8827039,0.7556781,土木,False,61,False
12,72,3.6681666,4.614344,金融,False,34,False
12,73,1.119235,3.0987775,教育,False,85,False
12,74,1.6785984,0.6991567,金融,False,69,False
12,75,2.3178742,0.7547885,土木,False,55,False
12,76,0.50560874,0.17008609,土木,False,94,False
12,77,0.032098513,0.7260657,土木,False,98,False
12,78,4.742474,0.42746612,互联网,False,24,False
12,79,1.1374391,0.2656858,教育,False,83,False
12,80,1.2526069,0.35451025,土木,False,79,False
12,81,2.3789268,0.79559994,土木,False,53,False
12,82,1.1284153,0.43455017,土木,False,84,False
12,83,1.0513316,0.3255363,土木,False,86,False
12,84,4.0254264,2.5909839,互联网,False,28,False
12,85,1.8122623,0.034111775,土木,False,64,False
12,86,3.2093961,0.82194984,土木,False,39,False
12,87,1.9494145,1.7515821,土木,False,59,False
12,88,1.0292821,0.42264017,教育,False,87,False
12,89,3.2427082,0.76554936,土木,False,38,False
12,90,0.012274475,0.25752267,教育,False,99,False
12,91,5.011442,2.955257,教育,False,19,False
12,92,2.971887,1.3157691,土木,False,46,False
12,93,0.29469123,0.1424601,土木,False,97,False
12,94,3.1732526,1.0585552,土木,False,41,False
12,95,0.0036033578,0.09654183,制造,False,100,False
12,96,1.2106452,0.8608189,土木,False,82,False
12,97,2.1522486,0.6965908,教育,False,57,False
12,98,8.968948,3.5719094,教育,False,12,False
12,99,3.5540287,0.4736171,互联网,False,35,False
13,0,1.2149166,0.48676056,土木,False,80,False
13,1,1.3849078,0.700561,土木,False,76,False
13,2,1.5966846,0.1169047,土木,False,72,False
13,3,15.207916,3.1773117,土木,False,7,False
13,4,15.783649,4.1482444,土木,False,6,False
13,5,3.0174496,0.77819175,土木,False,48,False
13,6,0.5469087,0.8486369,金融,False,94,False
13,7,18.199776,3.7976313,金融,False,4,False
13,8,0.9968032,0.10420202,土木,False,88,False
13,9,26.539518,13.110437,金融,False,2,False
13,10,19.451601,4.211057,土木,False,3,False
13,11,1.9444854,0.2101744,土木,False,62,False
13,12,8.900257,1.6929948,互联网,False,14,False
13,13,2.8169718,0.47418183,互联网,False,49,False
13,14,1.8180146,1.0368165,土木,False,65,False
13,15,10.650423,0.6011923,金融,False,10,False
13,16,3.0571213,0.25624,土木,False,46,False
13,17,1.3734055,1.3150431,土木,False,77,False
13,18,0.9475477,0.84839386,互联网,False,90,False
13,19,3.3091178,1.2672213,金融,False,40,False
13,20,3.5064287,1.4633214,金融,False,36,False
13,21,2.704369,2.4684827,教育,False,50,False
13,22,0.8539936,0.21628714,互联网,False,93,False
13,23,16.72397,2.5402868,土木,False,5,False
13,24,1.5718864,0.1959961,土木,False,73,False
13,25,1.9170476,1.3090782,土木,False,63,False
13,26,4.104518,2.329158,互联网,False,31,False
13,27,1.2695103,0.5790868,教育,False,79,False
13,28,1.5103376,0.12730764,土木,False,74,False
13,29,5.1517878,3.4253979,互联网,False,21,False
13,30,1.6620092,0.41237062,土木,False,70,False
13,31,0.89308465,0.42398533,金融,False,92,False
13,32,6.835363,0.6531321,土木,False,15,False
13,33,10.148551,2.354718,土木,False,11,False
13,34,2.5012457,0.19492722,教育,False,54,False
13,35,1.7840426,0.70788765,土木,False,67,False
13,36,3.4792364,1.7890505,教育,False,37,False
13,37,5.7075195,14.786177,土木,False,18,False
13,38,1.7008791,0.65683323,土木,False,69,False
13,39,6.6217766,0.77219164,土木,False,16,False
13,40,1.4465487,0.11295839,土木,False,75,False
13,41,2.6348019,0.46795762,土木,False,51,False
13,42,3.4117475,0.8556212,土木,False,39,False
13,43,2.0479393,1.0682724,教育,False,59,False
13,44,1.6370375,1.1276201,互联网,False,71,False
13,45,9.353551,1.2395695,土木,False,13,False
13,46,2.2312946,0.72429305,制造,False,57,False
13,47,3.8626418,0.15754102,土木,False,33,False
13,48,5.7057486,0.24232161,互联网,False,19,False
13,49,10.661611,3.35762,教育,False,9,False
13,50,0.8978091,0.2248389,教育,False,91,False
13,51,4.338575,1.8374835,金融,False,28,False
13,52,2.5899818,1.5616817,金融,False,52,False
13,53,4.431143,1.8652302,土木,False,27,False
13,54,11.369759,1.904089,土木,False,8,False
13,55,63.230576,38.421585,互联网,False,1,False
13,56,0.9502306,0.61984265,土木,False,89,False
13,57,4.9405737,1.1674459,教育,False,24,False
13,58,0.4561989,0.21861711,金融,False,96,False
13,59,4.140401,1.3190956,土木,False,30,False
13,60,1.7187476,0.3316885,金融,False,68,False
13,61,4.2284102,1.0723314,互联网,False,29,False
13,62,3.2794523,1.4239135,土木,False,42,False
13,63,1.2052336,0.12136072,土木,False,81,False
13,64,6.0682554,1.7948318,互联网,False,17,False
13,65,2.153349,1.7837019,教育,False,58,False
13,66,4.824958,2.5915945,金融,False,26,False
13,67,3.188973,0.5516625,土木,False,44,False
13,68,5.0255475,0.42842317,土木,False,22,False
13,69,3.0417216,2.1820648,互联网,False,47,False
13,70,3.688066,0.97534615,土木,False,34,False
13,71,2.036004,0.4106831,土木,False,60,False
13,72,3.9227068,2.8755212,金融,False,32,False
13,73,1.1583877,0.39149052,教育,False,83,False
13,74,1.8412932,0.6655814,金融,False,64,False
13,75,2.507572,0.6029904,土木,False,53,False
13,76,0.50021297,0.1560255,土木,False,95,False
13,77,0.037877876,0.27794775,土木,False,98,False
13,78,4.988845,0.61603415,互联网,False,23,False
13,79,1.1387907,0.37040702,教育,False,84,False
13,80,1.2020344,0.39247248,土木,False,82,False
13,81,2.3316145,0.40408933,土木,False,56,False
13,82,1.1363076,0.33482733,土木,False,85,False
13,83,1.0430783,0.15374093,土木,False,87,False
13,84,4.8581405,3.9096825,互联网,False,25,False
13,85,1.8013107,0.023922045,土木,False,66,False
13,86,3.4647164,0.5214059,土木,False,38,False
13,87,2.027825,0.61432743,土木,False,61,False
13,88,1.094034,0.5546607,教育,False,86,False
13,89,3.3050656,0.64620525,土木,False,41,False
13,90,0.017564457,0.27079502,教育,False,99,False
13,91,5.6317854,3.3631992,教育,False,20,False
13,92,3.081468,0.9496518,土木,False,45,False
13,93,0.29943258,0.15247922,土木,False,97,False
13,94,3.225326,0.7878864,土木,False,43,False
13,95,0.007477664,0.17900786,制造,False,100,False
13,96,1.2934154,0.6257933,土木,False,78,False
13,97,2.3493803,0.5829718,教育,False,55,False
13,98,10.122005,4.815046,教育,False,12,False
13,99,3.6871738,0.84574926,互联网,False,35,False
14,0,1.0052935,0.19681956,土木,False,88,False
14,1,1.3774357,0.48094937,土木,False,77,False
14,2,1.422632,0.22297984,土木,False,75,False
14,3,17.19459,3.0481539,土木,False,7,False
14,4,18.162985,4.5194325,土木,False,5,False
14,5,3.3011127,0.6250616,土木,False,45,False
14,6,0.57588345,0.76879334,金融,False,94,False
14,7,20.34746,5.3162093,金融,False,3,False
14,8,1.0023868,0.06786863,土木,False,89,False
14,9,30.982794,15.910212,金融,False,2,False
14,10,19.585358,2.6619701,土木,False,4,False
14,11,1.8354708,0.19181204,土木,False,67,False
14,12,10.281031,3.0148606,互联网,False,13,False
14,13,2.7970288,0.48931944,互联网,False,51,False
14,14,2.0347593,1.2978055,土木,False,62,False
14,15,11.016002,0.9931491,金融,False,11,False
14,16,3.2822838,0.359699,土木,False,46,False
14,17,1.5072805,0.70261467,土木,False,74,False
14,18,0.97481346,0.718827,互联网,False,90,False
14,19,3.4255033,0.7911103,金融,False,41,False
14,20,3.6851628,1.2633888,金融,False,35,False
14,21,3.4174335,2.7795296,教育,False,43,False
14,22,0.9250213,0.36806366,互联网,False,91,False
14,23,17.766777,1.6120899,土木,False,6,False
14,24,1.6421216,0.17324567,土木,False,72,False
14,25,2.0066304,0.1924507,土木,False,64,False
14,26,4.3323274,3.0924714,互联网,False,29,False
14,27,1.3330766,0.891767,教育,False,79,False
14,28,1.5344526,0.112467796,土木,False,73,False
14,29,6.2671685,2.1276176,互联网,False,18,False
14,30,1.7094737,0.63157016,土木,False,70,False
14,31,1.0253603,0.705726,金融,False,87,False
14,32,7.430761,0.45819694,土木,False,15,False
14,33,12.197658,1.7829151,土木,False,8,False
14,34,2.5165923,1.0217905,教育,False,55,False
14,35,1.8757706,0.6658683,土木,False,66,False
14,36,3.4317846,0.81957924,教育,False,40,False
14,37,6.1923466,5.566181,土木,False,19,False
14,38,1.6937916,0.9791691,土木,False,71,False
14,39,6.0917125,0.5574255,土木,False,20,False
14,40,1.4059823,0.2596725,土木,False,76,False
14,41,2.7847638,0.38926113,土木,False,52,False
14,42,3.6065662,0.6971433,土木,False,38,False
14,43,2.1509264,0.55754846,教育,False,59,False
14,44,1.8958482,1.2527385,互联网,False,65,False
14,45,9.9349785,1.5477799,土木,False,14,False
14,46,2.32615,0.6680449,制造,False,57,False
14,47,3.9293551,0.11557979,土木,False,32,False
14,48,5.5971456,0.31922328,互联网,False,21,False
14,49,10.733143,3.7652898,教育,False,12,False
14,50,0.9068319,0.4140402,教育,False,93,False
14,51,4.686534,2.2190514,金融,False,28,False
14,52,2.8020906,3.8493388,金融,False,50,False
14,53,5.134493,1.2961468,土木,False,25,False
14,54,12.006715,1.1820878,土木,False,9,False
14,55,67.45599,48.87475,互联网,False,1,False
14,56,0.9142143,0.5573173,土木,False,92,False
14,57,5.287761,1.7757565,教育,False,23,False
14,58,0.45439357,0.19958386,金融,False,96,False
14,59,4.2301345,2.077747,土木,False,31,False
14,60,1.8005638,0.762079,金融,False,68,False
14,61,3.4242504,1.3134477,互联网,False,42,False
14,62,3.6903663,1.3616973,土木,False,34,False
14,63,1.2165445,0.10450039,土木,False,81,False
14,64,6.586435,1.4292547,互联网,False,17,False
14,65,2.066379,1.422124,教育,False,61,False
14,66,5.0524173,2.2880855,金融,False,26,False
14,67,3.2433946,0.76892024,土木,False,48,False
14,68,5.184301,0.4092472,土木,False,24,False
14,69,2.9281228,1.1348835,互联网,False,49,False
14,70,3.629224,1.1271468,土木,False,37,False
14,71,2.1818147,0.2608926,土木,False,58,False
14,72,4.27536,5.127183,金融,False,30,False
14,73,1.1487769,0.605172,教育,False,83,False
14,74,2.0218546,0.60051036,金融,False,63,False
14,75,2.5439975,0.46238783,土木,False,54,False
14,76,0.4833177,0.07527834,土木,False,95,False
14,77,0.0484542,0.39089695,土木,False,98,False
14,78,4.992476,0.5616586,互联网,False,27,False
14,79,1.1469457,0.3126778,教育,False,84,False
14,80,1.2317697,0.3283902,土木,False,80,False
14,81,2.5935147,0.3830605,土木,False,53,False
14,82,1.0956903,0.26714677,土木,False,85,False
14,83,1.0594426,0.13378675,土木,False,86,False
14,84,5.328937,3.4094007,互联网,False,22,False
14,85,1.7644223,0.040375795,土木,False,69,False
14,86,3.6333377,0.26128897,土木,False,36,False
14,87,2.336949,0.43366542,土木,False,56,False
14,88,1.1575148,0.44948828,教育,False,82,False
14,89,3.3562562,0.86049396,土木,False,44,False
14,90,0.024507532,0.2813231,教育,False,99,False
14,91,6.8974414,3.5965374,教育,False,16,False
14,92,3.454644,0.6701163,土木,False,39,False
14,93,0.300735,0.17367077,土木,False,97,False
14,94,3.263269,0.601905,土木,False,47,False
14,95,0.011057487,0.18837437,制造,False,100,False
14,96,1.3706924,0.30753553,土木,False,78,False
14,97,2.134226,0.6483319,教育,False,60,False
14,98,11.724855,3.3723888,教育,False,10,False
14,99,3.8730516,0.7331673,互联网,False,33,False
15,0,0.25666648,0.48762766,互联网,False,86,True
15,1,0.2830559,0.72915787,制造,False,85,True
15,2,0.68319285,0.19330563,金融,False,77,True
15,3,17.167114,4.3112025,金融,False,7,True
15,4,18.534693,3.732206,制造,False,6,True
15,5,2.6494055,0.6063349,金融,False,48,True
15,6,0.62488335,1.0596936,金融,False,80,False
15,7,23.585793,3.1296954,金融,False,3,False
15,8,0.0,0.04002495,土木,False,91,True
15,9,37.819935,7.121561,金融,False,2,False
15,10,20.187536,6.4769726,互联网,False,4,True
15,11,0.23989272,0.23949042,教育,False,87,True
15,12,11.465783,2.38063,互联网,False,13,False
15,13,2.2512362,0.4956561,互联网,False,55,False
15,14,0.9622165,1.7913738,制造,False,71,True
15,15,9.398249,0.50897765,金融,False,15,False
15,16,2.9515376,0.12164558,土木,False,46,True
15,17,0.46098316,1.3012624,教育,False,82,True
15,18,0.93822867,0.88413197,互联网,False,73,False
15,19,3.696605,1.0062304,金融,False,34,False
15,20,4.249981,2.3703308,金融,False,32,False
15,21,4.449173,5.2228208,教育,False,30,False
15,22,0.9740658,0.43234912,互联网,False,70,False
15,23,18.560162,4.36196,教育,False,5,True
15,24,0.6956171,0.65316284,互联网,False,76,True
15,25,1.1004384,0.48193917,教育,False,68,True
15,26,4.5134096,0.5644516,互联网,False,28,False
15,27,1.3964126,0.7251842,教育,False,63,False
15,28,0.75480425,0.24432155,金融,False,75,True
15,29,14.364685,44.65397,互联网,False,8,False
15,30,1.1926558,1.0461719,金融,False,66,True
15,31,0.984463,0.53218746,金融,False,69,False
15,32,7.208938,0.53604686,制造,False,18,True
15,33,13.818414,3.647273,教育,False,9,True
15,34,2.6037729,2.0578845,教育,False,49,False
15,35,0.6468555,1.280388,互联网,False,79,True
15,36,3.5373209,1.4546152,教育,False,36,False
15,37,4.868672,15.673457,互联网,False,24,True
15,38,0.32879204,1.2198163,教育,False,84,True
15,39,4.733649,1.430586,教育,False,26,True
15,40,0.4115855,0.25010347,制造,False,83,True
15,41,1.9952174,0.857187,金融,False,58,True
15,42,3.2090104,1.4693543,互联网,False,41,True
15,43,2.3468387,0.9739852,教育,False,52,False
15,44,1.994838,2.1347175,互联网,False,59,False
15,45,11.111995,3.5885167,互联网,False,14,True
15,46,2.2798743,0.84424514,制造,False,54,False
15,47,3.464166,0.4323243,土木,False,37,True
15,48,4.924925,0.5327518,互联网,False,23,False
15,49,12.735445,4.4361334,教育,False,11,False
15,50,0.95424443,0.42861292,教育,False,72,False
15,51,5.365551,2.0294838,金融,False,21,False
15,52,3.009425,3.1965184,金融,False,45,False
15,53,4.862045,1.6625257,教育,False,25,True
15,54,13.370905,0.9924526,土木,False,10,True
15,55,81.335976,66.00274,互联网,False,1,False
15,56,0.0,1.4570552,教育,False,92,True
15,57,6.0819488,2.828401,教育,False,19,False
15,58,0.46799672,0.34297028,金融,False,81,False
15,59,3.5824633,0.8196887,土木,False,35,True
15,60,1.9721249,0.5341173,金融,False,60,False
15,61,3.435167,0.80889463,互联网,False,38,False
15,62,3.2576032,1.3081965,互联网,False,40,True
15,63,0.08619937,0.08318139,制造,False,88,True
15,64,7.8481636,2.2184873,互联网,False,16,False
15,65,2.3764126,1.8192074,教育,False,51,False
15,66,5.6584888,1.5189931,金融,False,20,False
15,67,3.1807039,1.2157,制造,False,42,True
15,68,4.4718747,1.0634147,制造,False,29,True
15,69,3.0746047,2.07103,互联网,False,43,False
15,70,3.2838216,1.213167,制造,False,39,True
15,71,0.0,0.5823935,金融,False,93,True
15,72,4.621235,6.1770725,金融,False,27,False
15,73,1.1999881,0.5007214,教育,False,64,False
15,74,2.1568902,0.73671514,金融,False,57,False
15,75,1.753882,0.7201773,制造,False,61,True
15,76,0.0,0.1768954,金融,False,94,True
15,77,0.0,0.8922144,金融,False,95,True
15,78,5.3537245,0.5808245,互联网,False,22,False
15,79,1.1718267,0.34260795,教育,False,67,False
15,80,0.0,0.48486257,金融,False,96,True
15,81,1.5428703,0.46892038,制造,False,62,True
15,82,0.0,0.5914097,互联网,False,97,True
15,83,0.0,0.45505464,互联网,False,98,True
15,84,4.260563,3.3603086,互联网,False,31,False
15,85,0.0,0.044134177,教育,False,99,True
15,86,3.0721443,0.81166524,互联网,False,44,True
15,87,0.86825734,1.4718794,金融,False,74,True
15,88,1.1945363,0.20121986,教育,False,65,False
15,89,2.5590005,0.36035627,土木,False,50,True
15,90,0.037003785,0.6522286,教育,False,89,False
15,91,7.7136497,5.104473,教育,False,17,False
15,92,2.198756,0.93270874,金融,False,56,True
15,93,0.0,0.11581045,制造,True,100,True
15,94,2.7459435,1.0591199,金融,False,47,True
15,95,0.013453445,0.10408073,制造,False,90,False
15,96,0.6535031,1.2152658,教育,False,78,True
15,97,2.2816548,0.6826477,教育,False,53,False
15,98,12.259795,3.5990555,教育,False,12,False
15,99,4.037999,0.7312245,互联网,False,33,False
16,0,0.31173143,0.5618045,互联网,False,86,False
16,1,0.3151771,0.6528894,制造,False,85,False
16,2,0.70308024,0.19833548,金融,False,77,False
16,3,17.4185,3.487823,金融,False,7,False
16,4,19.232609,3.3136027,制造,False,6,False
16,5,2.687311,0.7663893,金融,False,47,False
16,6,0.5972497,0.8315123,金融,False,80,False
16,7,26.851303,3.2781577,金融,False,3,False
16,8,0.00091479026,0.047124736,土木,False,99,False
16,9,37.62536,13.569678,金融,False,2,False
16,10,23.674007,10.612953,互联网,False,4,False
16,11,0.25616553,0.23925744,教育,False,87,False
16,12,13.646948,2.2076719,互联网,False,13,False
16,13,2.227375,0.60473925,互联网,False,56,False
16,14,1.0374199,1.0236024,制造,False,71,False
16,15,9.239557,0.60474145,金融,False,15,False
16,16,3.151905,0.7149186,土木,False,44,False
16,17,0.5631627,1.4628882,教育,False,81,False
16,18,0.9626771,1.1505756,互联网,False,74,False
16,19,3.7009733,1.0955535,金融,False,36,False
16,20,4.548254,1.2912866,金融,False,30,False
16,21,4.673461,3.8749979,教育,False,29,False
16,22,1.0617728,0.20720485,互联网,False,70,False
16,23,19.75898,4.598825,教育,False,5,False
16,24,0.70831704,0.3601713,互联网,False,76,False
16,25,1.0948677,0.5486503,教育,False,68,False
16,26,4.8534517,2.187103,互联网,False,27,False
16,27,1.4157817,0.57627994,教育,False,63,False
16,28,0.804379,0.36122656,金融,False,75,False
16,29,15.879418,2.0764387,互联网,False,8,False
16,30,1.3727046,1.0734192,金融,False,64,False
16,31,1.0640476,0.41329527,金融,False,69,False
16,32,7.4481473,0.48336583,制造,False,18,False
16,33,14.285073,3.7615273,教育,False,11,False
16,34,2.5880747,0.3204893,教育,False,50,False
16,35,0.64861,1.1586987,互联网,False,79,False
16,36,3.7754982,1.5582166,教育,False,35,False
16,37,5.378141,13.83988,互联网,False,23,False
16,38,0.32387632,1.1598066,教育,False,84,False
16,39,5.136564,1.1459633,教育,False,26,False
16,40,0.41453466,0.1872817,制造,False,83,False
16,41,2.0897276,1.0465164,金融,False,57,False
16,42,3.3254008,1.3574882,互联网,False,39,False
16,43,2.6053016,1.1420922,教育,False,49,False
16,44,2.0213385,1.7887822,互联网,False,60,False
16,45,11.427384,1.8304101,互联网,False,14,False
16,46,2.48328,0.62380254,制造,False,51,False
16,47,2.6394172,0.50801456,土木,False,48,False
16,48,4.714232,0.30548292,互联网,False,28,False
16,49,15.321326,3.4055386,教育,False,9,False
16,50,0.9658647,0.29394326,教育,False,73,False
16,51,5.5942626,1.3015335,金融,False,21,False
16,52,3.293936,2.1520205,金融,False,40,False
16,53,5.425554,3.111046,教育,False,22,False
16,54,14.007761,1.6189218,土木,False,12,False
16,55,86.39525,31.20119,互联网,False,1,False
16,56,0.026326146,1.2405953,教育,False,90,False
16,57,6.0596685,2.5084205,教育,False,19,False
16,58,0.46665424,0.0803905,金融,False,82,False
16,59,3.2901015,1.286675,土木,False,41,False
16,60,2.0706344,0.5218133,金融,False,58,False
16,61,3.4021459,0.8280535,互联网,False,38,False
16,62,3.503001,2.1158576,互联网,False,37,False
16,63,0.08468977,0.08534425,制造,False,88,False
16,64,7.837947,3.3077877,互联网,False,17,False
16,65,2.2723908,1.1969641,教育,False,55,False
16,66,5.8873296,1.1087763,金融,False,20,False
16,67,3.2827256,0.60687494,制造,False,42,False
16,68,4.478023,0.6038517,制造,False,32,False
16,69,2.8797386,1.2803708,互联网,False,45,False
16,70,3.8239572,1.1581019,制造,False,34,False
16,71,0.01513658,0.67282903,金融,False,92,False
16,72,4.52279,3.9339728,金融,False,31,False
16,73,1.3039371,0.62805706,教育,False,65,False
16,74,2.2766235,0.71139127,金融,False,54,False
16,75,1.9007972,0.4585791,制造,False,61,False
16,76,0.004128934,0.20070289,金融,False,97,False
16,77,0.011774545,0.5701284,金融,False,93,False
16,78,5.149446,0.5301451,互联网,False,25,False
16,79,1.1725054,0.4387285,教育,False,67,False
16,80,0.009713435,0.4652683,金融,False,94,False
16,81,1.4967303,0.54670674,制造,False,62,False
16,82,0.007946978,0.40975064,互联网,False,95,False
16,83,0.00739377,0.35191524,互联网,False,96,False
16,84,5.2867665,2.2835438,互联网,False,24,False
16,85,0.0010299288,0.05025021,教育,False,98,False
16,86,3.186184,1.0310057,互联网,False,43,False
16,87,1.0110039,1.4294635,金融,False,72,False
16,88,1.228587,0.48301473,教育,False,66,False
16,89,2.8292246,0.434742,土木,False,46,False
16,90,0.041892804,0.26165247,教育,False,89,False
16,91,8.620101,3.4838252,教育,False,16,False
16,92,2.3335063,1.3601978,金融,False,53,False
16,93,0.0,0.2,制造,True,100,False
16,94,2.4130254,1.0118858,金融,False,52,False
16,95,0.016115595,0.1704502,制造,False,91,False
16,96,0.6932462,0.72886485,教育,False,78,False
16,97,2.0605383,0.54506207,教育,False,59,False
16,98,14.31895,7.660126,教育,False,10,False
16,99,3.9879491,0.8346525,互联网,False,33,False
17,0,0.35674733,0.39098972,互联网,False,84,False
17,1,0.2894474,0.5617544,制造,False,86,False
17,2,0.7109754,0.23117729,金融,False,78,False
17,3,17.719225,3.3274605,金融,False,8,False
17,4,21.54345,5.6177754,制造,False,6,False
17,5,2.639384,1.5696412,金融,False,46,False
17,6,0.67882127,0.76176137,金融,False,79,False
17,7,26.390038,4.303314,金融,False,3,False
17,8,0.0,0.039682314,土木,False,99,False
17,9,39.25026,9.14806,金融,False,2,False
17,10,23.990557,5.086044,互联网,False,4,False
17,11,0.21336421,0.33550507,教育,False,87,False
17,12,14.29602,3.8347988,互联网,False,12,False
17,13,2.1062613,0.46882716,互联网,False,57,False
17,14,1.085583,0.91821235,制造,False,72,False
17,15,7.990535,0.8248503,金融,False,15,False
17,16,3.3385057,0.606706,土木,False,41,False
17,17,0.5957221,1.4848379,教育,False,81,False
17,18,0.88502705,1.0995736,互联网,False,74,False
17,19,3.821602,1.340464,金融,False,36,False
17,20,4.8722105,1.1134093,金融,False,29,False
17,21,5.0928845,2.8910909,教育,False,26,False
17,22,1.1830856,0.28854153,互联网,False,69,False
17,23,23.524023,6.004386,教育,False,5,False
17,24,0.73084384,0.3602937,互联网,False,77,False
17,25,1.0973225,0.46160108,教育,False,70,False
17,26,5.345929,3.860787,互联网,False,24,False
17,27,1.4584154,0.37252176,教育,False,63,False
17,28,0.83326375,0.18153973,金融,False,75,False
17,29,17.608435,2.091943,互联网,False,9,False
17,30,1.6320094,1.3745215,金融,False,62,False
17,31,1.090765,0.42024496,金融,False,71,False
17,32,7.4074335,0.42978084,制造,False,17,False
17,33,16.689835,3.0185742,教育,False,10,False
17,34,2.5075364,0.3525739,教育,False,50,False
17,35,0.66265196,1.135205,互联网,False,80,False
17,36,4.006134,1.5167081,教育,False,34,False
17,37,5.341649,11.989468,互联网,False,25,False
17,38,0.39561546,2.1808953,教育,False,83,False
17,39,4.7280936,1.050325,教育,False,30,False
17,40,0.32380247,0.30710167,制造,False,85,False
17,41,2.167126,0.7442188,金融,False,55,False
17,42,2.5290794,0.896915,互联网,False,49,False
17,43,2.7848063,1.1214598,教育,False,45,False
17,44,2.0802276,1.7306441,互联网,False,58,False
17,45,12.392148,2.4789789,互联网,False,14,False
17,46,2.0140378,0.46209908,制造,False,60,False
17,47,2.5614023,0.6171892,土木,False,48,False
17,48,4.686894,0.42812282,互联网,False,31,False
17,49,18.490196,3.4339178,教育,False,7,False
17,50,1.0128816,0.22226235,教育,False,73,False
17,51,5.4380164,1.01162,金融,False,23,False
17,52,3.2858918,2.1828468,金融,False,42,False
17,53,6.076705,2.1577365,教育,False,20,False
17,54,13.926598,1.6496917,土木,False,13,False
17,55,91.471634,38.418404,互联网,False,1,False
17,56,0.054169644,1.4077655,教育,False,89,False
17,57,5.840534,1.68101,教育,False,22,False
17,58,0.47708082,0.1888771,金融,False,82,False
17,59,3.7241383,0.9291524,土木,False,38,False
17,60,2.1361156,0.5851623,金融,False,56,False
17,61,3.5731823,0.41104874,互联网,False,39,False
17,62,3.897307,4.1283016,互联网,False,35,False
17,63,0.08971031,0.11637011,制造,False,88,False
17,64,7.9707246,1.4834131,互联网,False,16,False
17,65,2.3147361,1.4730536,教育,False,54,False
17,66,7.16995,2.2378414,金融,False,19,False
17,67,3.483873,0.7786613,制造,False,40,False
17,68,4.5302672,0.6039128,制造,False,32,False
17,69,2.5734375,2.2741148,互联网,False,47,False
17,70,3.793099,0.93701667,制造,False,37,False
17,71,0.026044933,0.52605724,金融,False,91,False
17,72,5.0875254,4.680238,金融,False,27,False
17,73,1.3881376,0.48909932,教育,False,65,False
17,74,2.4007328,0.47872457,金融,False,53,False
17,75,1.8998858,0.41758034,制造,False,61,False
17,76,0.007020297,0.14323333,金融,False,97,False
17,77,0.024194293,0.6204535,金融,False,92,False
17,78,5.0300355,0.35408586,互联网,False,28,False
17,79,1.2164582,0.49812284,教育,False,67,False
17,80,0.021884236,0.5197312,金融,False,93,False
17,81,1.4403131,0.76986235,制造,False,64,False
17,82,0.017185116,0.45396832,互联网,False,95,False
17,83,0.012140793,0.25177503,互联网,False,96,False
17,84,5.8569493,2.0642288,互联网,False,21,False
17,85,0.0015525782,0.029463908,教育,False,98,False
17,86,3.1919224,0.95372665,互联网,False,43,False
17,87,1.1951938,1.2734903,金融,False,68,False
17,88,1.2783275,0.5418323,教育,False,66,False
17,89,3.007924,0.5507721,土木,False,44,False
17,90,0.049182642,0.27596706,教育,False,90,False
17,91,7.3239007,1.889868,教育,False,18,False
17,92,2.4621065,0.8082616,金融,False,52,False
17,93,0.0,0.2,制造,True,100,False
17,94,2.482257,1.370908,金融,False,51,False
17,95,0.019148614,0.15752365,制造,False,94,False
17,96,0.8121325,0.7526199,教育,False,76,False
17,97,2.0682628,0.5794899,教育,False,59,False
17,98,15.964437,8.203674,教育,False,11,False
17,99,4.1771903,0.8815367,互联网,False,33,False
18,0,0.41667014,0.3919131,互联网,False,84,False
18,1,0.30953383,0.8301318,制造,False,86,False
18,2,0.7527071,0.2466049,金融,False,78,False
18,3,19.967701,5.3341327,金融,False,9,False
18,4,20.166641,6.018241,制造,False,8,False
18,5,2.8225262,0.735657,金融,False,49,False
18,6,0.6629902,0.6324604,金融,False,80,False
18,7,32.09115,3.6072147,金融,False,3,False
18,8,0.0,0.023857672,土木,False,99,False
18,9,40.050385,8.77122,金融,False,2,False
18,10,23.633486,12.415879,互联网,False,4,False
18,11,0.2265149,0.30210066,教育,False,87,False
18,12,14.4362955,3.1345437,互联网,False,12,False
18,13,2.075075,0.42375106,互联网,False,58,False
18,14,1.1554109,2.246742,制造,False,70,False
18,15,8.464772,0.5757504,金融,False,15,False
18,16,3.5827892,0.5859074,土木,False,39,False
18,17,0.6520753,1.3662163,教育,False,81,False
18,18,0.9566364,1.1391349,互联网,False,74,False
18,19,3.8248303,1.1930007,金融,False,38,False
18,20,5.123318,1.3109993,金融,False,28,False
18,21,5.6102376,3.152871,教育,False,23,False
18,22,1.2594032,0.22560008,互联网,False,68,False
18,23,23.33102,3.219612,教育,False,5,False
18,24,0.7706343,0.6882228,互联网,False,77,False
18,25,1.1012138,0.42944434,教育,False,72,False
18,26,5.9431295,2.5432398,互联网,False,22,False
18,27,1.4320579,0.5053563,教育,False,63,False
18,28,0.86505073,0.2207506,金融,False,76,False
18,29,17.805054,2.6961534,互联网,False,10,False
18,30,1.7236079,0.847216,金融,False,62,False
18,31,1.1334888,0.32621267,金融,False,71,False
18,32,7.4511404,0.40221736,制造,False,18,False
18,33,21.821503,3.2069957,教育,False,7,False
18,34,2.528595,0.34270236,教育,False,52,False
18,35,0.6740678,0.72786033,互联网,False,79,False
18,36,4.148489,0.79792106,教育,False,34,False
18,37,4.574056,11.045739,互联网,False,32,False
18,38,0.47386247,1.8395073,教育,False,83,False
18,39,4.8125687,1.4274694,教育,False,30,False
18,40,0.33977214,0.37014952,制造,False,85,False
18,41,2.4087152,0.879161,金融,False,54,False
18,42,2.9341285,1.7096092,互联网,False,45,False
18,43,2.888494,0.9017988,教育,False,47,False
18,44,2.0764647,1.094105,互联网,False,57,False
18,45,14.276899,1.8388377,互联网,False,14,False
18,46,1.9496156,0.9529544,制造,False,60,False
18,47,2.5226033,0.3886526,土木,False,53,False
18,48,4.798369,0.31417722,互联网,False,31,False
18,49,23.100681,3.0187812,教育,False,6,False
18,50,1.0023052,0.2724321,教育,False,73,False
18,51,5.300313,1.3827212,金融,False,25,False
18,52,3.523631,1.9044428,金融,False,41,False
18,53,7.2561326,3.1826992,教育,False,19,False
18,54,14.364186,1.1543138,土木,False,13,False
18,55,108.64998,43.8675,互联网,False,1,False
18,56,0.077759586,0.8904546,教育,False,89,False
18,57,5.292793,2.1141443,教育,False,26,False
18,58,0.47539133,0.021345401,金融,False,82,False
18,59,3.959343,1.6948415,土木,False,36,False
18,60,2.1850295,0.5641488,金融,False,55,False
18,61,3.544097,0.7951961,互联网,False,40,False
18,62,4.5735774,2.161015,互联网,False,33,False
18,63,0.084480084,0.14869778,制造,False,88,False
18,64,8.275445,2.1245317,互联网,False,16,False
18,65,1.9309913,1.9482058,教育,False,61,False
18,66,7.796648,1.9141315,金融,False,17,False
18,67,3.5040948,0.94884497,制造,False,42,False
18,68,4.8942394,0.6902827,制造,False,29,False
18,69,2.909952,1.283286,互联网,False,46,False
18,70,3.9708064,1.5242207,制造,False,35,False
18,71,0.044120103,0.7294946,金融,False,92,False
18,72,5.4062266,3.7897265,金融,False,24,False
18,73,1.407626,0.4720896,教育,False,65,False
18,74,2.5690398,0.6025065,金融,False,50,False
18,75,1.9907442,0.42648494,制造,False,59,False
18,76,0.010339009,0.16913374,金融,False,97,False
18,77,0.047014203,1.094988,金融,False,91,False
18,78,5.2588806,0.488904,互联网,False,27,False
18,79,1.2135979,0.4386315,教育,False,69,False
18,80,0.028011063,0.3732147,金融,False,93,False
18,81,1.4305767,0.8415909,制造,False,64,False
18,82,0.027440941,0.53873724,互联网,False,94,False
18,83,0.019009104,0.3984869,互联网,False,96,False
18,84,6.1446066,3.7467654,互联网,False,20,False
18,85,0.0025229417,0.05201489,教育,False,98,False
18,86,3.222765,0.7920132,互联网,False,44,False
18,87,1.3966551,1.3806342,金融,False,66,False
18,88,1.333177,0.41469476,教育,False,67,False
18,89,3.492522,0.5316009,土木,False,43,False
18,90,0.05546147,0.3145153,教育,False,90,False
18,91,6.0933957,2.6919987,教育,False,21,False
18,92,2.5308027,1.3660749,金融,False,51,False
18,93,0.0,0.2,制造,True,100,False
18,94,2.885566,1.5627584,金融,False,48,False
18,95,0.024520207,0.22160773,制造,False,95,False
18,96,0.8976401,0.9702541,教育,False,75,False
18,97,2.1799054,0.6262475,教育,False,56,False
18,98,16.648722,5.18463,教育,False,11,False
18,99,3.926338,0.78864163,互联网,False,37,False
19,0,0.4768273,0.38904724,互联网,False,83,False
19,1,0.3545367,0.86952406,制造,False,85,False
19,2,0.7521649,0.24609047,金融,False,79,False
19,3,22.820505,3.8435133,金融,False,7,False
19,4,18.855555,4.2741632,制造,False,9,False
19,5,2.9148133,0.5244555,金融,False,48,False
19,6,0.696869,0.839234,金融,False,80,False
19,7,31.288408,6.000177,金融,False,3,False
19,8,0.0,0.039291456,土木,False,99,False
19,9,42.70165,8.634496,金融,False,2,False
19,10,27.240492,7.9082093,互联网,False,4,False
19,11,0.1878858,0.24850132,教育,False,87,False
19,12,15.164384,4.327938,互联网,False,13,False
19,13,2.1576824,0.48005918,互联网,False,57,False
19,14,1.2236784,1.5655029,制造,False,71,False
19,15,8.871943,0.59291875,金融,False,16,False
19,16,3.7534153,0.4053619,土木,False,41,False
19,17,0.63979524,1.1407487,教育,False,81,False
19,18,1.0582796,1.5542879,互联网,False,74,False
19,19,4.127085,1.0080074,金融,False,37,False
19,20,5.2251368,0.74610573,金融,False,28,False
19,21,6.3868814,5.469291,教育,False,22,False
19,22,1.2611259,0.3850303,互联网,False,68,False
19,23,24.110172,7.2728195,教育,False,5,False
19,24,0.80256975,0.51349825,互联网,False,78,False
19,25,1.1379951,0.48934862,教育,False,72,False
19,26,6.265978,3.9266446,互联网,False,23,False
19,27,1.5856811,0.77918994,教育,False,63,False
19,28,0.8760157,0.20474714,金融,False,76,False
19,29,18.187834,2.238812,互联网,False,10,False
19,30,1.778083,0.7358144,金融,False,62,False
19,31,1.2356174,0.36072952,金融,False,70,False
19,32,7.5860066,0.46152452,制造,False,19,False
19,33,21.747686,3.4675543,教育,False,8,False
19,34,2.5138106,0.40649357,教育,False,53,False
19,35,0.81794596,0.82247865,互联网,False,77,False
19,36,4.315897,0.7686359,教育,False,36,False
19,37,4.4868755,12.448609,互联网,False,34,False
19,38,0.5943498,1.7572945,教育,False,82,False
19,39,5.087868,1.4581444,教育,False,30,False
19,40,0.34865972,0.28591582,制造,False,86,False
19,41,2.4623213,0.4923564,金融,False,54,False
19,42,2.755518,1.3945899,互联网,False,51,False
19,43,2.9777167,0.7371526,教育,False,46,False
19,44,2.332539,1.8224573,互联网,False,55,False
19,45,15.174533,2.0596175,互联网,False,12,False
19,46,1.9628206,0.7987609,制造,False,60,False
19,47,2.6999223,0.36524922,土木,False,52,False
19,48,5.0430818,0.3853621,互联网,False,32,False
19,49,23.511751,2.6789362,教育,False,6,False
19,50,1.070194,0.4656728,教育,False,73,False
19,51,5.8541007,2.2162678,金融,False,24,False
19,52,4.01327,2.4933805,金融,False,38,False
19,53,8.092814,3.4315794,教育,False,18,False
19,54,14.029999,0.8768109,土木,False,14,False
19,55,111.873,34.821907,互联网,False,1,False
19,56,0.10169937,1.1277846,教育,False,88,False
19,57,5.278552,2.1276503,教育,False,27,False
19,58,0.47613332,0.10120261,金融,False,84,False
19,59,4.3244004,0.80060315,土木,False,35,False
19,60,2.242921,0.8616783,金融,False,56,False
19,61,3.7811599,0.7769896,互联网,False,40,False
19,62,5.1181145,1.8204023,互联网,False,29,False
19,63,0.086660646,0.03677643,制造,False,89,False
19,64,8.9899235,2.4032197,互联网,False,15,False
19,65,1.8988583,1.3292284,教育,False,61,False
19,66,8.540446,1.723045,金融,False,17,False
19,67,3.518427,0.82120883,制造,False,43,False
19,68,5.075397,0.61108226,制造,False,31,False
19,69,3.0272663,1.4718617,互联网,False,45,False
19,70,4.541389,1.4468988,制造,False,33,False
19,71,0.052743148,0.38445184,金融,False,92,False
19,72,5.744715,4.3329515,金融,False,25,False
19,73,1.4388195,0.51842344,教育,False,66,False
19,74,2.771309,0.41370916,金融,False,50,False
19,75,2.1053896,0.49608582,制造,False,59,False
19,76,0.01360727,0.16839251,金融,False,97,False
19,77,0.055826526,0.537012,金融,False,91,False
19,78,5.415195,0.3980809,互联网,False,26,False
19,79,1.245425,0.47157648,教育,False,69,False
19,80,0.04594962,0.8491873,金融,False,93,False
19,81,1.527693,0.85625,制造,False,64,False
19,82,0.03617423,0.43025705,互联网,False,94,False
19,83,0.034102302,0.485266,互联网,False,95,False
19,84,6.760479,2.0858233,互联网,False,21,False
19,85,0.0034890748,0.052336123,教育,False,98,False
19,86,3.578098,1.3141335,互联网,False,42,False
19,87,1.5095414,1.8884113,金融,False,65,False
19,88,1.3899662,0.65697616,教育,False,67,False
19,89,3.3112497,0.30120528,土木,False,44,False
19,90,0.06162291,0.28923288,教育,False,90,False
19,91,6.9550557,3.6596472,教育,False,20,False
19,92,2.9332545,1.4808934,金融,False,47,False
19,93,0.0,0.2,制造,True,100,False
19,94,2.8488722,0.7088483,金融,False,49,False
19,95,0.026421916,0.10961716,制造,False,96,False
19,96,0.9960551,0.66686314,教育,False,75,False
19,97,2.1214564,0.6554467,教育,False,58,False
19,98,17.138422,6.27518,教育,False,11,False
19,99,3.8405142,0.7683696,互联网,False,39,False
20,0,0.5424259,0.4174024,互联网,False,83,False
20,1,0.389182,0.57204324,制造,False,85,False
20,2,0.79637545,0.254167,金融,False,79,False
20,3,24.25813,2.4542701,金融,False,8,False
20,4,21.047138,4.430266,制造,False,9,False
20,5,2.738493,0.8543859,金融,False,50,False
20,6,0.73181313,0.9214561,金融,False,81,False
20,7,32.166706,3.4426982,金融,False,4,False
20,8,0.0,0.1584036,互联网,True,99,True
20,9,45.839554,8.99017,金融,False,2,False
20,10,35.172935,27.833403,互联网,False,3,False
20,11,0.19464819,0.35064727,教育,False,87,False
20,12,15.027609,3.8387275,互联网,False,14,False
20,13,2.1783621,1.1597431,互联网,False,58,False
20,14,0.8757344,1.9159869,制造,False,76,False
20,15,9.975759,0.6246702,金融,False,15,False
20,16,3.5239372,0.45859185,教育,False,43,True
20,17,0.7634444,1.5467191,教育,False,80,False
20,18,1.0129833,0.92032605,互联网,False,74,False
20,19,4.429905,1.0666225,金融,False,36,False
20,20,5.735905,1.2638758,金融,False,27,False
20,21,6.7300625,4.820372,教育,False,23,False
20,22,1.3294051,0.5156392,互联网,False,68,False
20,23,24.73648,5.7477207,教育,False,7,False
20,24,0.83312,0.531647,互联网,False,77,False
20,25,1.1521684,0.4558311,教育,False,71,False
20,26,7.143894,2.2072775,互联网,False,22,False
20,27,1.6539217,0.2829973,教育,False,63,False
20,28,0.9112103,0.16726734,金融,False,75,False
20,29,18.730549,1.9103225,互联网,False,10,False
20,30,1.8975387,0.7478577,金融,False,62,False
20,31,1.1580267,0.56680906,金融,False,70,False
20,32,7.865661,0.60694367,制造,False,20,False
20,33,26.013266,3.095282,教育,False,6,False
20,34,2.4887564,0.2841651,教育,False,51,False
20,35,0.79926586,1.0810844,互联网,False,78,False
20,36,4.5056257,1.7330568,教育,False,35,False
20,37,4.7379737,9.251307,互联网,False,34,False
20,38,0.7045904,2.2486625,教育,False,82,False
20,39,6.0868297,1.4668926,教育,False,25,False
20,40,0.36695862,0.24665676,制造,False,86,False
20,41,2.447695,0.56004727,金融,False,52,False
20,42,2.8849792,1.6016287,互联网,False,49,False
20,43,3.4027236,0.7906745,教育,False,44,False
20,44,2.3653898,1.7973244,互联网,False,54,False
20,45,16.004465,3.2362108,互联网,False,12,False
20,46,2.0077887,0.66683245,制造,False,61,False
20,47,2.103029,0.8546712,教育,False,60,True
20,48,5.101941,0.30916268,互联网,False,30,False
20,49,26.514748,3.7860444,教育,False,5,False
20,50,1.0389198,0.33294252,教育,False,73,False
20,51,6.414046,0.90695685,金融,False,24,False
20,52,4.109602,2.6148984,金融,False,37,False
20,53,8.688689,2.3771396,教育,False,17,False
20,54,15.662168,3.1531894,金融,False,13,True
20,55,109.346115,47.243057,互联网,False,1,False
20,56,0.12079041,1.1239352,教育,False,88,False
20,57,5.080055,1.6769965,教育,False,31,False
20,58,0.47979817,0.13368824,金融,False,84,False
20,59,3.7200017,0.9014682,土木,False,39,True
20,60,2.274672,0.6281546,金融,False,56,False
20,61,4.0895658,1.0656989,互联网,False,38,False
20,62,5.703564,3.3258567,互联网,False,28,False
20,63,0.08767265,0.072710566,制造,False,89,False
20,64,9.342396,2.2467752,互联网,False,16,False
20,65,2.214687,0.9846145,教育,False,57,False
20,66,8.672522,1.677703,金融,False,18,False
20,67,3.6846201,0.7034364,制造,False,41,False
20,68,4.9556932,0.60063255,制造,False,32,False
20,69,3.0797455,1.4879827,互联网,False,46,False
20,70,4.953443,1.5281867,制造,False,33,False
20,71,0.06657795,0.68614566,金融,False,92,False
20,72,5.7717156,2.6963243,金融,False,26,False
20,73,1.406866,0.68953747,教育,False,67,False
20,74,2.949037,0.6816023,金融,False,48,False
20,75,2.3453927,0.65402526,制造,False,55,False
20,76,0.016602464,0.15506364,金融,False,97,False
20,77,0.06692094,0.73430276,金融,False,91,False
20,78,5.4042425,0.5187178,互联网,False,29,False
20,79,1.2562066,0.24232535,教育,False,69,False
20,80,0.053490054,0.5282441,金融,False,93,False
20,81,1.566701,0.6031972,制造,False,64,False
20,82,0.050648592,0.7807348,互联网,False,94,False
20,83,0.04335145,0.39517027,互联网,False,95,False
20,84,7.4387326,1.4191464,互联网,False,21,False
20,85,0.0050827335,0.06306596,教育,False,98,False
20,86,3.5798028,0.79794306,互联网,False,42,False
20,87,1.5460236,0.90728873,金融,False,65,False
20,88,1.4536521,0.5476622,教育,False,66,False
20,89,2.4170785,0.4075369,土木,False,53,True
20,90,0.067657195,0.28658608,教育,False,90,False
20,91,8.301303,3.5726686,教育,False,19,False
20,92,2.962123,0.96791524,金融,False,47,False
20,93,0.0,0.2,制造,True,100,False
20,94,3.1402035,1.2163936,金融,False,45,False
20,95,0.02863245,0.13826686,制造,False,96,False
20,96,1.1336565,1.878377,教育,False,72,False
20,97,2.166078,0.6754515,教育,False,59,False
20,98,16.75894,4.6657157,教育,False,11,False
20,99,3.6912591,0.7474017,互联网,False,40,False
21,0,0.59836024,0.4275739,互联网,False,83,False
21,1,0.38583508,0.5156864,制造,False,85,False
21,2,0.828462,0.20025529,金融,False,79,False
21,3,26.73125,5.008565,金融,False,7,False
21,4,23.545197,1.6644135,制造,False,9,False
21,5,2.8450222,0.7420888,金融,False,50,False
21,6,0.8269476,0.7568362,金融,False,80,False
21,7,35.94047,3.3498943,金融,False,4,False
21,8,0.0,0.2,互联网,True,99,False
21,9,49.856617,9.9388,金融,False,2,False
21,10,36.524113,6.233982,互联网,False,3,False
21,11,0.19403124,0.3335001,教育,False,87,False
21,12,16.585817,4.348465,互联网,False,12,False
21,13,2.2197046,0.48899212,互联网,False,59,False
21,14,0.8503131,2.0045156,制造,False,78,False
21,15,10.44719,0.3644813,金融,False,15,False
21,16,3.6069758,0.6117445,教育,False,43,False
21,17,0.8677543,1.6038276,教育,False,76,False
21,18,1.0996923,1.2008164,互联网,False,73,False
21,19,4.5613546,0.9376175,金融,False,36,False
21,20,6.0302563,1.5235573,金融,False,28,False
21,21,7.038053,3.3095071,教育,False,22,False
21,22,1.4048204,0.24454632,互联网,False,68,False
21,23,24.422777,2.7807329,教育,False,8,False
21,24,0.8587501,0.5083759,互联网,False,77,False
21,25,1.294346,0.47218803,教育,False,69,False
21,26,6.911972,4.947497,互联网,False,23,False
21,27,1.740014,0.7306145,教育,False,63,False
21,28,0.91700333,0.22174348,金融,False,75,False
21,29,18.614908,2.9597394,互联网,False,10,False
21,30,2.140396,0.7667054,金融,False,60,False
21,31,1.2626929,0.40059745,金融,False,72,False
21,32,7.899336,0.8073579,制造,False,20,False
21,33,28.848585,3.9171278,教育,False,5,False
21,34,2.5358653,0.48461828,教育,False,52,False
21,35,0.8088577,1.4116284,互联网,False,81,False
21,36,4.8507943,1.9346704,教育,False,34,False
21,37,4.882879,8.3503275,互联网,False,32,False
21,38,0.74117833,2.4894776,教育,False,82,False
21,39,6.1030045,1.1891916,教育,False,26,False
21,40,0.38573724,0.2461301,制造,False,86,False
21,41,2.6301513,1.3243229,金融,False,51,False
21,42,3.2371564,2.673925,互联网,False,46,False
21,43,3.7243886,1.3802521,教育,False,41,False
21,44,2.4354374,1.8895414,互联网,False,54,False
21,45,15.345643,2.4233642,互联网,False,14,False
21,46,2.02496,0.503582,制造,False,61,False
21,47,2.504181,1.5314704,教育,False,53,False
21,48,5.258993,0.24095239,互联网,False,30,False
21,49,27.638203,4.581811,教育,False,6,False
21,50,1.0818267,0.22955771,教育,False,74,False
21,51,6.7387834,1.3865312,金融,False,24,False
21,52,4.3451095,1.8840703,金融,False,37,False
21,53,9.43637,3.5228307,教育,False,16,False
21,54,15.597024,3.4583855,金融,False,13,False
21,55,116.523155,11.772324,互联网,False,1,False
21,56,0.15234365,2.0957012,教育,False,88,False
21,57,4.759471,2.4845774,教育,False,35,False
21,58,0.47727594,0.10759167,金融,False,84,False
21,59,3.7714367,0.9883391,土木,False,40,False
21,60,2.3147938,0.4433696,金融,False,56,False
21,61,4.332468,1.1732621,互联网,False,38,False
21,62,6.069882,1.7485911,互联网,False,27,False
21,63,0.08877729,0.076441035,制造,False,89,False
21,64,8.967306,3.4581394,互联网,False,17,False
21,65,2.0211272,1.9386818,教育,False,62,False
21,66,8.398403,1.4694625,金融,False,19,False
21,67,3.2991607,0.8369813,制造,False,45,False
21,68,4.857059,0.37184188,制造,False,33,False
21,69,2.9937558,0.9963916,互联网,False,49,False
21,70,5.015375,1.0428541,制造,False,31,False
21,71,0.0759398,0.5081123,金融,False,92,False
21,72,6.2287717,2.1395876,金融,False,25,False
21,73,1.4068877,0.73434836,教育,False,67,False
21,74,3.0472271,0.46893308,金融,False,47,False
21,75,2.4249864,0.6178348,制造,False,55,False
21,76,0.021057956,0.22363482,金融,False,97,False
21,77,0.08126472,0.41514555,金融,False,90,False
21,78,5.719161,0.72045225,互联网,False,29,False
21,79,1.2669681,0.70432436,教育,False,71,False
21,80,0.06450894,0.5337868,金融,False,93,False
21,81,1.5780383,0.32629272,制造,False,64,False
21,82,0.06390757,0.6175696,互联网,False,94,False
21,83,0.051941387,0.3738668,互联网,False,95,False
21,84,7.694876,2.517986,互联网,False,21,False
21,85,0.0062770722,0.055231377,教育,False,98,False
21,86,3.6229823,0.59356886,互联网,False,42,False
21,87,1.4728025,1.0032998,金融,False,66,False
21,88,1.5350393,0.5569955,教育,False,65,False
21,89,2.2585955,0.60824823,土木,False,57,False
21,90,0.07787574,0.5180466,教育,False,91,False
21,91,8.7563505,5.6657825,教育,False,18,False
21,92,3.0452452,1.4334395,金融,False,48,False
21,93,0.0,0.2,制造,True,100,False
21,94,3.3178394,1.031233,金融,False,44,False
21,95,0.030483622,0.115560465,制造,False,96,False
21,96,1.2798245,0.8786043,教育,False,70,False
21,97,2.244878,0.7959138,教育,False,58,False
21,98,18.200745,8.734505,教育,False,11,False
21,99,3.8896344,0.8922233,互联网,False,39,False
22,0,0.6842474,0.6509683,互联网,False,83,False
22,1,0.42256457,0.4093293,制造,False,85,False
22,2,0.8339316,0.28954867,金融,False,79,False
22,3,27.963892,2.6937687,金融,False,6,False
22,4,25.020466,7.4384317,制造,False,9,False
22,5,3.055816,0.86703587,金融,False,50,False
22,6,0.8842402,1.368623,金融,False,78,False
22,7,38.338154,4.7925186,金融,False,4,False
22,8,0.0,0.2,互联网,True,99,False
22,9,53.357,15.853344,金融,False,2,False
22,10,38.468826,7.435353,互联网,False,3,False
22,11,0.19156888,0.3042323,教育,False,87,False
22,12,17.714962,3.3858635,互联网,False,12,False
22,13,2.3540065,0.46744487,互联网,False,58,False
22,14,0.93007386,1.374779,制造,False,76,False
22,15,10.425005,0.7559284,金融,False,15,False
22,16,3.9559164,0.7757631,教育,False,39,False
22,17,0.95480675,1.554565,教育,False,75,False
22,18,1.171512,0.9204156,互联网,False,74,False
22,19,4.6214213,0.9920783,金融,False,36,False
22,20,6.438238,1.9016651,金融,False,27,False
22,21,7.5866723,4.223108,教育,False,21,False
22,22,1.3729855,0.19148447,互联网,False,70,False
22,23,25.566454,6.7761807,教育,False,8,False
22,24,0.8195237,0.43853506,互联网,False,81,False
22,25,1.4016689,0.5709801,教育,False,69,False
22,26,7.0656104,2.1094995,互联网,False,24,False
22,27,1.6838245,0.59706986,教育,False,64,False
22,28,0.92007744,0.16806707,金融,False,77,False
22,29,18.993935,2.4644525,互联网,False,11,False
22,30,2.5423303,0.8656729,金融,False,55,False
22,31,1.2427633,0.40334702,金融,False,72,False
22,32,8.447926,0.60485226,制造,False,20,False
22,33,31.131762,4.034698,教育,False,5,False
22,34,2.5784047,0.39697608,教育,False,53,False
22,35,0.70774025,1.6837246,互联网,False,82,False
22,36,4.8719563,1.4278121,教育,False,35,False
22,37,5.12527,10.1078825,互联网,False,31,False
22,38,0.8242747,1.623431,教育,False,80,False
22,39,4.9580607,0.8251084,教育,False,34,False
22,40,0.38282484,0.19307117,制造,False,86,False
22,41,2.4811099,1.0762229,金融,False,56,False
22,42,3.38001,1.5876812,互联网,False,44,False
22,43,3.7730556,1.1164399,教育,False,41,False
22,44,2.6609077,1.6302546,互联网,False,52,False
22,45,16.486242,1.9496422,互联网,False,13,False
22,46,1.8717504,0.54691774,制造,False,62,False
22,47,2.8236237,1.1942695,教育,False,51,False
22,48,5.3435755,0.43604192,互联网,False,29,False
22,49,25.632322,3.6812587,教育,False,7,False
22,50,1.172781,0.50372404,教育,False,73,False
22,51,7.368815,1.379546,金融,False,22,False
22,52,3.2698884,2.4998772,金融,False,46,False
22,53,10.337527,1.7670352,教育,False,16,False
22,54,15.314776,2.3943124,金融,False,14,False
22,55,125.28439,27.654123,互联网,False,1,False
22,56,0.18190962,2.3716474,教育,False,88,False
22,57,5.0270076,3.3252997,教育,False,33,False
22,58,0.48328766,0.10510097,金融,False,84,False
22,59,3.76038,1.3867882,土木,False,42,False
22,60,2.390651,0.53187597,金融,False,57,False
22,61,4.4703317,0.94153816,互联网,False,37,False
22,62,6.7206354,2.4004004,互联网,False,25,False
22,63,0.0891637,0.11117806,制造,False,91,False
22,64,9.506037,1.7550002,互联网,False,17,False
22,65,2.0638466,1.3059074,教育,False,61,False
22,66,8.696303,2.4035504,金融,False,19,False
22,67,3.3351011,0.7876354,制造,False,45,False
22,68,5.0764728,1.2868024,制造,False,32,False
22,69,3.2632716,1.5086595,互联网,False,47,False
22,70,5.3186636,1.2962877,制造,False,30,False
22,71,0.09179896,0.40641856,金融,False,90,False
22,72,6.560382,4.816975,金融,False,26,False
22,73,1.4246365,0.68955207,教育,False,67,False
22,74,3.2325885,0.57354,金融,False,48,False
22,75,2.5436287,0.73830086,制造,False,54,False
22,76,0.023999859,0.17534675,金融,False,97,False
22,77,0.10435035,0.86783075,金融,False,89,False
22,78,5.6827793,0.4051377,互联网,False,28,False
22,79,1.2495921,0.5188517,教育,False,71,False
22,80,0.06838056,0.5054168,金融,False,94,False
22,81,1.61774,0.39417386,制造,False,65,False
22,82,0.07223967,0.46315536,互联网,False,93,False
22,83,0.061430823,0.44373307,互联网,False,95,False
22,84,7.283222,1.9221818,互联网,False,23,False
22,85,0.007733806,0.05902465,教育,False,98,False
22,86,3.8298094,0.84923905,互联网,False,40,False
22,87,1.7267834,1.0621449,金融,False,63,False
22,88,1.5779358,0.44878057,教育,False,66,False
22,89,2.2598898,0.41618404,土木,False,60,False
22,90,0.0800272,0.4239307,教育,False,92,False
22,91,8.970761,5.5754437,教育,False,18,False
22,92,3.169898,0.7264422,金融,False,49,False
22,93,0.0,0.2,制造,True,100,False
22,94,3.4606798,1.4111397,金融,False,43,False
22,95,0.031647302,0.02059011,制造,False,96,False
22,96,1.4150548,1.190921,教育,False,68,False
22,97,2.2849617,0.72591424,教育,False,59,False
22,98,23.027916,8.259425,教育,False,10,False
22,99,4.192228,0.7213542,互联网,False,38,False
23,0,0.7186968,0.5181497,互联网,False,82,False
23,1,0.4040446,0.6807078,制造,False,85,False
23,2,0.8218938,0.18562631,金融,False,81,False
23,3,31.903349,3.2514246,金融,False,5,False
23,4,29.111452,4.8283896,制造,False,7,False
23,5,3.1802251,1.4088162,金融,False,50,False
23,6,0.95387024,1.1211617,金融,False,77,False
23,7,46.56699,4.0451055,金融,False,3,False
23,8,0.0,0.2,互联网,True,99,False
23,9,56.709583,10.0218525,金融,False,2,False
23,10,36.53978,8.303343,互联网,False,4,False
23,11,0.18521237,0.40285975,教育,False,88,False
23,12,18.865059,2.0277288,互联网,False,12,False
23,13,2.3559084,0.6220091,互联网,False,60,False
23,14,0.95315474,1.3781152,制造,False,78,False
23,15,10.143765,0.47036076,金融,False,16,False
23,16,4.147085,0.70035213,教育,False,39,False
23,17,1.1705115,1.3154235,教育,False,74,False
23,18,1.1856515,0.6726586,互联网,False,73,False
23,19,4.4747086,1.4952862,金融,False,36,False
23,20,6.719905,1.6065573,金融,False,27,False
23,21,8.063619,4.9108615,教育,False,22,False
23,22,1.4187045,0.25916883,互联网,False,70,False
23,23,27.07825,5.36411,教育,False,10,False
23,24,0.84745616,0.45466834,互联网,False,80,False
23,25,1.49229,0.31075823,教育,False,67,False
23,26,8.57021,2.1112056,互联网,False,21,False
23,27,1.9094673,0.6050098,教育,False,63,False
23,28,0.9699415,0.19273807,金融,False,76,False
23,29,20.341341,2.8089144,互联网,False,11,False
23,30,2.5306356,0.96203053,金融,False,56,False
23,31,1.307532,0.5713546,金融,False,71,False
23,32,8.953717,0.32254156,制造,False,18,False
23,33,30.99175,3.623989,教育,False,6,False
23,34,2.5415013,0.41940433,教育,False,55,False
23,35,0.71294415,1.0781894,互联网,False,83,False
23,36,5.0743814,1.5571495,教育,False,33,False
23,37,5.232087,24.671906,互联网,False,32,False
23,38,0.8548335,1.3349224,教育,False,79,False
23,39,4.9311147,1.0476747,教育,False,34,False
23,40,0.36065745,0.32280165,制造,False,86,False
23,41,2.586725,1.086146,金融,False,53,False
23,42,3.610282,1.8407961,互联网,False,45,False
23,43,3.8482094,0.9649594,教育,False,42,False
23,44,2.7933893,2.3003616,互联网,False,52,False
23,45,17.628536,1.7372627,互联网,False,13,False
23,46,1.9633487,0.5938067,制造,False,62,False
23,47,3.0129,0.7778146,教育,False,51,False
23,48,5.5370097,0.37327176,互联网,False,30,False
23,49,27.461927,3.1750395,教育,False,9,False
23,50,1.1616472,0.24986397,教育,False,75,False
23,51,7.8328147,1.9604578,金融,False,24,False
23,52,3.6802566,1.7918175,金融,False,43,False
23,53,10.48032,2.8287337,教育,False,15,False
23,54,15.015332,3.1506624,金融,False,14,False
23,55,125.67378,39.101494,互联网,False,1,False
23,56,0.20134534,1.5266428,教育,False,87,False
23,57,4.9114647,3.5895185,教育,False,35,False
23,58,0.48533604,0.044900212,金融,False,84,False
23,59,4.031832,1.3947015,土木,False,41,False
23,60,2.4419925,0.59571934,金融,False,59,False
23,61,4.3291907,0.8757163,互联网,False,37,False
23,62,7.3469014,3.337395,互联网,False,25,False
23,63,0.09052863,0.07617146,制造,False,91,False
23,64,8.9408245,1.5353287,互联网,False,19,False
23,65,2.1136422,2.4588146,教育,False,61,False
23,66,8.871419,2.142935,金融,False,20,False
23,67,3.557681,0.9636014,制造,False,46,False
23,68,5.4075327,0.50536686,制造,False,31,False
23,69,3.5566206,0.9598217,互联网,False,47,False
23,70,5.8372664,1.1932675,制造,False,28,False
23,71,0.09872474,0.40577745,金融,False,90,False
23,72,6.8540273,4.2304635,金融,False,26,False
23,73,1.4831609,0.6733603,教育,False,69,False
23,74,3.4293485,0.5961727,金融,False,48,False
23,75,2.5840533,0.69956297,制造,False,54,False
23,76,0.027676273,0.18845494,金融,False,97,False
23,77,0.12988202,0.841707,金融,False,89,False
23,78,5.5557323,0.42721152,互联网,False,29,False
23,79,1.2740767,0.43304738,教育,False,72,False
23,80,0.07358489,0.47453973,金融,False,94,False
23,81,1.552642,0.6793602,制造,False,66,False
23,82,0.08499001,0.56708163,互联网,False,93,False
23,83,0.06780705,0.5642859,互联网,False,95,False
23,84,7.93074,2.648786,互联网,False,23,False
23,85,0.00848316,0.049835525,教育,False,98,False
23,86,4.0364075,1.1836219,互联网,False,40,False
23,87,1.8261354,0.99687856,金融,False,64,False
23,88,1.6395953,0.6413889,教育,False,65,False
23,89,2.4893756,0.74858797,土木,False,57,False
23,90,0.08858681,0.36030027,教育,False,92,False
23,91,9.383774,5.204163,教育,False,17,False
23,92,3.2624342,1.1314349,金融,False,49,False
23,93,0.0,0.2,制造,True,100,False
23,94,3.6496813,0.95539683,金融,False,44,False
23,95,0.033451285,0.10324466,制造,False,96,False
23,96,1.4840102,1.5228837,教育,False,68,False
23,97,2.4818335,0.5404496,教育,False,58,False
23,98,28.664022,11.585461,教育,False,8,False
23,99,4.2718267,1.0811188,互联网,False,38,False
24,0,0.82788104,0.62534326,互联网,False,82,False
24,1,0.4122506,0.48218638,制造,False,85,False
24,2,0.8426104,0.26965776,金融,False,81,False
24,3,34.953945,0.906429,金融,False,6,False
24,4,33.0306,6.73766,制造,False,7,False
24,5,3.0522616,0.8611794,金融,False,52,False
24,6,0.9374942,1.0341989,金融,False,78,False
24,7,43.0102,4.034946,金融,False,4,False
24,8,0.0,0.2,互联网,True,99,False
24,9,58.103935,8.694267,金融,False,2,False
24,10,44.718876,6.7919025,互联网,False,3,False
24,11,0.19320057,0.27402586,教育,False,88,False
24,12,19.967178,4.112113,互联网,False,12,False
24,13,2.5975592,0.8135566,互联网,False,56,False
24,14,1.0629185,1.8915273,制造,False,75,False
24,15,10.269747,0.802421,金融,False,16,False
24,16,3.997184,0.46711388,教育,False,42,False
24,17,1.2778612,1.5887719,教育,False,72,False
24,18,1.2066284,1.8498,互联网,False,73,False
24,19,4.547395,0.59821683,金融,False,36,False
24,20,7.11363,1.5380931,金融,False,27,False
24,21,8.767038,4.1210375,教育,False,21,False
24,22,1.3512887,0.41097748,互联网,False,70,False
24,23,26.75753,5.081396,教育,False,10,False
24,24,0.861143,0.3849387,互联网,False,80,False
24,25,1.4981859,0.64760286,教育,False,68,False
24,26,8.66686,4.082189,互联网,False,22,False
24,27,1.8980371,0.6225345,教育,False,64,False
24,28,0.9747021,0.22537258,金融,False,76,False
24,29,21.052242,3.1930847,互联网,False,11,False
24,30,2.5329943,0.5816826,金融,False,58,False
24,31,0.9405762,0.26778165,金融,False,77,False
24,32,9.177554,0.5675579,制造,False,20,False
24,33,35.88224,2.808202,教育,False,5,False
24,34,2.464466,0.46235424,教育,False,59,False
24,35,0.77642655,1.51406,互联网,False,83,False
24,36,5.0592966,1.0973309,教育,False,35,False
24,37,5.6796007,22.352186,互联网,False,29,False
24,38,0.9322068,1.9846808,教育,False,79,False
24,39,5.099476,1.5008689,教育,False,34,False
24,40,0.38431323,0.30701992,制造,False,86,False
24,41,2.4447496,1.1183913,金融,False,60,False
24,42,3.7239666,1.3089736,互联网,False,45,False
24,43,4.178452,1.7630936,教育,False,40,False
24,44,3.1499844,2.4418292,互联网,False,51,False
24,45,18.056673,2.203585,互联网,False,13,False
24,46,1.9253443,0.4894041,制造,False,63,False
24,47,3.414262,0.874263,教育,False,49,False
24,48,5.350083,0.27732506,互联网,False,31,False
24,49,29.104908,2.8042612,教育,False,9,False
24,50,1.1976478,0.23491241,教育,False,74,False
24,51,7.744227,2.3076735,金融,False,25,False
24,52,4.362914,1.7321923,金融,False,38,False
24,53,10.986559,2.1367059,教育,False,15,False
24,54,15.327043,1.2339637,金融,False,14,False
24,55,144.97809,57.813606,互联网,False,1,False
24,56,0.2295269,1.3631281,教育,False,87,False
24,57,5.452665,2.4148865,教育,False,30,False
24,58,0.48530686,0.11644835,金融,False,84,False
24,59,3.9742403,0.925174,土木,False,43,False
24,60,2.6782997,0.77627003,金融,False,53,False
24,61,4.5385804,1.2743671,互联网,False,37,False
24,62,8.286249,1.7705656,互联网,False,24,False
24,63,0.08402157,0.08262956,制造,False,94,False
24,64,8.375356,1.7888808,互联网,False,23,False
24,65,2.0571337,1.9353943,教育,False,62,False
24,66,9.338919,0.95810944,金融,False,19,False
24,67,3.8650615,0.91574323,制造,False,44,False
24,68,5.209499,0.9545839,制造,False,33,False
24,69,3.6742587,2.021065,互联网,False,46,False
24,70,5.3400607,1.6997294,制造,False,32,False
24,71,0.11832658,0.43997356,金融,False,90,False
24,72,7.2656446,2.1663907,金融,False,26,False
24,73,1.4598287,0.68391687,教育,False,69,False
24,74,3.6106875,0.29857454,金融,False,47,False
24,75,2.6094093,0.44256848,制造,False,55,False
24,76,0.0313014,0.18091096,金融,False,97,False
24,77,0.12919787,0.527368,金融,False,89,False
24,78,6.182397,0.64933354,互联网,False,28,False
24,79,1.2831234,0.23579644,教育,False,71,False
24,80,0.0791558,0.33911908,金融,False,95,False
24,81,1.6966592,0.7859688,制造,False,66,False
24,82,0.09057313,0.34466046,互联网,False,91,False
24,83,0.08735927,0.58861893,互联网,False,93,False
24,84,9.644237,2.0477824,互联网,False,18,False
24,85,0.008985136,0.04942527,教育,False,98,False
24,86,4.123658,0.49708852,互联网,False,41,False
24,87,2.0660486,1.6341937,金融,False,61,False
24,88,1.7316797,0.8167056,教育,False,65,False
24,89,2.63438,0.43505865,土木,False,54,False
24,90,0.08998715,0.27948222,教育,False,92,False
24,91,9.944205,4.805782,教育,False,17,False
24,92,3.3934178,1.0213381,金融,False,50,False
24,93,0.0,0.2,制造,True,100,False
24,94,3.5578387,0.8942241,金融,False,48,False
24,95,0.036003347,0.105610475,制造,False,96,False
24,96,1.498993,2.1287751,教育,False,67,False
24,97,2.5835636,0.90629345,教育,False,57,False
24,98,30.334074,10.783252,教育,False,8,False
24,99,4.310791,1.087273,互联网,False,39,False
25,0,0.92097026,0.59807974,互联网,False,80,False
25,1,0.41087696,0.8836904,制造,False,86,False
25,2,0.76884085,0.2954455,金融,False,83,False
25,3,35.406162,2.9018085,金融,False,7,False
25,4,39.33112,4.102621,制造,False,5,False
25,5,3.3240507,0.6928897,金融,False,51,False
25,6,1.0115867,0.580139,金融,False,77,False
25,7,43.979603,4.016969,金融,False,4,False
25,8,0.0,0.2,互联网,True,99,False
25,9,64.2293,18.010584,金融,False,2,False
25,10,50.043377,8.820754,互联网,False,3,False
25,11,0.18332274,0.32388574,教育,False,88,False
25,12,20.69523,2.8649201,互联网,False,12,False
25,13,2.7511494,0.70239305,互联网,False,54,False
25,14,1.0448543,1.805034,制造,False,76,False
25,15,10.212836,0.439594,金融,False,17,False
25,16,4.4758525,0.9267644,教育,False,40,False
25,17,1.280826,1.1963681,教育,False,72,False
25,18,1.1680541,1.5890468,互联网,False,74,False
25,19,4.9916835,1.1619196,金融,False,37,False
25,20,7.2786574,0.65753204,金融,False,26,False
25,21,9.553249,3.2338958,教育,False,21,False
25,22,1.3069904,0.20119733,互联网,False,71,False
25,23,26.309124,5.7460365,教育,False,10,False
25,24,0.87019545,0.40944088,互联网,False,81,False
25,25,1.4922189,0.9102271,教育,False,68,False
25,26,8.486151,3.68087,互联网,False,24,False
25,27,2.0536306,0.38752848,教育,False,61,False
25,28,0.99578834,0.17876478,金融,False,79,False
25,29,20.958984,2.1466112,互联网,False,11,False
25,30,2.589159,0.6773794,金融,False,57,False
25,31,0.8137823,0.35489497,金融,False,82,False
25,32,9.764106,0.40524495,制造,False,20,False
25,33,35.726593,3.7190576,教育,False,6,False
25,34,2.494537,0.41075826,教育,False,59,False
25,35,1.0053172,1.1089298,互联网,False,78,False
25,36,5.2244616,1.1406761,教育,False,35,False
25,37,5.9622025,16.869328,互联网,False,29,False
25,38,1.0481051,2.4753757,教育,False,75,False
25,39,5.217783,1.7408019,教育,False,36,False
25,40,0.41271076,0.32115215,制造,False,85,False
25,41,2.5134726,0.78660744,金融,False,58,False
25,42,4.05457,2.9424012,互联网,False,44,False
25,43,4.3024426,0.8325116,教育,False,42,False
25,44,3.1855345,1.6917534,互联网,False,52,False
25,45,18.597364,2.6403093,互联网,False,13,False
25,46,1.8798977,0.90760726,制造,False,64,False
25,47,3.6559296,1.5966266,教育,False,49,False
25,48,5.4760017,0.5534326,互联网,False,31,False
25,49,30.02482,4.7106047,教育,False,8,False
25,50,1.2443622,0.29392207,教育,False,73,False
25,51,8.448248,1.2845489,金融,False,25,False
25,52,5.4450836,2.7959244,金融,False,32,False
25,53,12.588291,3.2865224,教育,False,15,False
25,54,15.67148,2.2730432,金融,False,14,False
25,55,145.90237,55.509586,互联网,False,1,False
25,56,0.24065317,1.4047273,教育,False,87,False
25,57,5.2847342,8.03677,教育,False,34,False
25,58,0.48898637,0.15272981,金融,False,84,False
25,59,3.7080574,2.9736028,互联网,False,48,True
25,60,2.757709,0.69737434,金融,False,53,False
25,61,4.8784523,1.0956523,互联网,False,38,False
25,62,8.625793,2.6091237,互联网,False,23,False
25,63,0.0866933,0.14601153,制造,False,95,False
25,64,9.036176,1.2973878,互联网,False,22,False
25,65,2.1310835,1.5508541,教育,False,60,False
25,66,9.875095,1.7005082,金融,False,18,False
25,67,4.615379,1.5280952,制造,False,39,False
25,68,5.4372034,1.731021,制造,False,33,False
25,69,4.0496335,3.1061988,互联网,False,45,False
25,70,5.6827745,1.0052062,制造,False,30,False
25,71,0.13506801,0.49530503,金融,False,89,False
25,72,7.1795306,2.8210227,金融,False,27,False
25,73,1.4742643,0.77988076,教育,False,69,False
25,74,3.555489,0.3239913,金融,False,50,False
25,75,2.65792,0.52615714,制造,False,56,False
25,76,0.033963528,0.15296693,金融,False,97,False
25,77,0.12831852,0.5238679,金融,False,90,False
25,78,6.717641,0.6022751,互联网,False,28,False
25,79,1.3194777,0.2689176,教育,False,70,False
25,80,0.090911314,0.4286546,金融,False,94,False
25,81,1.7281148,0.9314347,制造,False,66,False
25,82,0.098487295,0.44931865,互联网,False,91,False
25,83,0.09717125,0.41110888,互联网,False,93,False
25,84,9.768792,1.7296618,互联网,False,19,False
25,85,0.010178848,0.04965526,教育,False,98,False
25,86,4.1877227,0.8481154,互联网,False,43,False
25,87,2.0426543,0.62364304,金融,False,62,False
25,88,1.7933722,0.606807,教育,False,65,False
25,89,2.0308414,0.9533521,金融,False,63,True
25,90,0.09843014,0.33661056,教育,False,92,False
25,91,12.207988,3.4823658,教育,False,16,False
25,92,3.7945619,0.6640199,金融,False,46,False
25,93,0.0,0.2,制造,True,100,False
25,94,3.7596827,1.4844924,金融,False,47,False
25,95,0.039485164,0.11863204,制造,False,96,False
25,96,1.6375517,1.8473753,教育,False,67,False
25,97,2.7172718,1.0224574,教育,False,55,False
25,98,28.2577,7.531823,教育,False,9,False
25,99,4.398372,1.0651419,互联网,False,41,False
26,0,0.9071755,0.47679245,互联网,False,80,False
26,1,0.44283918,0.7126797,制造,False,85,False
26,2,0.8046175,0.18298289,金融,False,82,False
26,3,41.63945,4.559415,金融,False,6,False
26,4,43.963898,5.000075,制造,False,5,False
26,5,3.415729,0.6018929,金融,False,51,False
26,6,1.0634779,0.55552626,金融,False,76,False
26,7,53.270977,3.4696352,金融,False,4,False
26,8,0.0,0.2,互联网,True,99,False
26,9,64.204544,10.60187,金融,False,2,False
26,10,55.931484,6.801892,互联网,False,3,False
26,11,0.19418232,0.318378,教育,False,88,False
26,12,22.281195,4.1125917,互联网,False,11,False
26,13,2.5454307,0.35804045,互联网,False,58,False
26,14,1.1022032,1.4514678,制造,False,75,False
26,15,9.823152,0.103155255,金融,False,19,False
26,16,4.796623,0.65698886,教育,False,40,False
26,17,1.4029081,1.3560522,教育,False,70,False
26,18,1.2136284,0.29825306,互联网,False,74,False
26,19,5.132733,0.8774215,金融,False,37,False
26,20,7.462872,1.1926689,金融,False,26,False
26,21,10.373135,4.8896036,教育,False,18,False
26,22,1.29905,0.36741343,互联网,False,72,False
26,23,27.948175,7.642606,教育,False,9,False
26,24,0.8900324,0.41682446,互联网,False,81,False
26,25,1.5661752,0.66344076,教育,False,67,False
26,26,8.738372,3.8763614,互联网,False,24,False
26,27,2.139133,0.7633338,教育,False,62,False
26,28,0.99634814,0.2095887,金融,False,78,False
26,29,20.231209,1.6169221,互联网,False,13,False
26,30,2.6821856,0.47458088,金融,False,56,False
26,31,0.7755515,0.30678225,金融,False,83,False
26,32,10.4355955,0.75703716,制造,False,17,False
26,33,35.473778,3.5982964,教育,False,7,False
26,34,2.5426078,1.0066661,教育,False,59,False
26,35,0.94370365,0.95708346,互联网,False,79,False
26,36,5.015581,0.50983864,教育,False,39,False
26,37,6.66878,28.64999,互联网,False,28,False
26,38,1.0582935,2.4052105,教育,False,77,False
26,39,5.693303,1.7731314,教育,False,30,False
26,40,0.43324858,0.30676872,制造,False,86,False
26,41,2.633547,0.9189907,金融,False,57,False
26,42,4.264559,1.8265916,互联网,False,44,False
26,43,4.668079,0.8218228,教育,False,41,False
26,44,3.1911178,2.371173,互联网,False,52,False
26,45,21.39202,2.1977444,互联网,False,12,False
26,46,1.9353163,0.8883779,制造,False,64,False
26,47,3.8943944,1.3876272,教育,False,47,False
26,48,5.2347617,0.32121235,互联网,False,33,False
26,49,31.232595,4.4055204,教育,False,8,False
26,50,1.2813227,0.13960442,教育,False,73,False
26,51,8.667004,0.87933284,金融,False,25,False
26,52,5.568868,2.6253855,金融,False,32,False
26,53,12.77059,4.6243052,教育,False,16,False
26,54,15.850801,2.4975884,金融,False,14,False
26,55,153.32207,37.482647,互联网,False,1,False
26,56,0.2880489,1.3636229,教育,False,87,False
26,57,5.8301735,1.9008589,教育,False,29,False
26,58,0.5075639,0.11536467,金融,False,84,False
26,59,3.861401,3.774262,互联网,False,48,False
26,60,2.8141937,0.4087177,金融,False,55,False
26,61,5.1829233,1.2602865,互联网,False,36,False
26,62,8.90742,3.302501,互联网,False,22,False
26,63,0.0891762,0.114331365,制造,False,95,False
26,64,8.904343,2.2967813,互联网,False,23,False
26,65,2.328277,2.4777973,教育,False,60,False
26,66,9.021342,1.2748975,金融,False,21,False
26,67,5.0171285,0.9461144,制造,False,38,False
26,68,5.1941752,0.4739232,制造,False,35,False
26,69,4.342743,1.2965465,互联网,False,43,False
26,70,5.6542044,0.8747559,制造,False,31,False
26,71,0.15851827,0.59841955,金融,False,90,False
26,72,7.302979,3.3324208,金融,False,27,False
26,73,1.4406648,0.91353434,教育,False,69,False
26,74,3.5540621,0.3468601,金融,False,50,False
26,75,2.9722428,0.5700856,制造,False,53,False
26,76,0.035625964,0.078951344,金融,False,97,False
26,77,0.17489502,3.0008044,金融,False,89,False
26,78,5.2309604,0.47225878,互联网,False,34,False
26,79,1.3334082,0.56399053,教育,False,71,False
26,80,0.10019068,0.35081306,金融,False,94,False
26,81,1.8106972,0.78967744,制造,False,66,False
26,82,0.10696728,0.29727602,互联网,False,92,False
26,83,0.10115008,0.2714696,互联网,False,93,False
26,84,9.6755905,2.973622,互联网,False,20,False
26,85,0.010113894,0.076906234,教育,False,98,False
26,86,4.375378,0.59540504,互联网,False,42,False
26,87,2.136426,0.82592213,金融,False,63,False
26,88,1.8800428,0.8511109,教育,False,65,False
26,89,2.2558908,0.63557434,金融,False,61,False
26,90,0.107288964,0.37763807,教育,False,91,False
26,91,12.827675,4.470165,教育,False,15,False
26,92,3.9578865,1.0483187,金融,False,46,False
26,93,0.0,0.2,制造,True,100,False
26,94,3.636256,0.89852494,金融,False,49,False
26,95,0.041004393,0.1598456,制造,False,96,False
26,96,1.5460703,0.8652925,教育,False,68,False
26,97,2.9197106,0.8186143,教育,False,54,False
26,98,26.097134,15.04636,教育,False,10,False
26,99,4.196822,1.0779657,互联网,False,45,False
27,0,0.93538785,0.55168504,互联网,False,80,False
27,1,0.49103442,0.66424257,制造,False,85,False
27,2,0.8197446,0.09694438,金融,False,82,False
27,3,45.0077,1.8469143,金融,False,7,False
27,4,47.448956,4.9760113,制造,False,5,False
27,5,3.247146,0.5613387,金融,False,52,False
27,6,1.0918143,0.49476105,金融,False,76,False
27,7,59.34976,1.7123595,金融,False,2,False
27,8,0.0,0.2,互联网,True,99,False
27,9,57.518875,8.236362,金融,False,4,False
27,10,57.63837,9.24946,互联网,False,3,False
27,11,0.16212106,0.2779562,教育,False,90,False
27,12,24.088614,3.3206258,互联网,False,11,False
27,13,2.4034414,0.6028826,互联网,False,60,False
27,14,1.1993299,1.5585216,制造,False,74,False
27,15,8.414658,0.57962215,金融,False,24,False
27,16,4.187126,0.7361366,教育,False,46,False
27,17,1.4819992,1.8148118,教育,False,69,False
27,18,1.2139459,1.1102707,互联网,False,73,False
27,19,5.1824403,0.7671971,金融,False,38,False
27,20,7.735729,0.73201007,金融,False,26,False
27,21,11.781515,3.6945102,教育,False,17,False
27,22,1.256489,0.4531737,互联网,False,72,False
27,23,27.40001,7.8293905,教育,False,10,False
27,24,0.9414901,0.37553507,互联网,False,79,False
27,25,1.7511419,2.154312,教育,False,67,False
27,26,8.10513,2.9392622,互联网,False,25,False
27,27,2.3177848,1.0464226,教育,False,61,False
27,28,1.0211792,0.23905063,金融,False,78,False
27,29,21.906454,2.2802887,互联网,False,12,False
27,30,2.8996694,0.5248854,金融,False,55,False
27,31,0.82114995,0.31367508,金融,False,81,False
27,32,10.165258,0.8113379,制造,False,18,False
27,33,47.18241,3.201007,教育,False,6,False
27,34,2.5259778,0.32442415,教育,False,58,False
27,35,0.799442,1.4553331,互联网,False,83,False
27,36,4.9697423,1.1405376,教育,False,40,False
27,37,6.8942995,14.830557,互联网,False,28,False
27,38,1.0336874,1.5289516,教育,False,77,False
27,39,6.0861697,2.5301962,教育,False,31,False
27,40,0.4840944,0.5207819,制造,False,86,False
27,41,2.576493,0.5771562,金融,False,57,False
27,42,4.2404623,1.5446839,互联网,False,44,False
27,43,5.078428,1.7596687,教育,False,39,False
27,44,3.5833213,2.714869,互联网,False,50,False
27,45,20.976307,1.9143512,互联网,False,13,False
27,46,2.0790925,0.6436445,制造,False,63,False
27,47,3.8907814,1.3257034,教育,False,48,False
27,48,5.237613,0.3873362,互联网,False,37,False
27,49,34.7063,5.013935,教育,False,8,False
27,50,1.1344773,0.20654245,教育,False,75,False
27,51,8.6798,0.6236779,金融,False,22,False
27,52,6.6711144,1.357804,金融,False,29,False
27,53,14.150481,3.2774851,教育,False,16,False
27,54,16.439953,1.0675724,金融,False,14,False
27,55,156.62161,49.052193,互联网,False,1,False
27,56,0.31974405,1.6507447,教育,False,87,False
27,57,5.8427334,2.2397408,教育,False,32,False
27,58,0.5142335,0.021195112,金融,False,84,False
27,59,4.623516,3.8140388,互联网,False,41,False
27,60,2.8156052,0.5198849,金融,False,56,False
27,61,5.2423015,1.3923242,互联网,False,36,False
27,62,9.037179,2.2776735,互联网,False,21,False
27,63,0.08829852,0.111684434,制造,False,95,False
27,64,9.783523,2.6440566,互联网,False,19,False
27,65,2.4357784,1.4481621,教育,False,59,False
27,66,8.461947,0.7114101,金融,False,23,False
27,67,5.502399,0.8802706,制造,False,33,False
27,68,5.328491,0.760693,制造,False,35,False
27,69,4.4292426,2.1778371,互联网,False,42,False
27,70,6.301345,1.6038951,制造,False,30,False
27,71,0.17557582,0.41299585,金融,False,89,False
27,72,7.446647,2.475252,金融,False,27,False
27,73,1.356913,0.8141432,教育,False,70,False
27,74,3.5196855,0.44883746,金融,False,51,False
27,75,3.1489086,0.99348664,制造,False,53,False
27,76,0.03714456,0.0815801,金融,False,97,False
27,77,0.20309055,0.4316483,金融,False,88,False
27,78,5.335063,0.5722067,互联网,False,34,False
27,79,1.3437274,0.6522117,教育,False,71,False
27,80,0.10214072,0.32020918,金融,False,94,False
27,81,1.7695245,0.65943897,制造,False,66,False
27,82,0.11973926,0.57066995,互联网,False,92,False
27,83,0.12650163,0.7918229,互联网,False,91,False
27,84,9.455798,3.1930027,互联网,False,20,False
27,85,0.010764164,0.053916108,教育,False,98,False
27,86,4.031758,1.6371356,互联网,False,47,False
27,87,2.0342023,0.60378444,金融,False,64,False
27,88,1.9821987,0.5796717,教育,False,65,False
27,89,2.161707,0.82518494,金融,False,62,False
27,90,0.119181044,0.30160692,教育,False,93,False
27,91,14.320509,3.8986826,教育,False,15,False
27,92,4.289187,1.1348968,金融,False,43,False
27,93,0.0,0.2,制造,True,100,False
27,94,3.8072999,0.7995033,金融,False,49,False
27,95,0.04426621,0.16393629,制造,False,96,False
27,96,1.7058891,0.8682004,教育,False,68,False
27,97,3.0904398,0.99382883,教育,False,54,False
27,98,32.61978,10.54605,教育,False,9,False
27,99,4.2391596,0.8981462,互联网,False,45,False
28,0,1.0675844,0.3653342,互联网,False,78,False
28,1,0.50865203,0.87145686,制造,False,86,False
28,2,0.8862855,0.23808032,金融,False,81,False
28,3,53.310966,4.76041,金融,False,6,False
28,4,55.808563,7.2795014,制造,False,5,False
28,5,3.3785641,0.7698171,金融,False,51,False
28,6,1.1647918,0.5974753,金融,False,75,False
28,7,62.279224,3.4438777,金融,False,3,False
28,8,0.0,0.2,互联网,True,99,False
28,9,67.50771,13.9082155,金融,False,2,False
28,10,59.762268,8.801464,互联网,False,4,False
28,11,0.16447057,0.412191,教育,False,90,False
28,12,24.106222,2.9834902,互联网,False,11,False
28,13,2.3051054,0.5941281,互联网,False,60,False
28,14,1.348057,2.3391209,制造,False,72,False
28,15,8.687042,0.6215591,金融,False,24,False
28,16,4.4566703,0.7223068,教育,False,44,False
28,17,1.6132323,1.0994234,教育,False,69,False
28,18,1.2097404,0.7343679,互联网,False,74,False
28,19,5.20209,0.8036615,金融,False,39,False
28,20,7.863145,0.85773313,金融,False,26,False
28,21,12.518397,3.4765813,教育,False,17,False
28,22,1.3598422,0.21337633,互联网,False,71,False
28,23,33.638855,6.7607336,教育,False,10,False
28,24,0.9694956,0.41592175,互联网,False,80,False
28,25,1.7256303,0.7148762,教育,False,68,False
28,26,8.641357,3.951479,互联网,False,25,False
28,27,2.360669,0.7094071,教育,False,59,False
28,28,1.0641525,0.24930917,金融,False,79,False
28,29,23.487787,2.3218203,互联网,False,12,False
28,30,3.1812115,0.86755127,金融,False,54,False
28,31,0.84361905,0.35037792,金融,False,82,False
28,32,10.10191,0.7376465,制造,False,19,False
28,33,47.56371,4.7704196,教育,False,7,False
28,34,2.514469,0.4529253,教育,False,58,False
28,35,0.7767187,1.6807145,互联网,False,83,False
28,36,5.3174915,1.2055035,教育,False,36,False
28,37,7.125264,21.602259,互联网,False,29,False
28,38,1.0755304,2.7929225,教育,False,77,False
28,39,6.7440825,1.3073803,教育,False,30,False
28,40,0.5108571,0.3778845,制造,False,85,False
28,41,2.691856,1.0126889,金融,False,57,False
28,42,4.3955164,2.2507422,互联网,False,45,False
28,43,5.251806,0.99000907,教育,False,37,False
28,44,3.754473,1.9501971,互联网,False,50,False
28,45,22.586388,2.3643486,互联网,False,13,False
28,46,2.040505,0.5775877,制造,False,64,False
28,47,3.8624673,1.0614574,教育,False,48,False
28,48,5.248268,0.4775352,互联网,False,38,False
28,49,40.448395,5.1922474,教育,False,8,False
28,50,1.2380304,0.3038686,教育,False,73,False
28,51,9.102696,0.95336956,金融,False,23,False
28,52,7.597198,1.5047028,金融,False,27,False
28,53,14.293234,3.7065384,教育,False,16,False
28,54,16.723988,2.0848737,金融,False,14,False
28,55,135.04994,64.2109,互联网,False,1,False
28,56,0.34072265,1.4279281,教育,False,87,False
28,57,5.0231996,3.8259304,教育,False,40,False
28,58,0.53782237,0.1299264,金融,False,84,False
28,59,5.3419213,3.3962202,互联网,False,35,False
28,60,2.8742979,0.7722802,金融,False,55,False
28,61,5.6257944,1.3561792,互联网,False,32,False
28,62,10.037641,3.4534223,互联网,False,20,False
28,63,0.09229202,0.12799266,制造,False,95,False
28,64,10.83382,2.1872094,互联网,False,18,False
28,65,2.2363772,1.8266346,教育,False,62,False
28,66,9.320029,1.3567367,金融,False,21,False
28,67,5.5519056,0.96315986,制造,False,33,False
28,68,4.9630585,0.5425383,制造,False,41,False
28,69,4.678645,2.4100292,互联网,False,42,False
28,70,6.389646,1.1566204,制造,False,31,False
28,71,0.20049646,0.58532894,金融,False,89,False
28,72,7.4319057,5.4527535,金融,False,28,False
28,73,1.1404146,0.49069,教育,False,76,False
28,74,3.8610451,0.41282102,金融,False,49,False
28,75,3.3527927,0.48257032,制造,False,52,False
28,76,0.03993537,0.12324719,金融,False,97,False
28,77,0.21956712,0.5011738,金融,False,88,False
28,78,5.415135,0.69586045,互联网,False,34,False
28,79,1.3899556,0.4085249,教育,False,70,False
28,80,0.10430078,0.45292854,金融,False,94,False
28,81,1.9317904,0.84215933,制造,False,66,False
28,82,0.12627697,0.5507601,互联网,False,93,False
28,83,0.13613158,0.4017689,互联网,False,91,False
28,84,9.2994175,1.8539162,互联网,False,22,False
28,85,0.012034529,0.06640529,教育,False,98,False
28,86,4.058259,0.77985156,互联网,False,46,False
28,87,1.9778131,0.78665525,金融,False,65,False
28,88,2.0599604,0.7483408,教育,False,63,False
28,89,2.260049,0.7557727,金融,False,61,False
28,90,0.1353593,0.35952592,教育,False,92,False
28,91,14.552175,3.0497205,教育,False,15,False
28,92,2.7549474,0.6577786,金融,False,56,False
28,93,0.0,0.2,制造,True,100,False
28,94,3.9268484,0.8854428,金融,False,47,False
28,95,0.04752024,0.15054658,制造,False,96,False
28,96,1.8579416,0.97979605,教育,False,67,False
28,97,3.2506332,0.96667457,教育,False,53,False
28,98,35.019802,9.514586,教育,False,9,False
28,99,4.597591,0.8870721,互联网,False,43,False
29,0,1.2204319,0.3927098,互联网,False,74,False
29,1,0.50812757,1.4619442,制造,False,86,False
29,2,0.932025,0.19217782,金融,False,81,False
29,3,51.79718,3.6729593,金融,False,7,False
29,4,66.643715,3.359441,制造,False,4,False
29,5,2.9964254,0.5631149,金融,False,54,False
29,6,1.1610593,0.6683877,金融,False,76,False
29,7,69.92141,4.6908426,金融,False,3,False
29,8,0.0,0.2,互联网,True,99,False
29,9,71.88986,10.161642,金融,False,2,False
29,10,64.665726,10.211788,互联网,False,5,False
29,11,0.17276435,0.32397437,教育,False,90,False
29,12,25.801958,3.8373094,互联网,False,10,False
29,13,2.1796434,0.5474676,互联网,False,62,False
29,14,1.3987389,2.288428,制造,False,72,False
29,15,9.153009,0.66490126,金融,False,25,False
29,16,4.580034,0.6265378,教育,False,44,False
29,17,1.7625768,1.3628811,教育,False,69,False
29,18,1.1706088,1.0575223,互联网,False,75,False
29,19,5.370622,0.690128,金融,False,38,False
29,20,7.773055,1.0070382,金融,False,27,False
29,21,14.066139,1.88616,教育,False,17,False
29,22,1.4533824,0.34853464,互联网,False,70,False
29,23,23.362564,4.5172896,教育,False,13,False
29,24,0.9911887,0.42936668,互联网,False,80,False
29,25,1.7644622,0.5057782,教育,False,68,False
29,26,9.959957,4.3250203,互联网,False,22,False
29,27,2.3473997,0.69376314,教育,False,60,False
29,28,1.0842477,0.16571474,金融,False,79,False
29,29,24.702152,2.2763848,互联网,False,11,False
29,30,3.1276188,0.6075999,金融,False,52,False
29,31,0.78527266,0.27832744,金融,False,83,False
29,32,10.354688,0.7746943,制造,False,21,False
29,33,52.358177,4.7809362,教育,False,6,False
29,34,2.5185213,0.50338125,教育,False,58,False
29,35,0.84910315,0.92831504,互联网,False,82,False
29,36,5.239767,1.0670516,教育,False,40,False
29,37,7.7325096,17.65928,互联网,False,28,False
29,38,1.1059588,2.0239608,教育,False,78,False
29,39,6.582602,1.1560693,教育,False,30,False
29,40,0.54978853,0.46646756,制造,False,84,False
29,41,2.687239,0.99322116,金融,False,57,False
29,42,4.9343324,1.2761968,互联网,False,43,False
29,43,5.499491,1.3211368,教育,False,37,False
29,44,3.6973262,3.0469587,互联网,False,50,False
29,45,23.946129,2.1814733,互联网,False,12,False
29,46,2.0116816,0.49895173,制造,False,64,False
29,47,4.1163316,1.0896075,教育,False,47,False
29,48,5.2900243,0.3386676,互联网,False,39,False
29,49,42.63981,4.634202,教育,False,8,False
29,50,1.25613,0.5151618,教育,False,73,False
29,51,9.4143715,1.538885,金融,False,24,False
29,52,8.402916,2.3449621,金融,False,26,False
29,53,14.085812,2.5793915,教育,False,16,False
29,54,18.111998,2.5584235,金融,False,14,False
29,55,152.14227,55.607258,互联网,False,1,False
29,56,0.3683286,1.4227841,教育,False,87,False
29,57,5.5319014,2.3553643,教育,False,36,False
29,58,0.5309183,0.14657916,金融,False,85,False
29,59,5.736603,2.768783,互联网,False,35,False
29,60,2.9463153,0.36678332,金融,False,55,False
29,61,6.0147414,1.0951694,互联网,False,33,False
29,62,10.490635,2.26767,互联网,False,19,False
29,63,0.09439088,0.12710473,制造,False,95,False
29,64,10.86074,1.5033352,互联网,False,18,False
29,65,2.4942708,1.0550777,教育,False,59,False
29,66,10.362579,1.3546553,金融,False,20,False
29,67,6.1336975,1.377209,制造,False,32,False
29,68,5.217235,0.8520487,制造,False,41,False
29,69,5.097962,2.314978,互联网,False,42,False
29,70,6.411409,1.1661993,制造,False,31,False
29,71,0.21126029,0.5714718,金融,False,89,False
29,72,7.445435,2.5822546,金融,False,29,False
29,73,1.1272509,0.5989269,教育,False,77,False
29,74,3.8208518,0.5084472,金融,False,49,False
29,75,3.6267698,0.53713536,制造,False,51,False
29,76,0.042305786,0.10744108,金融,False,97,False
29,77,0.23077025,0.34647635,金融,False,88,False
29,78,5.9408693,0.6196879,互联网,False,34,False
29,79,1.4000479,0.45323977,教育,False,71,False
29,80,0.12418136,0.2790813,金融,False,94,False
29,81,1.9477441,1.0238503,制造,False,66,False
29,82,0.1372399,0.56571007,互联网,False,92,False
29,83,0.16069373,0.55021095,互联网,False,91,False
29,84,9.939631,2.2398517,互联网,False,23,False
29,85,0.013625708,0.047387064,教育,False,98,False
29,86,4.260106,1.050592,互联网,False,46,False
29,87,1.9406288,0.8322827,金融,False,67,False
29,88,2.1791718,1.014729,教育,False,63,False
29,89,2.333205,0.9180271,金融,False,61,False
29,90,0.1345102,0.34796727,教育,False,93,False
29,91,14.335351,3.4569538,教育,False,15,False
29,92,2.8257613,1.0487554,金融,False,56,False
29,93,0.0,0.2,制造,True,100,False
29,94,4.0902023,0.72382027,金融,False,48,False
29,95,0.052919712,0.16020076,制造,False,96,False
29,96,1.9914106,1.3317515,教育,False,65,False
29,97,3.0760193,0.53074116,教育,False,53,False
29,98,36.02533,8.011626,教育,False,9,False
29,99,4.4757776,0.7569605,互联网,False,45,False
30,0,1.347966,0.5162998,互联网,False,72,False
30,1,0.54660344,0.8863999,制造,False,85,False
30,2,0.8318551,0.14420792,金融,False,82,False
30,3,52.0176,3.2142773,金融,False,7,False
30,4,71.37403,7.419964,制造,False,5,False
30,5,3.0670617,0.81455034,金融,False,55,False
30,6,1.2057345,0.720797,金融,False,74,False
30,7,73.85127,2.5830307,金融,False,3,False
30,8,0.0,0.2,互联网,True,99,False
30,9,79.69732,32.781208,金融,False,2,False
30,10,72.336365,7.9637213,互联网,False,4,False
30,11,0.16867335,0.29598266,教育,False,90,False
30,12,30.885727,2.6992152,互联网,False,10,False
30,13,2.2166111,0.7017219,互联网,False,64,False
30,14,1.6453902,1.6388088,制造,False,69,False
30,15,9.242718,0.4088383,金融,False,23,False
30,16,4.7987127,0.53524786,教育,False,45,False
30,17,1.6901919,1.5584176,教育,False,68,False
30,18,1.1387175,1.0565133,互联网,False,77,False
30,19,5.267084,0.73142105,金融,False,42,False
30,20,7.9053636,0.7304368,金融,False,27,False
30,21,15.315553,4.0952077,教育,False,16,False
30,22,1.1097567,0.19352677,互联网,False,78,False
30,23,16.316572,4.123926,教育,False,14,False
30,24,0.9917963,0.5963249,互联网,False,81,False
30,25,1.8566798,0.58068585,教育,False,67,False
30,26,10.552948,3.4858618,互联网,False,20,False
30,27,2.3529694,1.0352709,教育,False,59,False
30,28,1.0955038,0.13787557,金融,False,80,False
30,29,25.152058,1.6384636,互联网,False,12,False
30,30,3.314882,0.58468235,金融,False,52,False
30,31,0.73562896,0.2658325,金融,False,83,False
30,32,10.164582,0.7478879,制造,False,21,False
30,33,55.347385,2.8736174,教育,False,6,False
30,34,2.3406281,0.5264004,教育,False,60,False
30,35,1.1090736,8.868603,互联网,False,79,False
30,36,5.695596,2.0588758,教育,False,39,False
30,37,8.005784,19.765663,互联网,False,26,False
30,38,1.1483846,1.2563972,教育,False,76,False
30,39,6.184323,1.7657115,教育,False,33,False
30,40,0.563023,0.36458945,制造,False,84,False
30,41,2.6687422,0.932406,金融,False,58,False
30,42,5.750229,1.7857018,互联网,False,37,False
30,43,5.7122936,1.3467005,教育,False,38,False
30,44,4.1093307,3.1193125,互联网,False,49,False
30,45,25.751177,3.0466902,互联网,False,11,False
30,46,1.956786,1.0210503,制造,False,66,False
30,47,4.670704,1.6605899,教育,False,46,False
30,48,5.1955976,0.4808368,互联网,False,43,False
30,49,40.12914,4.143963,教育,False,9,False
30,50,1.322163,0.53528094,教育,False,73,False
30,51,9.220804,0.9853731,金融,False,24,False
30,52,9.070743,1.4416565,金融,False,25,False
30,53,14.369608,2.683107,教育,False,17,False
30,54,18.250298,1.720666,金融,False,13,False
30,55,161.79128,14.979278,互联网,False,1,False
30,56,0.41652092,1.7175395,教育,False,87,False
30,57,6.1335177,2.7525454,教育,False,34,False
30,58,0.53502494,0.06538391,金融,False,86,False
30,59,6.038278,2.9421217,互联网,False,35,False
30,60,2.9970243,0.38491932,金融,False,56,False
30,61,5.945392,1.5033432,互联网,False,36,False
30,62,11.163815,2.1194425,互联网,False,19,False
30,63,0.09832258,0.12831765,制造,False,95,False
30,64,7.786768,1.9068484,互联网,False,28,False
30,65,2.7963197,2.2755718,教育,False,57,False
30,66,11.669865,1.5850327,金融,False,18,False
30,67,6.9772754,1.5773767,制造,False,30,False
30,68,5.374269,0.6139038,制造,False,41,False
30,69,5.46115,2.5191503,互联网,False,40,False
30,70,6.8528194,1.7785127,制造,False,31,False
30,71,0.22721867,0.48384663,金融,False,89,False
30,72,7.52586,3.0005305,金融,False,29,False
30,73,1.1900973,0.5386792,教育,False,75,False
30,74,3.9981315,0.44258767,金融,False,50,False
30,75,3.7096672,0.7375924,制造,False,51,False
30,76,0.04575781,0.17679162,金融,False,97,False
30,77,0.23831877,0.34879392,金融,False,88,False
30,78,6.347434,0.66097164,互联网,False,32,False
30,79,1.4152277,0.60625136,教育,False,71,False
30,80,0.13947055,0.25590047,金融,False,94,False
30,81,1.5711174,0.7142138,制造,False,70,False
30,82,0.15354197,0.51956475,互联网,False,92,False
30,83,0.16304111,0.2954852,互联网,False,91,False
30,84,9.391697,2.0613756,互联网,False,22,False
30,85,0.015002496,0.047092255,教育,False,98,False
30,86,4.585082,0.6046015,互联网,False,47,False
30,87,2.172689,0.7496983,金融,False,65,False
30,88,2.3065948,1.0123037,教育,False,61,False
30,89,2.2451134,0.82605535,金融,False,63,False
30,90,0.14688668,0.46021813,教育,False,93,False
30,91,15.916817,6.9732776,教育,False,15,False
30,92,3.1243808,0.81771106,金融,False,54,False
30,93,0.0,0.2,制造,True,100,False
30,94,4.495295,0.8426752,金融,False,48,False
30,95,0.056280475,0.20499665,制造,False,96,False
30,96,2.245406,1.0966645,教育,False,62,False
30,97,3.2193666,0.5031,教育,False,53,False
30,98,40.320328,6.519722,教育,False,8,False
30,99,4.941872,0.6934614,互联网,False,44,False
31,0,1.4404945,0.33973858,互联网,False,72,False
31,1,0.6034778,0.725232,制造,False,84,False
31,2,0.83219177,0.18937373,金融,False,82,False
31,3,52.64666,3.48501,金融,False,7,False
31,4,79.99201,5.3632674,制造,False,4,False
31,5,3.2292159,0.66445607,金融,False,54,False
31,6,1.3850342,0.62208855,金融,False,73,False
31,7,80.49541,7.812689,金融,False,3,False
31,8,0.0,0.2,互联网,True,99,False
31,9,90.296524,9.105199,金融,False,2,False
31,10,76.76662,8.50232,互联网,False,5,False
31,11,0.17012401,0.29169276,教育,False,91,False
31,12,30.590414,4.3663273,互联网,False,10,False
31,13,2.306639,0.51399463,互联网,False,62,False
31,14,1.6162947,1.4639648,制造,False,69,False
31,15,8.797627,0.44671458,金融,False,24,False
31,16,4.85786,0.5777632,教育,False,46,False
31,17,1.707837,1.6568707,教育,False,68,False
31,18,1.2050716,1.5398316,互联网,False,75,False
31,19,5.208242,0.89377636,金融,False,43,False
31,20,8.213911,1.0073634,金融,False,26,False
31,21,16.087793,2.7374473,教育,False,17,False
31,22,1.1835581,0.25453115,互联网,False,76,False
31,23,16.13087,4.2607236,教育,False,16,False
31,24,1.003706,0.40626454,互联网,False,81,False
31,25,1.8254293,0.6587764,教育,False,67,False
31,26,11.414813,2.8505356,互联网,False,20,False
31,27,2.2558858,0.5763639,教育,False,65,False
31,28,1.1040292,0.19071655,金融,False,78,False
31,29,25.421175,2.6461976,互联网,False,12,False
31,30,3.3544626,0.42893285,金融,False,52,False
31,31,0.81276405,0.4329685,金融,False,83,False
31,32,9.849011,0.6085192,制造,False,22,False
31,33,70.215164,3.4437253,教育,False,6,False
31,34,2.4217665,0.40963647,教育,False,61,False
31,35,1.1759993,1.4647249,互联网,False,77,False
31,36,5.6046286,1.8407437,教育,False,41,False
31,37,8.349251,14.283558,互联网,False,25,False
31,38,1.0304434,1.5479414,教育,False,79,False
31,39,6.4417143,0.8605289,教育,False,34,False
31,40,0.5961157,0.62435967,制造,False,85,False
31,41,2.7971368,1.0241542,金融,False,58,False
31,42,5.99631,2.0179763,互联网,False,37,False
31,43,5.995471,1.2052404,教育,False,38,False
31,44,4.3268433,2.9321933,互联网,False,49,False
31,45,26.808947,1.5761684,互联网,False,11,False
31,46,2.0224314,0.6638263,制造,False,66,False
31,47,4.5584702,1.174545,教育,False,48,False
31,48,4.9773507,0.40560883,互联网,False,44,False
31,49,40.07553,4.486777,教育,False,9,False
31,50,1.3551276,0.2963251,教育,False,74,False
31,51,9.447858,1.4690905,金融,False,23,False
31,52,7.507277,1.5795543,金融,False,29,False
31,53,16.295437,1.8112775,教育,False,14,False
31,54,18.008333,0.359752,金融,False,13,False
31,55,190.21849,48.67457,互联网,False,1,False
31,56,0.43788978,1.7296623,教育,False,87,False
31,57,7.1778383,1.9940964,教育,False,32,False
31,58,0.54735273,0.12285852,金融,False,86,False
31,59,6.550652,3.1078718,互联网,False,33,False
31,60,3.053005,0.43976712,金融,False,56,False
31,61,5.7587523,1.1076934,互联网,False,40,False
31,62,12.349217,2.901808,互联网,False,18,False
31,63,0.106027775,0.21636483,制造,False,95,False
31,64,7.2962837,1.7531526,互联网,False,30,False
31,65,2.960521,8.329602,教育,False,57,False
31,66,11.6614485,2.1862419,金融,False,19,False
31,67,7.7995815,1.9253955,制造,False,27,False
31,68,5.9207892,0.81304944,制造,False,39,False
31,69,6.229156,2.1445332,互联网,False,36,False
31,70,7.179269,1.1597433,制造,False,31,False
31,71,0.2235053,0.41750002,金融,False,89,False
31,72,7.5971136,3.7068782,金融,False,28,False
31,73,1.0047191,0.7002815,教育,False,80,False
31,74,4.0174665,0.53074235,金融,False,50,False
31,75,3.8464904,0.72891897,制造,False,51,False
31,76,0.04862361,0.12184968,金融,False,97,False
31,77,0.25244024,0.65505385,金融,False,88,False
31,78,6.31193,1.009985,互联网,False,35,False
31,79,1.4540491,0.5448353,教育,False,71,False
31,80,0.15190236,0.49329042,金融,False,93,False
31,81,1.6144023,0.80237967,制造,False,70,False
31,82,0.16198835,0.46308318,互联网,False,92,False
31,83,0.1800667,0.42772883,互联网,False,90,False
31,84,9.925223,2.752763,互联网,False,21,False
31,85,0.015501343,0.039719462,教育,False,98,False
31,86,4.8476253,1.0446752,互联网,False,47,False
31,87,2.2589843,0.79666835,金融,False,64,False
31,88,2.436011,0.7762533,教育,False,60,False
31,89,2.3059976,1.1099334,金融,False,63,False
31,90,0.15080476,0.26793846,教育,False,94,False
31,91,16.291056,4.8110647,教育,False,15,False
31,92,3.1139357,0.9394375,金融,False,55,False
31,93,0.0,0.2,制造,True,100,False
31,94,4.8989377,0.71713185,金融,False,45,False
31,95,0.05442491,0.15110458,制造,False,96,False
31,96,2.5382924,0.90542144,教育,False,59,False
31,97,3.2552986,0.84906256,教育,False,53,False
31,98,43.19488,11.216084,教育,False,8,False
31,99,5.282468,0.97918975,互联网,False,42,False
32,0,1.4944898,0.7897551,互联网,False,73,False
32,1,0.62730664,0.93734413,制造,False,85,False
32,2,0.863398,0.16304387,金融,False,82,False
32,3,56.068268,3.9827235,金融,False,7,False
32,4,96.74284,3.7512548,制造,False,2,False
32,5,3.2349484,0.8374226,金融,False,54,False
32,6,1.5414007,0.44695538,金融,False,71,False
32,7,91.15876,5.44591,金融,False,5,False
32,8,0.0,0.2,互联网,True,99,False
32,9,95.10572,3.8141837,金融,False,3,False
32,10,93.114174,14.852399,互联网,False,4,False
32,11,0.19004062,0.31477642,教育,False,91,False
32,12,29.433023,2.4633217,互联网,False,11,False
32,13,2.3453836,0.60686916,互联网,False,64,False
32,14,1.5844723,2.4522634,制造,False,70,False
32,15,8.401265,0.14068702,金融,False,26,False
32,16,4.752006,0.645306,教育,False,48,False
32,17,1.7514355,1.4346879,教育,False,67,False
32,18,1.269544,0.93257636,互联网,False,75,False
32,19,5.2097034,0.93784934,金融,False,44,False
32,20,8.419313,1.022115,金融,False,25,False
32,21,16.512062,3.7871416,教育,False,16,False
32,22,1.1850872,0.31296176,互联网,False,77,False
32,23,18.234985,5.7357254,教育,False,14,False
32,24,1.0315596,0.4575397,互联网,False,81,False
32,25,1.7430955,0.75523305,教育,False,68,False
32,26,12.073377,3.0081065,互联网,False,20,False
32,27,2.2678044,0.5697342,教育,False,65,False
32,28,1.1203988,0.17651011,金融,False,79,False
32,29,20.747667,2.5060704,互联网,False,12,False
32,30,2.641601,0.53076303,金融,False,58,False
32,31,0.8155969,0.3443244,金融,False,83,False
32,32,9.817107,0.7095424,制造,False,22,False
32,33,70.44326,3.746238,教育,False,6,False
32,34,2.4212766,0.44159228,教育,False,61,False
32,35,1.2271464,1.3564179,互联网,False,76,False
32,36,5.3786054,1.0668783,教育,False,43,False
32,37,8.790414,10.863487,互联网,False,24,False
32,38,1.1429658,2.1411688,教育,False,78,False
32,39,6.4353213,1.4974846,教育,False,35,False
32,40,0.6455739,0.6012107,制造,False,84,False
32,41,2.6339545,0.85595256,金融,False,59,False
32,42,5.895561,1.2902305,互联网,False,39,False
32,43,5.492019,1.2057842,教育,False,41,False
32,44,4.4834886,2.5714016,互联网,False,49,False
32,45,29.895828,2.5026674,互联网,False,10,False
32,46,1.9786743,1.3276057,制造,False,66,False
32,47,4.88956,2.5054786,教育,False,47,False
32,48,5.083191,0.44693872,互联网,False,45,False
32,49,40.59275,5.8053894,教育,False,8,False
32,50,1.4345915,0.3450242,教育,False,74,False
32,51,9.192193,1.2222152,金融,False,23,False
32,52,7.358476,3.0109522,金融,False,30,False
32,53,18.171238,2.1028795,教育,False,15,False
32,54,18.258387,1.9742475,金融,False,13,False
32,55,200.4141,59.646584,互联网,False,1,False
32,56,0.5082925,1.3604561,教育,False,87,False
32,57,6.9495435,3.3420959,教育,False,32,False
32,58,0.5418349,0.05921058,金融,False,86,False
32,59,6.6106224,1.482998,互联网,False,34,False
32,60,3.128482,0.6489988,金融,False,55,False
32,61,6.0173907,1.1471556,互联网,False,38,False
32,62,12.941047,3.0157092,互联网,False,19,False
32,63,0.10828245,0.11474827,制造,False,95,False
32,64,7.2287536,0.32874903,互联网,False,31,False
32,65,3.4783394,2.6091506,教育,False,52,False
32,66,13.391972,0.941956,金融,False,18,False
32,67,8.00814,0.9550135,制造,False,27,False
32,68,6.184509,0.5153598,制造,False,37,False
32,69,6.731869,1.974298,互联网,False,33,False
32,70,7.4051476,1.5095941,制造,False,29,False
32,71,0.22842073,0.28388327,金融,False,89,False
32,72,7.558775,2.3823545,金融,False,28,False
32,73,1.0435567,0.8733393,教育,False,80,False
32,74,4.1803107,0.30894393,金融,False,50,False
32,75,3.5076425,1.0934954,制造,False,51,False
32,76,0.05111703,0.14382742,金融,False,97,False
32,77,0.2633374,0.31737655,金融,False,88,False
32,78,6.2300897,0.6225075,互联网,False,36,False
32,79,1.5179827,0.5614085,教育,False,72,False
32,80,0.15773106,0.42050666,金融,False,94,False
32,81,1.6515019,0.8157295,制造,False,69,False
32,82,0.16269651,0.513484,互联网,False,93,False
32,83,0.1943987,0.729547,互联网,False,90,False
32,84,9.988202,4.0248437,互联网,False,21,False
32,85,0.01589642,0.049155273,教育,False,98,False
32,86,5.0159407,1.1103975,互联网,False,46,False
32,87,2.3784568,2.9079869,金融,False,62,False
32,88,2.46681,0.5488077,教育,False,60,False
32,89,2.373957,0.60422313,金融,False,63,False
32,90,0.16285156,0.5642678,教育,False,92,False
32,91,15.705868,6.5103793,教育,False,17,False
32,92,3.0205252,1.0601702,金融,False,56,False
32,93,0.0,0.2,制造,True,100,False
32,94,5.597678,0.7571421,金融,False,40,False
32,95,0.05559147,0.15284127,制造,False,96,False
32,96,2.828898,0.81437975,教育,False,57,False
32,97,3.4013696,0.5252799,教育,False,53,False
32,98,40.38201,6.783907,教育,False,9,False
32,99,5.3962326,0.8481973,互联网,False,42,False
33,0,1.5442879,0.66101,互联网,False,72,False
33,1,0.6558403,1.0036426,制造,False,85,False
33,2,0.84890175,0.24619946,金融,False,82,False
33,3,60.36379,3.5878856,金融,False,7,False
33,4,96.927666,5.110052,制造,False,3,False
33,5,3.4143133,0.69255733,金融,False,54,False
33,6,1.6424304,0.29679644,金融,False,71,False
33,7,82.070244,2.6180427,金融,False,5,False
33,8,0.0,0.2,互联网,True,99,False
33,9,99.1231,10.113881,金融,False,2,False
33,10,89.630806,9.705945,互联网,False,4,False
33,11,0.18982099,0.3480981,教育,False,91,False
33,12,31.845102,8.195142,互联网,False,10,False
33,13,2.5594363,0.98444337,互联网,False,61,False
33,14,1.7975376,2.0562818,制造,False,67,False
33,15,7.176306,0.42066246,金融,False,32,False
33,16,4.801946,0.7274362,教育,False,48,False
33,17,1.7672428,1.8448503,教育,False,68,False
33,18,1.0561824,2.0422692,互联网,False,80,False
33,19,5.073301,0.81310683,金融,False,45,False
33,20,8.878481,1.3160961,金融,False,24,False
33,21,17.953184,3.2854633,教育,False,16,False
33,22,1.2514393,0.27103984,互联网,False,77,False
33,23,18.094551,4.798827,教育,False,15,False
33,24,1.0582561,0.9511054,互联网,False,79,False
33,25,1.7492901,0.50071466,教育,False,69,False
33,26,13.59491,3.600758,互联网,False,20,False
33,27,2.2373772,0.7743,教育,False,65,False
33,28,1.0863332,0.118726864,金融,False,78,False
33,29,22.109083,2.9686067,互联网,False,12,False
33,30,2.827228,1.0123761,金融,False,58,False
33,31,0.81180406,1.5081898,金融,False,83,False
33,32,10.342979,0.75370455,制造,False,22,False
33,33,63.407257,2.5951636,教育,False,6,False
33,34,2.4962924,0.4275222,教育,False,62,False
33,35,1.2991164,1.612452,互联网,False,76,False
33,36,5.388006,1.5000874,教育,False,43,False
33,37,8.874434,18.005379,互联网,False,25,False
33,38,1.3091286,1.8448709,教育,False,75,False
33,39,7.5344477,1.4608576,教育,False,29,False
33,40,0.6670026,0.37778038,制造,False,84,False
33,41,2.6722991,0.8108092,金融,False,60,False
33,42,6.122937,2.2055116,互联网,False,37,False
33,43,5.677693,1.2860123,教育,False,41,False
33,44,4.481187,2.6762528,互联网,False,49,False
33,45,28.564325,2.3486829,互联网,False,11,False
33,46,2.057285,0.6167496,制造,False,66,False
33,47,4.955884,1.7261764,教育,False,46,False
33,48,4.844107,0.44868112,互联网,False,47,False
33,49,42.13305,3.793497,教育,False,9,False
33,50,1.3695166,0.1852918,教育,False,74,False
33,51,10.312683,1.1791276,金融,False,23,False
33,52,8.562536,1.9038671,金融,False,26,False
33,53,19.181158,1.7462555,教育,False,14,False
33,54,20.930254,4.623538,金融,False,13,False
33,55,215.34396,45.236744,互联网,False,1,False
33,56,0.5760202,1.0615847,教育,False,86,False
33,57,6.971951,2.2482438,教育,False,35,False
33,58,0.50115675,0.07385073,金融,False,87,False
33,59,7.1148906,2.7281868,互联网,False,33,False
33,60,3.242689,0.5826878,金融,False,56,False
33,61,6.043185,0.87618345,互联网,False,39,False
33,62,13.920747,2.2610745,互联网,False,18,False
33,63,0.1147365,0.18732768,制造,False,95,False
33,64,7.2125206,3.8564472,互联网,False,31,False
33,65,4.0685654,1.5144364,教育,False,51,False
33,66,13.889903,1.3704022,金融,False,19,False
33,67,7.788299,0.9957936,制造,False,27,False
33,68,6.544339,1.2025297,制造,False,36,False
33,69,7.6692452,1.9577196,互联网,False,28,False
33,70,7.047018,0.40257064,制造,False,34,False
33,71,0.21544711,0.30995008,金融,False,89,False
33,72,7.5161,1.920824,金融,False,30,False
33,73,1.0363661,0.4576895,教育,False,81,False
33,74,4.374222,0.37496898,金融,False,50,False
33,75,3.47183,0.8206749,制造,False,53,False
33,76,0.054131467,0.12707421,金融,False,97,False
33,77,0.2542572,0.3230228,金融,False,88,False
33,78,6.1159153,0.9353638,互联网,False,38,False
33,79,1.4839071,0.48262453,教育,False,73,False
33,80,0.16702645,0.3363147,金融,False,94,False
33,81,1.7426265,0.6862416,制造,False,70,False
33,82,0.18224591,0.9553421,互联网,False,92,False
33,83,0.19797146,0.4742543,互联网,False,90,False
33,84,11.450328,2.241543,互联网,False,21,False
33,85,0.017588956,0.060431253,教育,False,98,False
33,86,5.1861186,1.3598491,互联网,False,44,False
33,87,2.3972137,0.7155541,金融,False,63,False
33,88,2.6798878,0.9994739,教育,False,59,False
33,89,2.34876,0.5606663,金融,False,64,False
33,90,0.17040816,0.3541862,教育,False,93,False
33,91,17.003807,6.304365,教育,False,17,False
33,92,3.4033434,1.0234073,金融,False,55,False
33,93,0.0,0.2,制造,True,100,False
33,94,5.6237206,0.93320227,金融,False,42,False
33,95,0.061481845,0.17204727,制造,False,96,False
33,96,2.9213178,1.0204186,教育,False,57,False
33,97,3.4969838,0.5531482,教育,False,52,False
33,98,48.36559,4.4235115,教育,False,8,False
33,99,5.851796,1.3384137,互联网,False,40,False
34,0,1.5976576,0.6075174,互联网,False,72,False
34,1,0.70924276,0.97855103,制造,False,85,False
34,2,0.8857276,0.24275732,金融,False,82,False
34,3,63.063175,1.8623283,金融,False,6,False
34,4,110.429756,8.253443,制造,False,2,False
34,5,3.7236466,0.95529234,金融,False,52,False
34,6,1.7538472,0.5549499,金融,False,71,False
34,7,53.309223,2.9558518,金融,False,7,False
34,8,0.0,0.2,互联网,True,99,False
34,9,98.56613,8.813278,金融,False,3,False
34,10,90.55469,10.828069,互联网,False,4,False
34,11,0.181309,0.40832344,教育,False,92,False
34,12,33.219707,4.643409,互联网,False,10,False
34,13,2.5121157,0.8677996,互联网,False,62,False
34,14,1.9088352,2.2256396,制造,False,67,False
34,15,7.278444,0.6960975,金融,False,33,False
34,16,4.553266,0.51878136,教育,False,50,False
34,17,1.8823632,1.5859952,教育,False,68,False
34,18,1.1152523,1.6637172,互联网,False,77,False
34,19,5.424764,1.085095,金融,False,42,False
34,20,8.9633875,0.7580932,金融,False,25,False
34,21,20.171694,3.8366761,教育,False,16,False
34,22,1.0582198,0.25657764,互联网,False,80,False
34,23,18.221838,4.244968,教育,False,17,False
34,24,1.1115134,0.71673965,互联网,False,78,False
34,25,1.8429927,0.47165412,教育,False,69,False
34,26,15.796159,4.7143774,互联网,False,18,False
34,27,2.3270464,0.36765242,教育,False,64,False
34,28,1.0967265,0.21382757,金融,False,79,False
34,29,22.133436,3.5375054,互联网,False,12,False
34,30,2.7700512,0.46755713,金融,False,58,False
34,31,0.78595996,0.20876181,金融,False,83,False
34,32,10.162217,0.49377507,制造,False,22,False
34,33,70.4039,4.554561,教育,False,5,False
34,34,2.3223464,0.5996139,教育,False,65,False
34,35,1.3084543,1.1975527,互联网,False,76,False
34,36,5.331961,1.307164,教育,False,43,False
34,37,9.293851,19.258055,互联网,False,24,False
34,38,1.391371,2.3028674,教育,False,74,False
34,39,7.406725,1.392861,教育,False,32,False
34,40,0.7104798,0.33524075,制造,False,84,False
34,41,2.6878319,0.671113,金融,False,60,False
34,42,6.9973397,2.3098035,互联网,False,36,False
34,43,5.8567796,0.7981612,教育,False,41,False
34,44,4.6730876,2.1477194,互联网,False,48,False
34,45,30.402962,3.3458662,互联网,False,11,False
34,46,2.2107143,0.8015451,制造,False,66,False
34,47,5.178927,1.5163068,教育,False,45,False
34,48,4.917494,0.4496606,互联网,False,47,False
34,49,41.547157,5.953372,教育,False,9,False
34,50,1.3857437,0.37309933,教育,False,75,False
34,51,9.481396,0.57719976,金融,False,23,False
34,52,8.549736,1.4344143,金融,False,28,False
34,53,20.399485,2.5763314,教育,False,15,False
34,54,21.73631,1.592582,金融,False,13,False
34,55,229.38655,58.868202,互联网,False,1,False
34,56,0.64691305,1.1902435,教育,False,86,False
34,57,6.648822,2.9038928,教育,False,37,False
34,58,0.5116675,0.112818755,金融,False,87,False
34,59,8.367274,4.294058,互联网,False,29,False
34,60,3.4069471,0.62511295,金融,False,55,False
34,61,6.0707097,1.455305,互联网,False,40,False
34,62,14.447166,4.4551306,互联网,False,19,False
34,63,0.120509334,0.25766957,制造,False,95,False
34,64,8.849528,2.479442,互联网,False,27,False
34,65,4.6287556,1.5566754,教育,False,49,False
34,66,12.299095,1.5042129,金融,False,21,False
34,67,8.898903,1.758432,制造,False,26,False
34,68,7.106851,0.7406691,制造,False,35,False
34,69,7.8345513,1.8997526,互联网,False,30,False
34,70,7.484798,1.2798796,制造,False,31,False
34,71,0.23227067,0.59573317,金融,False,90,False
34,72,7.1176157,2.1576376,金融,False,34,False
34,73,1.0526583,0.5184777,教育,False,81,False
34,74,4.53839,0.38665095,金融,False,51,False
34,75,3.4877057,0.6454669,制造,False,54,False
34,76,0.056942057,0.12725255,金融,False,97,False
34,77,0.26674673,0.31574133,金融,False,88,False
34,78,6.2804255,0.67574084,互联网,False,39,False
34,79,1.5670096,0.2981855,教育,False,73,False
34,80,0.17759931,0.3935525,金融,False,93,False
34,81,1.7615945,0.79578614,制造,False,70,False
34,82,0.18952863,0.3895274,互联网,False,91,False
34,83,0.24121086,1.0669304,互联网,False,89,False
34,84,12.906622,2.817691,互联网,False,20,False
34,85,0.017344303,0.043873563,教育,False,98,False
34,86,5.1146936,0.9864597,互联网,False,46,False
34,87,2.4605165,0.6653858,金融,False,63,False
34,88,2.7659373,0.65707064,教育,False,59,False
34,89,2.5357456,0.66298336,金融,False,61,False
34,90,0.17004798,0.26905933,教育,False,94,False
34,91,20.581242,4.449985,教育,False,14,False
34,92,2.9153996,1.1474319,金融,False,56,False
34,93,0.0,0.2,制造,True,100,False
34,94,5.329659,0.7395816,金融,False,44,False
34,95,0.064983405,0.15088224,制造,False,96,False
34,96,2.8051283,0.8091925,教育,False,57,False
34,97,3.570375,0.82354534,教育,False,53,False
34,98,52.56842,6.069563,教育,False,8,False
34,99,6.5096273,0.5048064,互联网,False,38,False
35,0,1.6746963,0.6432893,互联网,False,72,False
35,1,0.76284426,0.99872214,制造,False,84,False
35,2,0.89787096,0.25336298,金融,False,82,False
35,3,61.509655,2.813861,金融,False,8,False
35,4,118.21189,9.266086,制造,False,2,False
35,5,3.754101,0.4799079,金融,False,52,False
35,6,1.7474885,0.50098646,金融,False,70,False
35,7,62.541126,4.443974,金融,False,6,False
35,8,0.0,0.2,互联网,True,99,False
35,9,103.47807,15.224888,金融,False,3,False
35,10,94.101776,10.995857,互联网,False,4,False
35,11,0.17609063,0.23227014,教育,False,93,False
35,12,35.549404,4.514754,互联网,False,10,False
35,13,2.727603,0.9482318,互联网,False,58,False
35,14,2.0410929,1.9555428,制造,False,67,False
35,15,7.4708166,0.33928862,金融,False,33,False
35,16,4.6357474,0.59373486,教育,False,51,False
35,17,1.7624629,1.646262,教育,False,69,False
35,18,1.1460683,1.3559564,互联网,False,77,False
35,19,5.66173,1.2292875,金融,False,43,False
35,20,9.072343,0.8725116,金融,False,28,False
35,21,20.618862,2.929213,教育,False,17,False
35,22,1.0372213,0.3543718,互联网,False,80,False
35,23,20.91456,4.168865,教育,False,16,False
35,24,1.1417817,0.5002023,互联网,False,78,False
35,25,1.7847792,0.37713647,教育,False,68,False
35,26,18.052414,5.168424,互联网,False,18,False
35,27,2.325163,0.82228416,教育,False,65,False
35,28,1.0002569,0.13279893,金融,False,81,False
35,29,22.090586,2.5235128,互联网,False,13,False
35,30,2.6436298,0.4730367,金融,False,59,False
35,31,0.79933125,0.16437486,金融,False,83,False
35,32,10.264361,1.040065,制造,False,22,False
35,33,72.83049,3.3902109,教育,False,5,False
35,34,2.2755098,0.22977352,教育,False,66,False
35,35,1.302246,1.3904883,互联网,False,75,False
35,36,5.766587,0.9665622,教育,False,42,False
35,37,9.545811,20.889318,互联网,False,25,False
35,38,1.2880323,1.6853112,教育,False,76,False
35,39,7.5140214,1.5254097,教育,False,32,False
35,40,0.76259845,0.5312429,制造,False,85,False
35,41,2.5887,0.43035737,金融,False,62,False
35,42,7.0030794,2.132354,互联网,False,37,False
35,43,5.8679495,1.0308096,教育,False,41,False
35,44,5.1420875,3.5966938,互联网,False,47,False
35,45,29.686043,2.228101,互联网,False,11,False
35,46,2.375653,1.0164343,制造,False,64,False
35,47,5.6082788,1.0324467,教育,False,44,False
35,48,5.0655327,0.5534269,互联网,False,48,False
35,49,45.78234,3.9119291,教育,False,9,False
35,50,1.4482577,0.197529,教育,False,74,False
35,51,10.2583065,1.2058344,金融,False,23,False
35,52,9.167709,1.4446033,金融,False,26,False
35,53,21.313072,1.6795092,教育,False,15,False
35,54,23.271065,1.3268918,金融,False,12,False
35,55,236.0002,65.86851,互联网,False,1,False
35,56,0.48904237,1.2165457,教育,False,87,False
35,57,7.2517724,1.4183202,教育,False,35,False
35,58,0.5304365,0.05266612,金融,False,86,False
35,59,9.807213,3.4935694,互联网,False,24,False
35,60,3.6442792,0.6529734,金融,False,54,False
35,61,6.130694,1.1954515,互联网,False,39,False
35,62,14.556221,3.474546,互联网,False,19,False
35,63,0.12675266,0.15700115,制造,False,95,False
35,64,8.089565,3.2756402,互联网,False,30,False
35,65,4.939957,0.8427091,教育,False,50,False
35,66,12.530647,1.296972,金融,False,21,False
35,67,9.123421,1.7942953,制造,False,27,False
35,68,7.5338874,0.9346043,制造,False,31,False
35,69,8.57494,2.7182584,互联网,False,29,False
35,70,7.291122,1.8828695,制造,False,34,False
35,71,0.24939707,0.57608384,金融,False,89,False
35,72,7.1998377,2.1916933,金融,False,36,False
35,73,1.0493735,0.46673077,教育,False,79,False
35,74,4.958255,0.5146051,金融,False,49,False
35,75,3.533631,0.7355331,制造,False,55,False
35,76,0.05976232,0.1258595,金融,False,97,False
35,77,0.28520632,0.39769146,金融,False,88,False
35,78,5.954134,0.86572903,互联网,False,40,False
35,79,1.6127014,0.61450094,教育,False,73,False
35,80,0.18087141,0.3834462,金融,False,92,False
35,81,1.7201183,0.7659714,制造,False,71,False
35,82,0.19734234,0.72308856,互联网,False,91,False
35,83,0.24112938,0.5966398,互联网,False,90,False
35,84,13.67186,2.524468,互联网,False,20,False
35,85,0.018111713,0.029561916,教育,False,98,False
35,86,5.2960405,1.4649503,互联网,False,46,False
35,87,2.4313984,0.5792902,金融,False,63,False
35,88,2.7915497,0.5872253,教育,False,56,False
35,89,2.7838354,0.671936,金融,False,57,False
35,90,0.16957556,0.1989566,教育,False,94,False
35,91,21.951672,4.93278,教育,False,14,False
35,92,2.610389,0.7965943,金融,False,60,False
35,93,0.0,0.2,制造,True,100,False
35,94,5.5619073,1.0064131,金融,False,45,False
35,95,0.07075086,0.19151343,制造,False,96,False
35,96,2.5896306,1.1033853,教育,False,61,False
35,97,3.6629767,0.9159778,教育,False,53,False
35,98,61.659317,8.931147,教育,False,7,False
35,99,6.9928765,1.153546,互联网,False,38,False
36,0,1.6456517,0.7301423,互联网,False,72,False
36,1,0.7695984,1.0081,制造,False,85,False
36,2,0.9432944,0.27485147,金融,False,82,False
36,3,69.13111,2.0026057,金融,False,8,False
36,4,116.194756,5.414337,制造,False,2,False
36,5,3.9825885,0.57862824,金融,False,52,False
36,6,1.6910748,0.42734328,金融,False,71,False
36,7,70.67905,2.7838788,金融,False,7,False
36,8,0.0,0.2,互联网,True,99,False
36,9,104.81769,11.225498,金融,False,3,False
36,10,100.50137,7.218966,互联网,False,4,False
36,11,0.18963015,0.29073614,教育,False,92,False
36,12,40.270603,5.4718676,互联网,False,10,False
36,13,2.7308486,0.8030638,互联网,False,60,False
36,14,2.1937006,2.6182742,制造,False,66,False
36,15,7.3986254,0.33274898,金融,False,35,False
36,16,4.7328568,0.47392595,教育,False,51,False
36,17,2.0595164,1.2100723,教育,False,68,False
36,18,0.948597,1.5420758,互联网,False,81,False
36,19,6.078556,0.5132542,金融,False,42,False
36,20,9.315883,1.0104996,金融,False,28,False
36,21,21.040531,2.633031,教育,False,16,False
36,22,1.0104781,0.23801161,互联网,False,79,False
36,23,20.347933,4.8044124,教育,False,17,False
36,24,1.1326292,0.63886267,互联网,False,77,False
36,25,1.8632804,0.5343514,教育,False,69,False
36,26,17.66157,4.846769,互联网,False,18,False
36,27,2.44011,0.7217321,教育,False,64,False
36,28,1.0012022,0.24350183,金融,False,80,False
36,29,22.971113,2.1755967,互联网,False,14,False
36,30,2.7417974,0.52596766,金融,False,59,False
36,31,0.8902871,0.19073796,金融,False,83,False
36,32,10.365266,0.6179952,制造,False,24,False
36,33,83.50293,3.1974776,教育,False,5,False
36,34,2.2427099,0.21636711,教育,False,65,False
36,35,1.5530336,1.1411726,互联网,False,74,False
36,36,6.205003,1.0847142,教育,False,40,False
36,37,10.449175,16.066069,互联网,False,23,False
36,38,1.5342807,1.1634374,教育,False,75,False
36,39,7.463769,1.5873139,教育,False,33,False
36,40,0.79817396,0.5108613,制造,False,84,False
36,41,2.122287,0.7821365,金融,False,67,False
36,42,7.3116007,2.374424,互联网,False,36,False
36,43,6.1770496,1.5436704,教育,False,41,False
36,44,5.3016286,6.573941,互联网,False,48,False
36,45,30.294245,2.2994926,互联网,False,11,False
36,46,2.6260252,0.9405723,制造,False,63,False
36,47,5.456108,0.83097875,教育,False,47,False
36,48,5.0900493,0.62853825,互联网,False,50,False
36,49,47.849144,5.0712647,教育,False,9,False
36,50,1.4240316,0.33769673,教育,False,76,False
36,51,11.069342,0.96196055,金融,False,22,False
36,52,10.318289,1.3755938,金融,False,25,False
36,53,22.231096,1.3774495,教育,False,15,False
36,54,24.143675,1.1860573,金融,False,12,False
36,55,253.8725,61.809322,互联网,False,1,False
36,56,0.5204363,1.6988018,教育,False,86,False
36,57,7.137,1.7421587,教育,False,38,False
36,58,0.51914537,0.09046626,金融,False,87,False
36,59,9.661092,1.9672829,互联网,False,27,False
36,60,3.7915668,0.44594,金融,False,54,False
36,61,6.215761,1.687308,互联网,False,39,False
36,62,16.124704,2.8962042,互联网,False,19,False
36,63,0.1281563,0.14776471,制造,False,95,False
36,64,8.737603,2.648392,互联网,False,29,False
36,65,5.514637,1.4031787,教育,False,45,False
36,66,13.259161,0.9635578,金融,False,21,False
36,67,9.861582,2.1632965,制造,False,26,False
36,68,7.909739,0.7216744,制造,False,31,False
36,69,8.242848,2.5427487,互联网,False,30,False
36,70,7.7287917,1.5290916,制造,False,32,False
36,71,0.26126683,0.30693352,金融,False,89,False
36,72,7.463295,2.2833445,金融,False,34,False
36,73,1.0117785,1.1841396,教育,False,78,False
36,74,5.151806,0.2507448,金融,False,49,False
36,75,3.570132,0.61256737,制造,False,55,False
36,76,0.06140799,0.13285214,金融,False,97,False
36,77,0.29592067,0.6002527,金融,False,88,False
36,78,5.8123007,0.8837493,互联网,False,44,False
36,79,1.6258888,0.34289172,教育,False,73,False
36,80,0.14489718,0.20300344,金融,False,94,False
36,81,1.8577294,1.0991688,制造,False,70,False
36,82,0.20012957,0.5666206,互联网,False,91,False
36,83,0.24107465,0.50164765,互联网,False,90,False
36,84,16.020044,2.2788253,互联网,False,20,False
36,85,0.019136794,0.07035362,教育,False,98,False
36,86,5.5064654,1.3304615,互联网,False,46,False
36,87,2.6981463,0.69237083,金融,False,61,False
36,88,2.8968751,0.51440835,教育,False,57,False
36,89,3.024874,0.8253833,金融,False,56,False
36,90,0.1741261,0.31518623,教育,False,93,False
36,91,23.98464,3.7514024,教育,False,13,False
36,92,2.630453,0.6363426,金融,False,62,False
36,93,0.0,0.2,制造,True,100,False
36,94,5.99461,0.9725625,金融,False,43,False
36,95,0.073900916,0.17999072,制造,False,96,False
36,96,2.7629387,0.83461756,教育,False,58,False
36,97,3.8435676,0.7693177,教育,False,53,False
36,98,73.66485,9.218922,教育,False,6,False
36,99,7.2483964,1.5567095,互联网,False,37,False
37,0,1.6263874,0.5701415,互联网,False,73,False
37,1,0.75618553,0.6795079,制造,False,85,False
37,2,0.9191075,0.17326698,金融,False,82,False
37,3,64.086395,3.4591784,金融,False,8,False
37,4,130.6463,6.0160823,制造,False,2,False
37,5,4.184381,0.82388055,金融,False,52,False
37,6,1.687131,0.7077448,金融,False,71,False
37,7,83.31148,2.1767426,金融,False,6,False
37,8,0.0,0.2,互联网,True,99,False
37,9,92.5228,1.5132753,金融,False,4,False
37,10,101.31584,12.65682,互联网,False,3,False
37,11,0.19332641,0.32758886,教育,False,92,False
37,12,36.68154,7.1776342,互联网,False,10,False
37,13,2.8769066,0.53727436,互联网,False,59,False
37,14,2.3593512,2.839162,制造,False,65,False
37,15,7.4030294,0.34051782,金融,False,35,False
37,16,5.014959,0.5369989,教育,False,50,False
37,17,1.9445425,1.3345152,教育,False,70,False
37,18,0.9256906,1.1690865,互联网,False,81,False
37,19,6.414473,0.74375665,金融,False,41,False
37,20,9.614919,0.8718602,金融,False,28,False
37,21,20.566784,3.7771766,教育,False,17,False
37,22,1.1009401,0.29912877,互联网,False,78,False
37,23,21.937668,4.636825,教育,False,16,False
37,24,1.1581827,0.5212374,互联网,False,77,False
37,25,1.965232,0.96026474,教育,False,68,False
37,26,19.34827,4.5680056,互联网,False,18,False
37,27,2.523074,0.59861815,教育,False,64,False
37,28,0.99800044,0.16186748,金融,False,79,False
37,29,23.994265,2.7065952,互联网,False,14,False
37,30,2.7245936,0.3929054,金融,False,62,False
37,31,0.8477095,0.23554814,金融,False,84,False
37,32,10.460009,0.6001806,制造,False,24,False
37,33,84.47305,2.871404,教育,False,5,False
37,34,2.2048545,0.38692653,教育,False,67,False
37,35,1.6397705,1.4301946,互联网,False,72,False
37,36,6.463988,1.4649208,教育,False,39,False
37,37,10.412882,13.336129,互联网,False,25,False
37,38,1.564206,1.583652,教育,False,75,False
37,39,7.524657,1.4026761,教育,False,34,False
37,40,0.8668341,0.5201031,制造,False,83,False
37,41,2.3266664,3.559567,金融,False,66,False
37,42,7.8079515,1.7794001,互联网,False,33,False
37,43,6.232185,1.057442,教育,False,42,False
37,44,5.8317447,2.8473814,互联网,False,45,False
37,45,36.36068,3.8078682,互联网,False,11,False
37,46,2.7008529,0.6596238,制造,False,63,False
37,47,5.78524,1.0047847,教育,False,46,False
37,48,5.3631945,0.49236175,互联网,False,49,False
37,49,49.29542,4.9914894,教育,False,9,False
37,50,1.4371322,0.36338252,教育,False,76,False
37,51,10.954497,0.9310961,金融,False,23,False
37,52,11.512487,1.7385814,金融,False,22,False
37,53,23.835493,2.7660975,教育,False,15,False
37,54,25.594898,1.6931572,金融,False,13,False
37,55,278.8986,62.81935,互联网,False,1,False
37,56,0.54709613,1.9228182,教育,False,86,False
37,57,7.3284197,2.7069168,教育,False,36,False
37,58,0.52938056,0.09260594,金融,False,87,False
37,59,9.992894,3.6738462,互联网,False,27,False
37,60,3.8228943,0.54565716,金融,False,54,False
37,61,6.461301,2.8185806,互联网,False,40,False
37,62,16.341368,2.6578376,互联网,False,19,False
37,63,0.12845062,0.11985295,制造,False,94,False
37,64,8.7001295,1.8837897,互联网,False,29,False
37,65,4.913013,1.4069792,教育,False,51,False
37,66,14.534365,0.972909,金融,False,21,False
37,67,10.089885,1.5654615,制造,False,26,False
37,68,8.106204,0.4841308,制造,False,32,False
37,69,8.580792,2.0082915,互联网,False,30,False
37,70,8.147635,1.906703,制造,False,31,False
37,71,0.29193574,0.53830904,金融,False,89,False
37,72,7.25462,1.7371972,金融,False,37,False
37,73,0.9782124,0.52818835,教育,False,80,False
37,74,5.4708796,0.44711468,金融,False,48,False
37,75,3.752559,0.40698406,制造,False,55,False
37,76,0.06411993,0.13257086,金融,False,97,False
37,77,0.32485873,0.5194836,金融,False,88,False
37,78,5.7461367,1.0317748,互联网,False,47,False
37,79,1.6188426,0.4852822,教育,False,74,False
37,80,0.117231496,0.23623708,金融,False,95,False
37,81,1.9514558,0.7994452,制造,False,69,False
37,82,0.21245414,0.6687632,互联网,False,91,False
37,83,0.24430941,0.56536347,互联网,False,90,False
37,84,15.114833,3.4128356,互联网,False,20,False
37,85,0.020403976,0.06856904,教育,False,98,False
37,86,5.907841,1.8928543,互联网,False,44,False
37,87,2.7650936,0.8728949,金融,False,61,False
37,88,2.946843,0.6455004,教育,False,57,False
37,89,3.1151776,0.66438067,金融,False,56,False
37,90,0.17743136,0.32558453,教育,False,93,False
37,91,26.209526,3.0767798,教育,False,12,False
37,92,2.7818165,0.4141092,金融,False,60,False
37,93,0.0,0.2,制造,True,100,False
37,94,6.1956034,0.93898374,金融,False,43,False
37,95,0.07831017,0.2625121,制造,False,96,False
37,96,2.8968153,0.8630768,教育,False,58,False
37,97,4.13319,0.80050933,教育,False,53,False
37,98,73.76349,8.655242,教育,False,7,False
37,99,6.8842773,1.9712591,互联网,False,38,False
38,0,1.7096876,0.7072082,互联网,False,72,False
38,1,0.7960229,1.1130263,制造,False,85,False
38,2,0.9310457,0.30663705,金融,False,82,False
38,3,74.742386,2.9092376,金融,False,8,False
38,4,134.18529,6.8493934,制造,False,2,False
38,5,4.0831966,0.66717,金融,False,53,False
38,6,1.5856688,0.44053352,金融,False,75,False
38,7,79.203026,2.4422114,金融,False,7,False
38,8,0.0,0.2,互联网,True,99,False
38,9,104.024155,10.019372,金融,False,3,False
38,10,94.46076,10.710893,互联网,False,5,False
38,11,0.19706866,0.26755863,教育,False,92,False
38,12,38.28955,5.1415043,互联网,False,10,False
38,13,2.9206626,0.7462167,互联网,False,59,False
38,14,2.636967,2.281672,制造,False,64,False
38,15,7.4759364,0.46109793,金融,False,36,False
38,16,5.2566056,0.8146954,教育,False,49,False
38,17,2.058124,1.6625502,教育,False,69,False
38,18,1.0577441,1.7236637,互联网,False,79,False
38,19,6.6253633,0.78457594,金融,False,40,False
38,20,9.789353,0.70996237,金融,False,28,False
38,21,22.519674,2.307017,教育,False,16,False
38,22,1.0676118,0.4781901,互联网,False,78,False
38,23,21.998695,5.962934,教育,False,17,False
38,24,1.1786658,0.42751366,互联网,False,77,False
38,25,2.1313407,0.8498541,教育,False,68,False
38,26,20.388737,2.781894,互联网,False,18,False
38,27,2.6642985,0.3650189,教育,False,62,False
38,28,0.9796897,0.18686484,金融,False,80,False
38,29,24.913025,3.5827348,互联网,False,13,False
38,30,2.925032,0.58287346,金融,False,58,False
38,31,0.8820881,0.24411365,金融,False,84,False
38,32,10.761768,0.4402297,制造,False,24,False
38,33,98.59217,5.088461,教育,False,4,False
38,34,2.199678,0.57998383,教育,False,67,False
38,35,1.8126554,1.7578561,互联网,False,71,False
38,36,6.546381,1.5131333,教育,False,41,False
38,37,9.969503,14.701433,互联网,False,27,False
38,38,1.6884027,2.5556054,教育,False,73,False
38,39,8.194815,1.0750073,教育,False,32,False
38,40,0.9014804,0.33905113,制造,False,83,False
38,41,2.3130524,0.57735527,金融,False,66,False
38,42,7.6980157,1.4083008,互联网,False,34,False
38,43,6.880097,2.2157483,教育,False,38,False
38,44,6.217528,2.8965154,互联网,False,44,False
38,45,37.172287,2.4609275,互联网,False,11,False
38,46,2.6509466,0.6682631,制造,False,63,False
38,47,5.7498374,0.8812925,教育,False,46,False
38,48,5.312083,0.6011018,互联网,False,48,False
38,49,52.016506,6.797997,教育,False,9,False
38,50,1.5014281,0.5479146,教育,False,76,False
38,51,11.457831,1.1624534,金融,False,23,False
38,52,11.910284,1.8491622,金融,False,22,False
38,53,23.634863,3.1135812,教育,False,15,False
38,54,27.941063,1.5545604,金融,False,12,False
38,55,302.35754,37.749565,互联网,False,1,False
38,56,0.6290679,1.1912483,教育,False,86,False
38,57,6.8618674,2.8172984,教育,False,39,False
38,58,0.53719413,0.070028454,金融,False,87,False
38,59,10.139438,3.4823997,互联网,False,26,False
38,60,3.8953488,0.4637405,金融,False,55,False
38,61,6.5144286,1.1469386,互联网,False,42,False
38,62,12.473248,1.9728242,互联网,False,21,False
38,63,0.1298361,0.16984291,制造,False,94,False
38,64,8.431413,2.7021346,互联网,False,31,False
38,65,4.359158,1.8832072,教育,False,51,False
38,66,15.311952,1.4124818,金融,False,20,False
38,67,10.185373,0.9673274,制造,False,25,False
38,68,8.174796,1.0546023,制造,False,33,False
38,69,8.453696,3.1655374,互联网,False,30,False
38,70,8.85174,0.8297442,制造,False,29,False
38,71,0.3030316,0.41489044,金融,False,89,False
38,72,7.572528,3.0456398,金融,False,35,False
38,73,0.9645396,0.7161479,教育,False,81,False
38,74,5.6025095,0.6093556,金融,False,47,False
38,75,3.9848177,0.710249,制造,False,54,False
38,76,0.06679706,0.13848472,金融,False,97,False
38,77,0.3759555,0.62620157,金融,False,88,False
38,78,4.4935193,0.55652773,互联网,False,50,False
38,79,1.6346686,0.33822632,教育,False,74,False
38,80,0.11620349,0.28014705,金融,False,95,False
38,81,1.9883945,1.1864481,制造,False,70,False
38,82,0.22815725,0.6443136,互联网,False,91,False
38,83,0.27542013,0.74639225,互联网,False,90,False
38,84,15.633846,3.3795013,互联网,False,19,False
38,85,0.02120922,0.062069446,教育,False,98,False
38,86,6.009827,1.4444925,互联网,False,45,False
38,87,2.6755881,0.9170654,金融,False,61,False
38,88,3.0614455,0.59021485,教育,False,57,False
38,89,3.1767886,0.8294869,金融,False,56,False
38,90,0.19006254,0.33524778,教育,False,93,False
38,91,24.657911,3.8684075,教育,False,14,False
38,92,2.367842,0.98208225,金融,False,65,False
38,93,0.0,0.2,制造,True,100,False
38,94,6.2288833,0.80925083,金融,False,43,False
38,95,0.08067279,0.24636549,制造,False,96,False
38,96,2.7401583,0.7335284,教育,False,60,False
38,97,4.325504,0.79934716,教育,False,52,False
38,98,79.87137,9.648926,教育,False,6,False
38,99,7.281555,1.1380438,互联网,False,37,False
39,0,1.7855043,0.5427383,互联网,False,73,False
39,1,0.79296386,0.9977504,制造,False,85,False
39,2,0.956717,0.14085019,金融,False,83,False
39,3,73.23932,4.1068606,金融,False,8,False
39,4,128.84248,5.735627,制造,False,2,False
39,5,4.0181274,0.32679063,金融,False,54,False
39,6,1.5828452,0.5756037,金融,False,75,False
39,7,77.39239,3.1121233,金融,False,7,False
39,8,0.0,0.2,互联网,True,99,False
39,9,112.61476,7.2239075,金融,False,3,False
39,10,106.127014,9.220921,互联网,False,5,False
39,11,0.19512555,0.2580409,教育,False,93,False
39,12,41.136837,5.2428017,互联网,False,10,False
39,13,3.040844,0.81757337,互联网,False,60,False
39,14,3.1488717,2.8599484,制造,False,59,False
39,15,7.992395,0.64334935,金融,False,33,False
39,16,5.8764796,0.53414816,教育,False,47,False
39,17,1.8854777,1.0932614,教育,False,71,False
39,18,1.0963578,0.7008416,互联网,False,78,False
39,19,6.6041956,0.60674214,金融,False,41,False
39,20,9.859532,1.4808587,金融,False,28,False
39,21,22.130913,3.7672842,教育,False,17,False
39,22,1.0963138,0.38144648,互联网,False,79,False
39,23,21.346804,6.8251076,教育,False,18,False
39,24,1.220759,0.4685925,互联网,False,77,False
39,25,2.087987,0.570304,教育,False,69,False
39,26,23.678743,2.9010718,互联网,False,15,False
39,27,2.576946,0.8472136,教育,False,65,False
39,28,0.9626867,0.1270375,金融,False,81,False
39,29,25.650875,2.3758838,互联网,False,13,False
39,30,3.0189898,0.5193774,金融,False,61,False
39,31,0.95534706,0.9394822,金融,False,84,False
39,32,11.129056,0.91006255,制造,False,24,False
39,33,106.997055,5.096837,教育,False,4,False
39,34,2.3064282,0.6025434,教育,False,66,False
39,35,1.9056083,1.1288608,互联网,False,70,False
39,36,6.7493863,1.2786276,教育,False,40,False
39,37,10.584384,16.181463,互联网,False,27,False
39,38,1.8215263,1.9144967,教育,False,72,False
39,39,7.642113,1.5730593,教育,False,35,False
39,40,0.9706362,0.3929526,制造,False,80,False
39,41,2.2513025,0.6882012,金融,False,67,False
39,42,7.566252,1.6139075,互联网,False,36,False
39,43,6.936488,1.224968,教育,False,38,False
39,44,6.319147,1.7923594,互联网,False,44,False
39,45,36.469597,2.4881935,互联网,False,11,False
39,46,2.649633,1.6097679,制造,False,64,False
39,47,5.5496125,0.9870725,教育,False,48,False
39,48,5.3761034,0.3360093,互联网,False,49,False
39,49,58.909683,5.7982273,教育,False,9,False
39,50,1.507766,0.665542,教育,False,76,False
39,51,12.2907915,1.254077,金融,False,22,False
39,52,11.004483,1.5676613,金融,False,25,False
39,53,24.118343,2.1896586,教育,False,14,False
39,54,27.407478,1.276456,金融,False,12,False
39,55,287.87827,50.16621,互联网,False,1,False
39,56,0.73328936,2.2519846,教育,False,86,False
39,57,6.8678317,2.648768,教育,False,39,False
39,58,0.54015976,0.046762694,金融,False,87,False
39,59,11.235532,3.316226,互联网,False,23,False
39,60,3.9609783,0.49613327,金融,False,55,False
39,61,6.235888,0.3919048,互联网,False,45,False
39,62,14.250119,2.1829853,互联网,False,21,False
39,63,0.13070588,0.11942463,制造,False,94,False
39,64,8.301128,2.0171516,互联网,False,32,False
39,65,4.4720297,2.2963595,教育,False,50,False
39,66,16.582502,2.1908517,金融,False,20,False
39,67,10.59348,1.7093021,制造,False,26,False
39,68,8.51932,0.57218987,制造,False,31,False
39,69,8.78244,0.91701937,互联网,False,30,False
39,70,9.845896,2.6633003,制造,False,29,False
39,71,0.2712988,0.2768065,金融,False,89,False
39,72,7.646352,2.3344278,金融,False,34,False
39,73,0.9610149,0.79512817,教育,False,82,False
39,74,5.88027,0.30705348,金融,False,46,False
39,75,4.2038994,1.097224,制造,False,53,False
39,76,0.06831572,0.05828797,金融,False,97,False
39,77,0.40625054,0.5008644,金融,False,88,False
39,78,4.2850847,0.69593835,互联网,False,52,False
39,79,1.648234,0.7283026,教育,False,74,False
39,80,0.12328053,0.33472997,金融,False,95,False
39,81,2.1654406,1.6621549,制造,False,68,False
39,82,0.2450355,0.46283603,互联网,False,91,False
39,83,0.26814684,0.4114498,互联网,False,90,False
39,84,16.89457,1.8838587,互联网,False,19,False
39,85,0.023330845,0.08944988,教育,False,98,False
39,86,6.424497,0.923615,互联网,False,43,False
39,87,3.1847472,0.72166735,金融,False,58,False
39,88,3.1847882,0.83307767,教育,False,57,False
39,89,3.2800374,0.95262015,金融,False,56,False
39,90,0.19660003,0.30790198,教育,False,92,False
39,91,23.61044,4.215421,教育,False,16,False
39,92,2.676907,0.95784986,金融,False,63,False
39,93,0.0,0.2,制造,True,100,False
39,94,6.425332,0.7035593,金融,False,42,False
39,95,0.093440756,0.8643537,制造,False,96,False
39,96,2.8797283,1.0993922,教育,False,62,False
39,97,4.32849,0.6225231,教育,False,51,False
39,98,98.32281,11.557513,教育,False,6,False
39,99,7.5474772,0.9095578,互联网,False,37,False
40,0,1.8426503,0.5494209,互联网,False,69,False
40,1,0.8228088,0.9321394,制造,False,81,False
40,2,0.2301609,0.21067274,金融,False,86,True
40,3,68.95359,3.9321604,教育,False,8,True
40,4,115.88476,7.2720947,制造,False,2,False
40,5,3.233537,0.11839289,土木,False,56,True
40,6,0.48236516,1.0536567,教育,False,83,True
40,7,79.38571,3.2803702,金融,False,7,True
40,8,0.0,0.2,互联网,True,93,False
40,9,112.47113,21.7799,制造,False,3,True
40,10,104.78786,6.790043,互联网,False,4,False
40,11,0.20007996,0.2633164,教育,False,88,False
40,12,31.250872,3.8117406,互联网,False,11,False
40,13,3.30064,0.37930936,互联网,False,55,False
40,14,3.2120545,2.66532,制造,False,57,False
40,15,8.340441,0.6266689,互联网,False,32,True
40,16,6.265596,0.8069325,教育,False,43,False
40,17,1.9670571,1.4799404,教育,False,67,False
40,18,1.1565495,0.9461192,互联网,False,77,False
40,19,5.765587,0.18118124,土木,False,45,True
40,20,9.981298,1.7776031,互联网,False,29,True
40,21,25.496563,4.8507547,教育,False,15,False
40,22,0.99653643,0.19160263,互联网,False,80,False
40,23,21.822687,7.282241,教育,False,18,False
40,24,1.2402893,0.33430627,互联网,False,76,False
40,25,2.1389432,0.761583,教育,False,65,False
40,26,24.599653,4.9621563,互联网,False,17,False
40,27,2.603266,0.8763622,教育,False,62,False
40,28,0.17793845,0.29830423,制造,False,89,True
40,29,27.226048,1.9988306,互联网,False,12,False
40,30,2.4200897,1.6368195,制造,False,63,True
40,31,0.0,0.56773186,互联网,False,94,True
40,32,11.921462,1.7695808,制造,False,22,False
40,33,104.37947,2.7391958,教育,False,5,False
40,34,2.2995417,0.47966117,教育,False,64,False
40,35,1.9302924,1.3051598,互联网,False,68,False
40,36,6.8280463,1.8444054,教育,False,37,False
40,37,11.519871,11.598227,互联网,False,24,False
40,38,2.0389888,1.8728778,教育,False,66,False
40,39,7.1577277,1.3148916,教育,False,35,False
40,40,1.0856172,0.61867493,制造,False,78,False
40,41,1.5188674,0.58268654,金融,False,74,True
40,42,5.745941,1.9202588,互联网,False,46,False
40,43,6.729478,0.92014205,教育,False,38,False
40,44,7.0729713,1.3464653,互联网,False,36,False
40,45,38.692726,2.12023,互联网,False,10,False
40,46,2.831313,1.2418905,制造,False,60,False
40,47,6.0699925,0.9261733,教育,False,44,False
40,48,5.3460064,0.2743287,互联网,False,48,False
40,49,61.65782,4.0958714,教育,False,9,False
40,50,1.4648111,0.27696198,教育,False,75,False
40,51,11.23941,0.1940254,土木,False,25,True
40,52,11.756075,4.074838,互联网,False,23,True
40,53,25.310814,2.1668112,教育,False,16,False
40,54,26.840569,0.39947012,土木,False,13,True
40,55,296.93845,34.070034,互联网,False,1,False
40,56,0.763096,1.3820889,教育,False,82,False
40,57,6.55959,4.2942553,教育,False,41,False
40,58,0.0,0.18210445,教育,True,95,True
40,59,10.939658,3.284424,互联网,False,26,False
40,60,3.1824477,0.36864328,金融,False,58,True
40,61,6.3106847,1.3191857,互联网,False,42,False
40,62,13.872961,1.733327,互联网,False,21,False
40,63,0.13736424,0.28755924,制造,False,90,False
40,64,9.145234,2.0737445,互联网,False,30,False
40,65,5.274515,1.1900107,教育,False,50,False
40,66,15.132112,2.106779,制造,False,20,True
40,67,10.803454,1.8633754,制造,False,27,False
40,68,8.70337,1.1593603,制造,False,31,False
40,69,8.313732,1.2343538,互联网,False,33,False
40,70,10.2837925,1.3675674,制造,False,28,False
40,71,0.0,0.76228565,教育,True,96,True
40,72,6.7281923,3.8523152,制造,False,39,True
40,73,1.0175428,0.7758853,教育,False,79,False
40,74,5.3324356,0.52009314,金融,False,49,True
40,75,4.43115,0.64875257,制造,False,52,False
40,76,0.0,0.13349494,金融,True,97,True
40,77,0.0,1.2263829,教育,True,98,True
40,78,4.1079316,0.7903632,互联网,False,53,False
40,79,1.6656244,0.57613283,教育,False,72,False
40,80,0.0,0.7226749,制造,False,99,True
40,81,1.7556835,1.2076911,制造,False,70,False
40,82,0.25028032,0.5408313,互联网,False,85,False
40,83,0.27922264,0.30617672,互联网,False,84,False
40,84,16.831327,3.3817642,互联网,False,19,False
40,85,0.023907332,0.064738326,教育,False,92,False
40,86,6.692936,1.3525169,互联网,False,40,False
40,87,1.7423803,2.0951872,制造,False,71,True
40,88,3.3391516,1.2679118,教育,False,54,False
40,89,2.671269,1.3615725,制造,False,61,True
40,90,0.22227763,0.62284416,教育,False,87,False
40,91,25.748226,6.009125,教育,False,14,False
40,92,1.5423455,1.5207497,教育,False,73,True
40,93,0.0,0.2,制造,True,100,False
40,94,5.7382994,0.7202232,土木,False,47,True
40,95,0.09803712,0.26281503,制造,False,91,False
40,96,2.930984,1.0092155,教育,False,59,False
40,97,4.671527,0.88893443,教育,False,51,False
40,98,93.006516,6.7076526,教育,False,6,False
40,99,8.052936,0.56594956,互联网,False,34,False
